2025-12-13 19:52:26 | INFO     | mcp_server_odoo.http_server:lifespan:701 - Starting Odoo MCP HTTP Server...
2025-12-13 19:52:26 | INFO     | mcp_server_odoo.services.cache_service:__init__:34 - Cache service initialized - enabled: True, TTL: 300s, max_size: 1000
2025-12-13 19:52:26 | INFO     | mcp_server_odoo.services.odoo_service:__init__:60 - Odoo service initialized for http://localhost:8069/samayainv (version=18.0, endpoint_mode=xmlrpc2)
2025-12-13 19:52:26 | DEBUG    | mcp_server_odoo.services.cache_service:get:81 - Cache miss: auth:admin:samayainv
2025-12-13 19:52:26 | INFO     | mcp_server_odoo.services.odoo_service:authenticate:208 - Authenticating with Odoo...
2025-12-13 19:52:26 | WARNING  | mcp_server_odoo.http_server:lifespan:708 - Odoo connection test failed: [Errno 111] Connection refused
2025-12-13 19:56:37 | DEBUG    | mcp_server_odoo.services.cache_service:get:81 - Cache miss: auth:admin:samayainv
2025-12-13 19:56:37 | INFO     | mcp_server_odoo.services.odoo_service:authenticate:208 - Authenticating with Odoo...
2025-12-13 19:57:04 | INFO     | mcp_server_odoo.http_server:mcp_endpoint:803 - MCP request: tools/call (streaming: False)
2025-12-13 19:57:04 | INFO     | mcp_server_odoo.http_server:call_tool:364 - Tool called: search_records with arguments: {'model': 'res.partner', 'domain': []}
2025-12-13 19:57:04 | INFO     | mcp_server_odoo.http_server:call_tool:432 - Searching records in res.partner with domain: []
2025-12-13 19:57:04 | DEBUG    | mcp_server_odoo.services.cache_service:get:81 - Cache miss: model_list
2025-12-13 19:57:04 | DEBUG    | mcp_server_odoo.services.cache_service:get:81 - Cache miss: fields_get|ir.model|None|None
2025-12-13 19:57:04 | DEBUG    | mcp_server_odoo.services.cache_service:get:81 - Cache miss: auth:admin:samayainv
2025-12-13 19:57:04 | INFO     | mcp_server_odoo.services.odoo_service:authenticate:208 - Authenticating with Odoo...
2025-12-13 19:57:04 | ERROR    | mcp_server_odoo.http_server:call_tool:606 - Error handling tool search_records: [Errno 111] Connection refused
2025-12-13 20:01:17 | INFO     | mcp_server_odoo.http_server:mcp_endpoint:803 - MCP request: tools/call (streaming: False)
2025-12-13 20:01:17 | INFO     | mcp_server_odoo.http_server:call_tool:364 - Tool called: search_records with arguments: {'model': 'res.partner', 'domain': [], 'fields': ['name', 'phone', 'mobile'], 'limit': 10, 'order': 'id desc'}
2025-12-13 20:01:17 | INFO     | mcp_server_odoo.http_server:call_tool:432 - Searching records in res.partner with domain: []
2025-12-13 20:01:17 | DEBUG    | mcp_server_odoo.services.cache_service:get:81 - Cache miss: model_list
2025-12-13 20:01:17 | DEBUG    | mcp_server_odoo.services.cache_service:get:81 - Cache miss: fields_get|ir.model|None|None
2025-12-13 20:01:17 | DEBUG    | mcp_server_odoo.services.cache_service:get:81 - Cache miss: auth:admin:samayainv
2025-12-13 20:01:17 | INFO     | mcp_server_odoo.services.odoo_service:authenticate:208 - Authenticating with Odoo...
2025-12-13 20:01:17 | ERROR    | mcp_server_odoo.http_server:call_tool:606 - Error handling tool search_records: [Errno 111] Connection refused
2025-12-13 20:04:20 | INFO     | mcp_server_odoo.http_server:lifespan:712 - Shutting down Odoo MCP HTTP Server...
2025-12-13 20:07:35 | INFO     | mcp_server_odoo.http_server:lifespan:701 - Starting Odoo MCP HTTP Server...
2025-12-13 20:07:35 | INFO     | mcp_server_odoo.services.cache_service:__init__:34 - Cache service initialized - enabled: True, TTL: 300s, max_size: 1000
2025-12-13 20:07:35 | INFO     | mcp_server_odoo.services.odoo_service:__init__:60 - Odoo service initialized for http://localhost:8069/samayainv (version=18.0, endpoint_mode=xmlrpc)
2025-12-13 20:07:35 | DEBUG    | mcp_server_odoo.services.cache_service:get:81 - Cache miss: auth:admin:samayainv
2025-12-13 20:07:35 | INFO     | mcp_server_odoo.services.odoo_service:authenticate:208 - Authenticating with Odoo...
2025-12-13 20:07:35 | WARNING  | mcp_server_odoo.http_server:lifespan:708 - Odoo connection test failed: [Errno 111] Connection refused
2025-12-13 20:07:48 | DEBUG    | mcp_server_odoo.services.cache_service:get:81 - Cache miss: auth:admin:samayainv
2025-12-13 20:07:48 | INFO     | mcp_server_odoo.services.odoo_service:authenticate:208 - Authenticating with Odoo...
2025-12-13 20:07:55 | INFO     | mcp_server_odoo.http_server:mcp_endpoint:803 - MCP request: tools/call (streaming: False)
2025-12-13 20:07:55 | INFO     | mcp_server_odoo.http_server:call_tool:364 - Tool called: search_records with arguments: {'model': 'res.partner', 'domain': [], 'fields': ['name', 'phone', 'mobile'], 'limit': 10, 'order': 'id desc'}
2025-12-13 20:07:55 | INFO     | mcp_server_odoo.http_server:call_tool:432 - Searching records in res.partner with domain: []
2025-12-13 20:07:55 | DEBUG    | mcp_server_odoo.services.cache_service:get:81 - Cache miss: model_list
2025-12-13 20:07:55 | DEBUG    | mcp_server_odoo.services.cache_service:get:81 - Cache miss: fields_get|ir.model|None|None
2025-12-13 20:07:55 | DEBUG    | mcp_server_odoo.services.cache_service:get:81 - Cache miss: auth:admin:samayainv
2025-12-13 20:07:55 | INFO     | mcp_server_odoo.services.odoo_service:authenticate:208 - Authenticating with Odoo...
2025-12-13 20:07:55 | ERROR    | mcp_server_odoo.http_server:call_tool:606 - Error handling tool search_records: [Errno 111] Connection refused
2025-12-13 20:09:45 | INFO     | mcp_server_odoo.http_server:lifespan:712 - Shutting down Odoo MCP HTTP Server...
2025-12-13 20:09:46 | INFO     | mcp_server_odoo.http_server:lifespan:701 - Starting Odoo MCP HTTP Server...
2025-12-13 20:09:46 | INFO     | mcp_server_odoo.services.cache_service:__init__:34 - Cache service initialized - enabled: True, TTL: 300s, max_size: 1000
2025-12-13 20:09:46 | INFO     | mcp_server_odoo.services.odoo_service:__init__:60 - Odoo service initialized for http://host.docker.internal:8069/samayainv (version=18.0, endpoint_mode=xmlrpc)
2025-12-13 20:09:46 | DEBUG    | mcp_server_odoo.services.cache_service:get:81 - Cache miss: auth:admin:samayainv
2025-12-13 20:09:46 | INFO     | mcp_server_odoo.services.odoo_service:authenticate:208 - Authenticating with Odoo...
2025-12-13 20:09:46 | DEBUG    | mcp_server_odoo.services.cache_service:set:105 - Cache set: auth:admin:samayainv (TTL: 3600s)
2025-12-13 20:09:46 | INFO     | mcp_server_odoo.services.odoo_service:authenticate:229 - Authentication successful, user ID: 2
2025-12-13 20:09:46 | INFO     | mcp_server_odoo.http_server:lifespan:706 - Odoo connection test successful
2025-12-13 20:15:54 | INFO     | mcp_server_odoo.http_server:lifespan:712 - Shutting down Odoo MCP HTTP Server...
2025-12-13 20:29:36 | INFO     | mcp_server_odoo.http_server:lifespan:701 - Starting Odoo MCP HTTP Server...
2025-12-13 20:29:36 | INFO     | mcp_server_odoo.services.cache_service:__init__:34 - Cache service initialized - enabled: True, TTL: 300s, max_size: 1000
2025-12-13 20:29:36 | INFO     | mcp_server_odoo.services.odoo_service:__init__:60 - Odoo service initialized for http://host.docker.internal:8069/samayainv (version=18.0, endpoint_mode=xmlrpc)
2025-12-13 20:29:36 | DEBUG    | mcp_server_odoo.services.cache_service:get:81 - Cache miss: auth:admin:samayainv
2025-12-13 20:29:36 | INFO     | mcp_server_odoo.services.odoo_service:authenticate:208 - Authenticating with Odoo...
2025-12-13 20:29:36 | DEBUG    | mcp_server_odoo.services.cache_service:set:105 - Cache set: auth:admin:samayainv (TTL: 3600s)
2025-12-13 20:29:36 | INFO     | mcp_server_odoo.services.odoo_service:authenticate:229 - Authentication successful, user ID: 2
2025-12-13 20:29:36 | INFO     | mcp_server_odoo.http_server:lifespan:706 - Odoo connection test successful
2025-12-13 20:33:34 | INFO     | mcp_server_odoo.http_server:mcp_endpoint:803 - MCP request: tools/call (streaming: False)
2025-12-13 20:33:34 | INFO     | mcp_server_odoo.http_server:call_tool:364 - Tool called: search_records with arguments: {'model': 'res.partner', 'fields': ['name', 'email'], 'limit': 10}
2025-12-13 20:33:34 | INFO     | mcp_server_odoo.http_server:call_tool:432 - Searching records in res.partner with domain: []
2025-12-13 20:33:34 | DEBUG    | mcp_server_odoo.services.cache_service:get:81 - Cache miss: model_list
2025-12-13 20:33:34 | DEBUG    | mcp_server_odoo.services.cache_service:get:81 - Cache miss: fields_get|ir.model|None|None
2025-12-13 20:33:34 | DEBUG    | mcp_server_odoo.services.odoo_service:execute:243 - Executing ir.model.fields_get with args=(), kwargs={}
2025-12-13 20:33:34 | DEBUG    | mcp_server_odoo.services.odoo_service:execute:255 - Execution successful, result type: <class 'dict'>
2025-12-13 20:33:34 | DEBUG    | mcp_server_odoo.services.cache_service:set:105 - Cache set: fields_get|ir.model|None|None (TTL: 3600s)
2025-12-13 20:33:34 | DEBUG    | mcp_server_odoo.services.cache_service:get:81 - Cache miss: search_read|ir.model|[]|['model', 'name', 'transient']|0|None|None
2025-12-13 20:33:34 | DEBUG    | mcp_server_odoo.services.odoo_service:execute:243 - Executing ir.model.search_read with args=([],), kwargs={'offset': 0, 'fields': ['model', 'name', 'transient']}
2025-12-13 20:33:35 | DEBUG    | mcp_server_odoo.services.odoo_service:execute:255 - Execution successful, result type: <class 'list'>
2025-12-13 20:33:35 | DEBUG    | mcp_server_odoo.services.cache_service:set:105 - Cache set: search_read|ir.model|[]|['model', 'name', 'transient']|0|None|None (TTL: 300s)
2025-12-13 20:33:35 | DEBUG    | mcp_server_odoo.services.cache_service:set:105 - Cache set: model_list (TTL: 3600s)
2025-12-13 20:33:35 | DEBUG    | mcp_server_odoo.services.cache_service:get:89 - Cache hit: model_list
2025-12-13 20:33:35 | DEBUG    | mcp_server_odoo.services.cache_service:get:81 - Cache miss: fields_get|res.partner|None|None
2025-12-13 20:33:35 | DEBUG    | mcp_server_odoo.services.odoo_service:execute:243 - Executing res.partner.fields_get with args=(), kwargs={}
2025-12-13 20:33:35 | DEBUG    | mcp_server_odoo.services.odoo_service:execute:255 - Execution successful, result type: <class 'dict'>
2025-12-13 20:33:35 | DEBUG    | mcp_server_odoo.services.cache_service:set:105 - Cache set: fields_get|res.partner|None|None (TTL: 3600s)
2025-12-13 20:33:35 | DEBUG    | mcp_server_odoo.services.cache_service:get:81 - Cache miss: search_read|res.partner|[]|['name', 'email']|0|10|None
2025-12-13 20:33:35 | DEBUG    | mcp_server_odoo.services.odoo_service:execute:243 - Executing res.partner.search_read with args=([],), kwargs={'offset': 0, 'fields': ['name', 'email'], 'limit': 10}
2025-12-13 20:33:35 | DEBUG    | mcp_server_odoo.services.odoo_service:execute:255 - Execution successful, result type: <class 'list'>
2025-12-13 20:33:35 | DEBUG    | mcp_server_odoo.services.cache_service:set:105 - Cache set: search_read|res.partner|[]|['name', 'email']|0|10|None (TTL: 300s)
2025-12-13 20:33:44 | INFO     | mcp_server_odoo.http_server:mcp_endpoint:803 - MCP request: tools/call (streaming: False)
2025-12-13 20:33:44 | INFO     | mcp_server_odoo.http_server:call_tool:364 - Tool called: search_records with arguments: {'model': 'does.not.exist', 'fields': ['name'], 'limit': 1}
2025-12-13 20:33:44 | INFO     | mcp_server_odoo.http_server:call_tool:432 - Searching records in does.not.exist with domain: []
2025-12-13 20:33:44 | DEBUG    | mcp_server_odoo.services.cache_service:get:89 - Cache hit: model_list
2025-12-13 20:33:44 | ERROR    | mcp_server_odoo.http_server:call_tool:606 - Error handling tool search_records: Unknown model 'does.not.exist'
2025-12-13 20:34:29 | INFO     | mcp_server_odoo.http_server:lifespan:712 - Shutting down Odoo MCP HTTP Server...
2025-12-13 20:34:30 | INFO     | mcp_server_odoo.http_server:lifespan:701 - Starting Odoo MCP HTTP Server...
2025-12-13 20:34:30 | INFO     | mcp_server_odoo.services.cache_service:__init__:34 - Cache service initialized - enabled: True, TTL: 300s, max_size: 1000
2025-12-13 20:34:30 | INFO     | mcp_server_odoo.services.odoo_service:__init__:60 - Odoo service initialized for http://host.docker.internal:8069/samayainv (version=18.0, endpoint_mode=xmlrpc)
2025-12-13 20:34:30 | DEBUG    | mcp_server_odoo.services.cache_service:get:81 - Cache miss: auth:admin:samayainv
2025-12-13 20:34:30 | INFO     | mcp_server_odoo.services.odoo_service:authenticate:208 - Authenticating with Odoo...
2025-12-13 20:34:31 | DEBUG    | mcp_server_odoo.services.cache_service:set:105 - Cache set: auth:admin:samayainv (TTL: 3600s)
2025-12-13 20:34:31 | INFO     | mcp_server_odoo.services.odoo_service:authenticate:229 - Authentication successful, user ID: 2
2025-12-13 20:34:31 | INFO     | mcp_server_odoo.http_server:lifespan:706 - Odoo connection test successful
2025-12-13 20:36:48 | INFO     | mcp_server_odoo.http_server:mcp_endpoint:803 - MCP request: tools/call (streaming: False)
2025-12-13 20:36:48 | INFO     | mcp_server_odoo.http_server:call_tool:364 - Tool called: search_records with arguments: {'model': 'res.partner', 'fields': ['name', 'email'], 'limit': 1000}
2025-12-13 20:36:48 | INFO     | mcp_server_odoo.http_server:call_tool:432 - Searching records in res.partner with domain: []
2025-12-13 20:36:48 | DEBUG    | mcp_server_odoo.services.cache_service:get:81 - Cache miss: model_list
2025-12-13 20:36:48 | DEBUG    | mcp_server_odoo.services.cache_service:get:81 - Cache miss: fields_get|ir.model|None|None
2025-12-13 20:36:48 | DEBUG    | mcp_server_odoo.services.odoo_service:execute:243 - Executing ir.model.fields_get with args=(), kwargs={}
2025-12-13 20:36:48 | DEBUG    | mcp_server_odoo.services.odoo_service:execute:255 - Execution successful, result type: <class 'dict'>
2025-12-13 20:36:48 | DEBUG    | mcp_server_odoo.services.cache_service:set:105 - Cache set: fields_get|ir.model|None|None (TTL: 3600s)
2025-12-13 20:36:48 | DEBUG    | mcp_server_odoo.services.cache_service:get:81 - Cache miss: search_read|ir.model|[]|['model', 'name', 'transient']|0|None|None
2025-12-13 20:36:48 | DEBUG    | mcp_server_odoo.services.odoo_service:execute:243 - Executing ir.model.search_read with args=([],), kwargs={'offset': 0, 'fields': ['model', 'name', 'transient']}
2025-12-13 20:36:48 | DEBUG    | mcp_server_odoo.services.odoo_service:execute:255 - Execution successful, result type: <class 'list'>
2025-12-13 20:36:48 | DEBUG    | mcp_server_odoo.services.cache_service:set:105 - Cache set: search_read|ir.model|[]|['model', 'name', 'transient']|0|None|None (TTL: 300s)
2025-12-13 20:36:48 | DEBUG    | mcp_server_odoo.services.cache_service:set:105 - Cache set: model_list (TTL: 3600s)
2025-12-13 20:36:48 | DEBUG    | mcp_server_odoo.services.cache_service:get:89 - Cache hit: model_list
2025-12-13 20:36:48 | DEBUG    | mcp_server_odoo.services.cache_service:get:81 - Cache miss: fields_get|res.partner|None|None
2025-12-13 20:36:48 | DEBUG    | mcp_server_odoo.services.odoo_service:execute:243 - Executing res.partner.fields_get with args=(), kwargs={}
2025-12-13 20:36:48 | DEBUG    | mcp_server_odoo.services.odoo_service:execute:255 - Execution successful, result type: <class 'dict'>
2025-12-13 20:36:48 | DEBUG    | mcp_server_odoo.services.cache_service:set:105 - Cache set: fields_get|res.partner|None|None (TTL: 3600s)
2025-12-13 20:36:48 | DEBUG    | mcp_server_odoo.services.cache_service:get:81 - Cache miss: search_read|res.partner|[]|['name', 'email']|0|1000|None
2025-12-13 20:36:48 | DEBUG    | mcp_server_odoo.services.odoo_service:execute:243 - Executing res.partner.search_read with args=([],), kwargs={'offset': 0, 'fields': ['name', 'email'], 'limit': 1000}
2025-12-13 20:36:48 | DEBUG    | mcp_server_odoo.services.odoo_service:execute:255 - Execution successful, result type: <class 'list'>
2025-12-13 20:36:48 | DEBUG    | mcp_server_odoo.services.cache_service:set:105 - Cache set: search_read|res.partner|[]|['name', 'email']|0|1000|None (TTL: 300s)
2025-12-13 20:36:58 | ERROR    | mcp_server_odoo.http_server:mcp_endpoint:995 - Error processing MCP request: Expecting ',' delimiter: line 1 column 192 (char 191)
2025-12-13 20:37:18 | INFO     | mcp_server_odoo.http_server:mcp_endpoint:803 - MCP request: tools/call (streaming: False)
2025-12-13 20:37:18 | INFO     | mcp_server_odoo.http_server:call_tool:364 - Tool called: search_count with arguments: {'model': 'account.move', 'domain': [['move_type', '=', 'out_invoice'], ['invoice_date', '>=', '2025-09-14'], ['state', '!=', 'cancel']]}
2025-12-13 20:37:18 | INFO     | mcp_server_odoo.http_server:call_tool:447 - Counting records in account.move with domain: [['move_type', '=', 'out_invoice'], ['invoice_date', '>=', '2025-09-14'], ['state', '!=', 'cancel']]
2025-12-13 20:37:18 | DEBUG    | mcp_server_odoo.services.cache_service:get:89 - Cache hit: model_list
2025-12-13 20:37:18 | DEBUG    | mcp_server_odoo.services.cache_service:get:89 - Cache hit: model_list
2025-12-13 20:37:18 | DEBUG    | mcp_server_odoo.services.cache_service:get:81 - Cache miss: fields_get|account.move|None|None
2025-12-13 20:37:18 | DEBUG    | mcp_server_odoo.services.odoo_service:execute:243 - Executing account.move.fields_get with args=(), kwargs={}
2025-12-13 20:37:18 | DEBUG    | mcp_server_odoo.services.odoo_service:execute:255 - Execution successful, result type: <class 'dict'>
2025-12-13 20:37:18 | DEBUG    | mcp_server_odoo.services.cache_service:set:105 - Cache set: fields_get|account.move|None|None (TTL: 3600s)
2025-12-13 20:37:18 | DEBUG    | mcp_server_odoo.services.cache_service:get:81 - Cache miss: search|account.move|[['move_type', '=', 'out_invoice'], ['invoice_date', '>=', '2025-09-14'], ['state', '!=', 'cancel']]|0|None|None
2025-12-13 20:37:18 | DEBUG    | mcp_server_odoo.services.odoo_service:execute:243 - Executing account.move.search with args=([['move_type', '=', 'out_invoice'], ['invoice_date', '>=', '2025-09-14'], ['state', '!=', 'cancel']],), kwargs={'offset': 0}
2025-12-13 20:37:18 | DEBUG    | mcp_server_odoo.services.odoo_service:execute:255 - Execution successful, result type: <class 'list'>
2025-12-13 20:37:18 | DEBUG    | mcp_server_odoo.services.cache_service:set:105 - Cache set: search|account.move|[['move_type', '=', 'out_invoice'], ['invoice_date', '>=', '2025-09-14'], ['state', '!=', 'cancel']]|0|None|None (TTL: 300s)
2025-12-13 20:40:07 | INFO     | mcp_server_odoo.http_server:mcp_endpoint:803 - MCP request: tools/call (streaming: False)
2025-12-13 20:40:07 | INFO     | mcp_server_odoo.http_server:call_tool:364 - Tool called: list_models with arguments: {'search': 'res.partner', 'transient': False}
2025-12-13 20:40:07 | INFO     | mcp_server_odoo.http_server:call_tool:458 - Listing models (transient: False, search: 'res.partner')
2025-12-13 20:40:07 | DEBUG    | mcp_server_odoo.services.cache_service:get:89 - Cache hit: model_list
2025-12-13 20:40:24 | INFO     | mcp_server_odoo.http_server:mcp_endpoint:803 - MCP request: tools/call (streaming: False)
2025-12-13 20:40:24 | INFO     | mcp_server_odoo.http_server:call_tool:364 - Tool called: get_model_fields with arguments: {'model': 'res.partner', 'fields': ['name', 'email', 'phone'], 'attributes': ['string', 'type', 'required', 'readonly']}
2025-12-13 20:40:24 | INFO     | mcp_server_odoo.http_server:call_tool:494 - Getting fields for model: res.partner
2025-12-13 20:40:24 | DEBUG    | mcp_server_odoo.services.cache_service:get:89 - Cache hit: model_list
2025-12-13 20:40:24 | DEBUG    | mcp_server_odoo.services.cache_service:get:81 - Cache miss: fields_get|res.partner|['name', 'email', 'phone']|['string', 'type', 'required', 'readonly']
2025-12-13 20:40:24 | DEBUG    | mcp_server_odoo.services.odoo_service:execute:243 - Executing res.partner.fields_get with args=(), kwargs={'allfields': ['name', 'email', 'phone'], 'attributes': ['string', 'type', 'required', 'readonly']}
2025-12-13 20:40:24 | DEBUG    | mcp_server_odoo.services.odoo_service:execute:255 - Execution successful, result type: <class 'dict'>
2025-12-13 20:40:24 | DEBUG    | mcp_server_odoo.services.cache_service:set:105 - Cache set: fields_get|res.partner|['name', 'email', 'phone']|['string', 'type', 'required', 'readonly'] (TTL: 3600s)
2025-12-13 20:40:42 | INFO     | mcp_server_odoo.http_server:mcp_endpoint:803 - MCP request: tools/call (streaming: False)
2025-12-13 20:40:42 | INFO     | mcp_server_odoo.http_server:call_tool:364 - Tool called: search_records with arguments: {'model': 'res.partner', 'fields': ['name', 'email', 'phone'], 'limit': 5, 'order': 'id asc'}
2025-12-13 20:40:42 | INFO     | mcp_server_odoo.http_server:call_tool:432 - Searching records in res.partner with domain: []
2025-12-13 20:40:42 | DEBUG    | mcp_server_odoo.services.cache_service:get:89 - Cache hit: model_list
2025-12-13 20:40:42 | DEBUG    | mcp_server_odoo.services.cache_service:get:89 - Cache hit: model_list
2025-12-13 20:40:42 | DEBUG    | mcp_server_odoo.services.cache_service:get:89 - Cache hit: fields_get|res.partner|None|None
2025-12-13 20:40:42 | DEBUG    | mcp_server_odoo.services.cache_service:get:81 - Cache miss: search_read|res.partner|[]|['name', 'email', 'phone']|0|5|id asc
2025-12-13 20:40:42 | DEBUG    | mcp_server_odoo.services.odoo_service:execute:243 - Executing res.partner.search_read with args=([],), kwargs={'offset': 0, 'fields': ['name', 'email', 'phone'], 'limit': 5, 'order': 'id asc'}
2025-12-13 20:40:42 | DEBUG    | mcp_server_odoo.services.odoo_service:execute:255 - Execution successful, result type: <class 'list'>
2025-12-13 20:40:42 | DEBUG    | mcp_server_odoo.services.cache_service:set:105 - Cache set: search_read|res.partner|[]|['name', 'email', 'phone']|0|5|id asc (TTL: 300s)
2025-12-13 20:40:59 | INFO     | mcp_server_odoo.http_server:mcp_endpoint:803 - MCP request: tools/call (streaming: False)
2025-12-13 20:40:59 | INFO     | mcp_server_odoo.http_server:call_tool:364 - Tool called: get_record with arguments: {'model': 'res.partner', 'ids': [3], 'fields': ['name', 'email', 'phone']}
2025-12-13 20:40:59 | INFO     | mcp_server_odoo.http_server:call_tool:399 - Getting 1 record(s) from res.partner
2025-12-13 20:40:59 | DEBUG    | mcp_server_odoo.services.cache_service:get:89 - Cache hit: model_list
2025-12-13 20:40:59 | DEBUG    | mcp_server_odoo.services.cache_service:get:89 - Cache hit: model_list
2025-12-13 20:40:59 | DEBUG    | mcp_server_odoo.services.cache_service:get:89 - Cache hit: fields_get|res.partner|None|None
2025-12-13 20:40:59 | DEBUG    | mcp_server_odoo.services.cache_service:get:81 - Cache miss: read|res.partner|[3]|['name', 'email', 'phone']
2025-12-13 20:40:59 | DEBUG    | mcp_server_odoo.services.odoo_service:execute:243 - Executing res.partner.read with args=([3],), kwargs={'fields': ['name', 'email', 'phone']}
2025-12-13 20:40:59 | DEBUG    | mcp_server_odoo.services.odoo_service:execute:255 - Execution successful, result type: <class 'list'>
2025-12-13 20:40:59 | DEBUG    | mcp_server_odoo.services.cache_service:set:105 - Cache set: read|res.partner|[3]|['name', 'email', 'phone'] (TTL: 300s)
2025-12-13 20:42:32 | INFO     | mcp_server_odoo.http_server:mcp_endpoint:803 - MCP request: tools/call (streaming: False)
2025-12-13 20:42:32 | INFO     | mcp_server_odoo.http_server:call_tool:364 - Tool called: execute_method with arguments: {'model': 'account.move', 'method': 'read_group', 'args': [[['move_type', '=', 'out_invoice'], ['invoice_date', '>=', '2025-11-01'], ['invoice_date', '<=', '2025-11-30'], ['state', '=', 'posted']], ['amount_total'], []], 'kwargs': {'lazy': False}}
2025-12-13 20:42:32 | INFO     | mcp_server_odoo.http_server:call_tool:411 - Executing method 'read_group' on account.move with IDs: []
2025-12-13 20:42:32 | DEBUG    | mcp_server_odoo.services.cache_service:_cleanup_expired:51 - Cleaned up 3 expired cache entries
2025-12-13 20:42:32 | DEBUG    | mcp_server_odoo.services.cache_service:get:89 - Cache hit: model_list
2025-12-13 20:42:32 | DEBUG    | mcp_server_odoo.services.odoo_service:execute:243 - Executing account.move.read_group with args=([['move_type', '=', 'out_invoice'], ['invoice_date', '>=', '2025-11-01'], ['invoice_date', '<=', '2025-11-30'], ['state', '=', 'posted']], ['amount_total'], []), kwargs={'lazy': False}
2025-12-13 20:42:32 | DEBUG    | mcp_server_odoo.services.odoo_service:execute:255 - Execution successful, result type: <class 'list'>
2025-12-13 20:42:55 | INFO     | mcp_server_odoo.http_server:mcp_endpoint:803 - MCP request: tools/call (streaming: False)
2025-12-13 20:42:55 | INFO     | mcp_server_odoo.http_server:call_tool:364 - Tool called: execute_method with arguments: {'model': 'account.move', 'method': 'read_group', 'args': [[['move_type', '=', 'out_invoice'], ['invoice_date', '>=', '2025-11-01'], ['invoice_date', '<=', '2025-11-30'], ['state', '!=', 'cancel']], ['amount_total'], []], 'kwargs': {'lazy': False}}
2025-12-13 20:42:55 | INFO     | mcp_server_odoo.http_server:call_tool:411 - Executing method 'read_group' on account.move with IDs: []
2025-12-13 20:42:55 | DEBUG    | mcp_server_odoo.services.cache_service:get:89 - Cache hit: model_list
2025-12-13 20:42:55 | DEBUG    | mcp_server_odoo.services.odoo_service:execute:243 - Executing account.move.read_group with args=([['move_type', '=', 'out_invoice'], ['invoice_date', '>=', '2025-11-01'], ['invoice_date', '<=', '2025-11-30'], ['state', '!=', 'cancel']], ['amount_total'], []), kwargs={'lazy': False}
2025-12-13 20:42:55 | DEBUG    | mcp_server_odoo.services.odoo_service:execute:255 - Execution successful, result type: <class 'list'>
2025-12-13 20:44:07 | INFO     | mcp_server_odoo.http_server:mcp_endpoint:803 - MCP request: tools/call (streaming: False)
2025-12-13 20:44:07 | INFO     | mcp_server_odoo.http_server:call_tool:364 - Tool called: execute_method with arguments: {'model': 'account.move', 'method': 'read_group', 'args': [[['move_type', '=', 'out_invoice'], ['invoice_date', '>=', '2025-01-01'], ['invoice_date', '<=', '2025-12-13'], ['state', '=', 'posted']], ['amount_total'], []], 'kwargs': {'lazy': False}}
2025-12-13 20:44:07 | INFO     | mcp_server_odoo.http_server:call_tool:411 - Executing method 'read_group' on account.move with IDs: []
2025-12-13 20:44:07 | DEBUG    | mcp_server_odoo.services.cache_service:get:89 - Cache hit: model_list
2025-12-13 20:44:07 | DEBUG    | mcp_server_odoo.services.odoo_service:execute:243 - Executing account.move.read_group with args=([['move_type', '=', 'out_invoice'], ['invoice_date', '>=', '2025-01-01'], ['invoice_date', '<=', '2025-12-13'], ['state', '=', 'posted']], ['amount_total'], []), kwargs={'lazy': False}
2025-12-13 20:44:07 | DEBUG    | mcp_server_odoo.services.odoo_service:execute:255 - Execution successful, result type: <class 'list'>
2025-12-13 20:45:51 | INFO     | mcp_server_odoo.http_server:mcp_endpoint:803 - MCP request: tools/call (streaming: False)
2025-12-13 20:45:51 | INFO     | mcp_server_odoo.http_server:call_tool:364 - Tool called: execute_method with arguments: {'model': 'sale.order', 'method': 'read_group', 'args': [[['state', 'not in', ['cancel']], ['partner_id', '!=', False]], ['partner_id'], ['partner_id']], 'kwargs': {'orderby': '__count desc', 'limit': 1, 'lazy': False}}
2025-12-13 20:45:51 | INFO     | mcp_server_odoo.http_server:call_tool:411 - Executing method 'read_group' on sale.order with IDs: []
2025-12-13 20:45:51 | DEBUG    | mcp_server_odoo.services.cache_service:_cleanup_expired:51 - Cleaned up 1 expired cache entries
2025-12-13 20:45:51 | DEBUG    | mcp_server_odoo.services.cache_service:get:89 - Cache hit: model_list
2025-12-13 20:45:51 | DEBUG    | mcp_server_odoo.services.odoo_service:execute:243 - Executing sale.order.read_group with args=([['state', 'not in', ['cancel']], ['partner_id', '!=', False]], ['partner_id'], ['partner_id']), kwargs={'orderby': '__count desc', 'limit': 1, 'lazy': False}
2025-12-13 20:45:51 | DEBUG    | mcp_server_odoo.services.odoo_service:execute:255 - Execution successful, result type: <class 'list'>
2025-12-13 20:46:02 | INFO     | mcp_server_odoo.http_server:mcp_endpoint:803 - MCP request: tools/call (streaming: False)
2025-12-13 20:46:02 | INFO     | mcp_server_odoo.http_server:call_tool:364 - Tool called: get_record with arguments: {'model': 'res.partner', 'ids': [1908], 'fields': ['name', 'email', 'phone', 'customer_rank', 'supplier_rank']}
2025-12-13 20:46:02 | INFO     | mcp_server_odoo.http_server:call_tool:399 - Getting 1 record(s) from res.partner
2025-12-13 20:46:02 | DEBUG    | mcp_server_odoo.services.cache_service:_cleanup_expired:51 - Cleaned up 1 expired cache entries
2025-12-13 20:46:02 | DEBUG    | mcp_server_odoo.services.cache_service:get:89 - Cache hit: model_list
2025-12-13 20:46:02 | DEBUG    | mcp_server_odoo.services.cache_service:get:89 - Cache hit: model_list
2025-12-13 20:46:02 | DEBUG    | mcp_server_odoo.services.cache_service:get:89 - Cache hit: fields_get|res.partner|None|None
2025-12-13 20:46:02 | DEBUG    | mcp_server_odoo.services.cache_service:get:81 - Cache miss: read|res.partner|[1908]|['name', 'email', 'phone', 'customer_rank', 'supplier_rank']
2025-12-13 20:46:02 | DEBUG    | mcp_server_odoo.services.odoo_service:execute:243 - Executing res.partner.read with args=([1908],), kwargs={'fields': ['name', 'email', 'phone', 'customer_rank', 'supplier_rank']}
2025-12-13 20:46:02 | DEBUG    | mcp_server_odoo.services.odoo_service:execute:255 - Execution successful, result type: <class 'list'>
2025-12-13 20:46:02 | DEBUG    | mcp_server_odoo.services.cache_service:set:105 - Cache set: read|res.partner|[1908]|['name', 'email', 'phone', 'customer_rank', 'supplier_rank'] (TTL: 300s)
2025-12-13 20:46:59 | INFO     | mcp_server_odoo.http_server:mcp_endpoint:803 - MCP request: tools/call (streaming: False)
2025-12-13 20:46:59 | INFO     | mcp_server_odoo.http_server:call_tool:364 - Tool called: execute_method with arguments: {'model': 'purchase.order', 'method': 'read_group', 'args': [[['state', 'not in', ['cancel']], ['partner_id', '!=', False]], ['partner_id'], ['partner_id']], 'kwargs': {'orderby': '__count desc', 'limit': 1, 'lazy': False}}
2025-12-13 20:46:59 | INFO     | mcp_server_odoo.http_server:call_tool:411 - Executing method 'read_group' on purchase.order with IDs: []
2025-12-13 20:46:59 | DEBUG    | mcp_server_odoo.services.cache_service:get:89 - Cache hit: model_list
2025-12-13 20:46:59 | DEBUG    | mcp_server_odoo.services.odoo_service:execute:243 - Executing purchase.order.read_group with args=([['state', 'not in', ['cancel']], ['partner_id', '!=', False]], ['partner_id'], ['partner_id']), kwargs={'orderby': '__count desc', 'limit': 1, 'lazy': False}
2025-12-13 20:46:59 | DEBUG    | mcp_server_odoo.services.odoo_service:execute:255 - Execution successful, result type: <class 'list'>
2025-12-13 20:47:06 | INFO     | mcp_server_odoo.http_server:mcp_endpoint:803 - MCP request: tools/call (streaming: False)
2025-12-13 20:47:06 | INFO     | mcp_server_odoo.http_server:call_tool:364 - Tool called: get_record with arguments: {'model': 'res.partner', 'ids': [5603], 'fields': ['name', 'email', 'phone', 'customer_rank', 'supplier_rank']}
2025-12-13 20:47:06 | INFO     | mcp_server_odoo.http_server:call_tool:399 - Getting 1 record(s) from res.partner
2025-12-13 20:47:06 | DEBUG    | mcp_server_odoo.services.cache_service:get:89 - Cache hit: model_list
2025-12-13 20:47:06 | DEBUG    | mcp_server_odoo.services.cache_service:get:89 - Cache hit: model_list
2025-12-13 20:47:06 | DEBUG    | mcp_server_odoo.services.cache_service:get:89 - Cache hit: fields_get|res.partner|None|None
2025-12-13 20:47:06 | DEBUG    | mcp_server_odoo.services.cache_service:get:81 - Cache miss: read|res.partner|[5603]|['name', 'email', 'phone', 'customer_rank', 'supplier_rank']
2025-12-13 20:47:06 | DEBUG    | mcp_server_odoo.services.odoo_service:execute:243 - Executing res.partner.read with args=([5603],), kwargs={'fields': ['name', 'email', 'phone', 'customer_rank', 'supplier_rank']}
2025-12-13 20:47:06 | DEBUG    | mcp_server_odoo.services.odoo_service:execute:255 - Execution successful, result type: <class 'list'>
2025-12-13 20:47:06 | DEBUG    | mcp_server_odoo.services.cache_service:set:105 - Cache set: read|res.partner|[5603]|['name', 'email', 'phone', 'customer_rank', 'supplier_rank'] (TTL: 300s)
2025-12-13 20:48:03 | INFO     | mcp_server_odoo.http_server:mcp_endpoint:803 - MCP request: tools/call (streaming: False)
2025-12-13 20:48:03 | INFO     | mcp_server_odoo.http_server:call_tool:364 - Tool called: search_count with arguments: {'model': 'hr.employee', 'domain': [['birthday', '=', False]]}
2025-12-13 20:48:03 | INFO     | mcp_server_odoo.http_server:call_tool:447 - Counting records in hr.employee with domain: [['birthday', '=', False]]
2025-12-13 20:48:03 | DEBUG    | mcp_server_odoo.services.cache_service:get:89 - Cache hit: model_list
2025-12-13 20:48:03 | DEBUG    | mcp_server_odoo.services.cache_service:get:89 - Cache hit: model_list
2025-12-13 20:48:03 | DEBUG    | mcp_server_odoo.services.cache_service:get:81 - Cache miss: fields_get|hr.employee|None|None
2025-12-13 20:48:03 | DEBUG    | mcp_server_odoo.services.odoo_service:execute:243 - Executing hr.employee.fields_get with args=(), kwargs={}
2025-12-13 20:48:03 | DEBUG    | mcp_server_odoo.services.odoo_service:execute:255 - Execution successful, result type: <class 'dict'>
2025-12-13 20:48:03 | DEBUG    | mcp_server_odoo.services.cache_service:set:105 - Cache set: fields_get|hr.employee|None|None (TTL: 3600s)
2025-12-13 20:48:03 | DEBUG    | mcp_server_odoo.services.cache_service:get:81 - Cache miss: search|hr.employee|[['birthday', '=', False]]|0|None|None
2025-12-13 20:48:03 | DEBUG    | mcp_server_odoo.services.odoo_service:execute:243 - Executing hr.employee.search with args=([['birthday', '=', False]],), kwargs={'offset': 0}
2025-12-13 20:48:03 | DEBUG    | mcp_server_odoo.services.odoo_service:execute:255 - Execution successful, result type: <class 'list'>
2025-12-13 20:48:03 | DEBUG    | mcp_server_odoo.services.cache_service:set:105 - Cache set: search|hr.employee|[['birthday', '=', False]]|0|None|None (TTL: 300s)
2025-12-13 20:48:40 | INFO     | mcp_server_odoo.http_server:mcp_endpoint:803 - MCP request: tools/call (streaming: False)
2025-12-13 20:48:40 | INFO     | mcp_server_odoo.http_server:call_tool:364 - Tool called: search_count with arguments: {'model': 'hr.employee', 'domain': [['birthday', '<=', '1985-12-13'], ['birthday', '!=', False]]}
2025-12-13 20:48:40 | INFO     | mcp_server_odoo.http_server:call_tool:447 - Counting records in hr.employee with domain: [['birthday', '<=', '1985-12-13'], ['birthday', '!=', False]]
2025-12-13 20:48:40 | DEBUG    | mcp_server_odoo.services.cache_service:get:89 - Cache hit: model_list
2025-12-13 20:48:40 | DEBUG    | mcp_server_odoo.services.cache_service:get:89 - Cache hit: model_list
2025-12-13 20:48:40 | DEBUG    | mcp_server_odoo.services.cache_service:get:89 - Cache hit: fields_get|hr.employee|None|None
2025-12-13 20:48:40 | DEBUG    | mcp_server_odoo.services.cache_service:get:81 - Cache miss: search|hr.employee|[['birthday', '<=', '1985-12-13'], ['birthday', '!=', False]]|0|None|None
2025-12-13 20:48:40 | DEBUG    | mcp_server_odoo.services.odoo_service:execute:243 - Executing hr.employee.search with args=([['birthday', '<=', '1985-12-13'], ['birthday', '!=', False]],), kwargs={'offset': 0}
2025-12-13 20:48:40 | DEBUG    | mcp_server_odoo.services.odoo_service:execute:255 - Execution successful, result type: <class 'list'>
2025-12-13 20:48:40 | DEBUG    | mcp_server_odoo.services.cache_service:set:105 - Cache set: search|hr.employee|[['birthday', '<=', '1985-12-13'], ['birthday', '!=', False]]|0|None|None (TTL: 300s)
2025-12-13 20:49:26 | INFO     | mcp_server_odoo.http_server:mcp_endpoint:803 - MCP request: tools/call (streaming: False)
2025-12-13 20:49:26 | INFO     | mcp_server_odoo.http_server:call_tool:364 - Tool called: search_count with arguments: {'model': 'hr.employee', 'domain': [['birthday', '<=', '1995-12-13'], ['birthday', '!=', False]]}
2025-12-13 20:49:26 | INFO     | mcp_server_odoo.http_server:call_tool:447 - Counting records in hr.employee with domain: [['birthday', '<=', '1995-12-13'], ['birthday', '!=', False]]
2025-12-13 20:49:26 | DEBUG    | mcp_server_odoo.services.cache_service:get:89 - Cache hit: model_list
2025-12-13 20:49:26 | DEBUG    | mcp_server_odoo.services.cache_service:get:89 - Cache hit: model_list
2025-12-13 20:49:26 | DEBUG    | mcp_server_odoo.services.cache_service:get:89 - Cache hit: fields_get|hr.employee|None|None
2025-12-13 20:49:26 | DEBUG    | mcp_server_odoo.services.cache_service:get:81 - Cache miss: search|hr.employee|[['birthday', '<=', '1995-12-13'], ['birthday', '!=', False]]|0|None|None
2025-12-13 20:49:26 | DEBUG    | mcp_server_odoo.services.odoo_service:execute:243 - Executing hr.employee.search with args=([['birthday', '<=', '1995-12-13'], ['birthday', '!=', False]],), kwargs={'offset': 0}
2025-12-13 20:49:26 | DEBUG    | mcp_server_odoo.services.odoo_service:execute:255 - Execution successful, result type: <class 'list'>
2025-12-13 20:49:26 | DEBUG    | mcp_server_odoo.services.cache_service:set:105 - Cache set: search|hr.employee|[['birthday', '<=', '1995-12-13'], ['birthday', '!=', False]]|0|None|None (TTL: 300s)
2025-12-13 20:50:19 | INFO     | mcp_server_odoo.http_server:mcp_endpoint:803 - MCP request: tools/call (streaming: False)
2025-12-13 20:50:19 | INFO     | mcp_server_odoo.http_server:call_tool:364 - Tool called: search_count with arguments: {'model': 'hr.employee', 'domain': [['birthday', '!=', False]]}
2025-12-13 20:50:19 | INFO     | mcp_server_odoo.http_server:call_tool:447 - Counting records in hr.employee with domain: [['birthday', '!=', False]]
2025-12-13 20:50:19 | DEBUG    | mcp_server_odoo.services.cache_service:get:89 - Cache hit: model_list
2025-12-13 20:50:19 | DEBUG    | mcp_server_odoo.services.cache_service:get:89 - Cache hit: model_list
2025-12-13 20:50:19 | DEBUG    | mcp_server_odoo.services.cache_service:get:89 - Cache hit: fields_get|hr.employee|None|None
2025-12-13 20:50:19 | DEBUG    | mcp_server_odoo.services.cache_service:get:81 - Cache miss: search|hr.employee|[['birthday', '!=', False]]|0|None|None
2025-12-13 20:50:19 | DEBUG    | mcp_server_odoo.services.odoo_service:execute:243 - Executing hr.employee.search with args=([['birthday', '!=', False]],), kwargs={'offset': 0}
2025-12-13 20:50:19 | DEBUG    | mcp_server_odoo.services.odoo_service:execute:255 - Execution successful, result type: <class 'list'>
2025-12-13 20:50:19 | DEBUG    | mcp_server_odoo.services.cache_service:set:105 - Cache set: search|hr.employee|[['birthday', '!=', False]]|0|None|None (TTL: 300s)
2025-12-13 20:51:37 | INFO     | mcp_server_odoo.http_server:mcp_endpoint:803 - MCP request: tools/call (streaming: False)
2025-12-13 20:51:37 | INFO     | mcp_server_odoo.http_server:call_tool:364 - Tool called: search_records with arguments: {'model': 'hr.employee', 'fields': ['name', 'birthday'], 'domain': [['birthday', '!=', False]], 'limit': 200, 'order': 'birthday asc'}
2025-12-13 20:51:37 | INFO     | mcp_server_odoo.http_server:call_tool:432 - Searching records in hr.employee with domain: [['birthday', '!=', False]]
2025-12-13 20:51:37 | DEBUG    | mcp_server_odoo.services.cache_service:_cleanup_expired:51 - Cleaned up 1 expired cache entries
2025-12-13 20:51:37 | DEBUG    | mcp_server_odoo.services.cache_service:get:89 - Cache hit: model_list
2025-12-13 20:51:37 | DEBUG    | mcp_server_odoo.services.cache_service:get:89 - Cache hit: model_list
2025-12-13 20:51:37 | DEBUG    | mcp_server_odoo.services.cache_service:get:89 - Cache hit: fields_get|hr.employee|None|None
2025-12-13 20:51:37 | DEBUG    | mcp_server_odoo.services.cache_service:get:89 - Cache hit: model_list
2025-12-13 20:51:37 | DEBUG    | mcp_server_odoo.services.cache_service:get:89 - Cache hit: fields_get|hr.employee|None|None
2025-12-13 20:51:37 | DEBUG    | mcp_server_odoo.services.cache_service:get:81 - Cache miss: search_read|hr.employee|[['birthday', '!=', False]]|['name', 'birthday']|0|200|birthday asc
2025-12-13 20:51:37 | DEBUG    | mcp_server_odoo.services.odoo_service:execute:243 - Executing hr.employee.search_read with args=([['birthday', '!=', False]],), kwargs={'offset': 0, 'fields': ['name', 'birthday'], 'limit': 200, 'order': 'birthday asc'}
2025-12-13 20:51:37 | DEBUG    | mcp_server_odoo.services.odoo_service:execute:255 - Execution successful, result type: <class 'list'>
2025-12-13 20:51:37 | DEBUG    | mcp_server_odoo.services.cache_service:set:105 - Cache set: search_read|hr.employee|[['birthday', '!=', False]]|['name', 'birthday']|0|200|birthday asc (TTL: 300s)
2025-12-13 20:51:51 | INFO     | mcp_server_odoo.http_server:mcp_endpoint:803 - MCP request: tools/call (streaming: False)
2025-12-13 20:51:51 | INFO     | mcp_server_odoo.http_server:call_tool:364 - Tool called: search_records with arguments: {'model': 'hr.employee', 'fields': ['name', 'birthday'], 'domain': [['birthday', '!=', False]], 'limit': 200, 'order': 'birthday asc'}
2025-12-13 20:51:51 | INFO     | mcp_server_odoo.http_server:call_tool:432 - Searching records in hr.employee with domain: [['birthday', '!=', False]]
2025-12-13 20:51:51 | DEBUG    | mcp_server_odoo.services.cache_service:get:89 - Cache hit: model_list
2025-12-13 20:51:51 | DEBUG    | mcp_server_odoo.services.cache_service:get:89 - Cache hit: model_list
2025-12-13 20:51:51 | DEBUG    | mcp_server_odoo.services.cache_service:get:89 - Cache hit: fields_get|hr.employee|None|None
2025-12-13 20:51:51 | DEBUG    | mcp_server_odoo.services.cache_service:get:89 - Cache hit: model_list
2025-12-13 20:51:51 | DEBUG    | mcp_server_odoo.services.cache_service:get:89 - Cache hit: fields_get|hr.employee|None|None
2025-12-13 20:51:51 | DEBUG    | mcp_server_odoo.services.cache_service:get:89 - Cache hit: search_read|hr.employee|[['birthday', '!=', False]]|['name', 'birthday']|0|200|birthday asc
2025-12-13 20:52:09 | INFO     | mcp_server_odoo.http_server:mcp_endpoint:803 - MCP request: tools/call (streaming: False)
2025-12-13 20:52:09 | INFO     | mcp_server_odoo.http_server:call_tool:364 - Tool called: search_records with arguments: {'model': 'hr.employee', 'fields': ['name', 'birthday'], 'domain': [['birthday', '!=', False]], 'limit': 200, 'order': 'birthday asc'}
2025-12-13 20:52:09 | INFO     | mcp_server_odoo.http_server:call_tool:432 - Searching records in hr.employee with domain: [['birthday', '!=', False]]
2025-12-13 20:52:09 | DEBUG    | mcp_server_odoo.services.cache_service:_cleanup_expired:51 - Cleaned up 1 expired cache entries
2025-12-13 20:52:09 | DEBUG    | mcp_server_odoo.services.cache_service:get:89 - Cache hit: model_list
2025-12-13 20:52:09 | DEBUG    | mcp_server_odoo.services.cache_service:get:89 - Cache hit: model_list
2025-12-13 20:52:09 | DEBUG    | mcp_server_odoo.services.cache_service:get:89 - Cache hit: fields_get|hr.employee|None|None
2025-12-13 20:52:09 | DEBUG    | mcp_server_odoo.services.cache_service:get:89 - Cache hit: model_list
2025-12-13 20:52:09 | DEBUG    | mcp_server_odoo.services.cache_service:get:89 - Cache hit: fields_get|hr.employee|None|None
2025-12-13 20:52:09 | DEBUG    | mcp_server_odoo.services.cache_service:get:89 - Cache hit: search_read|hr.employee|[['birthday', '!=', False]]|['name', 'birthday']|0|200|birthday asc
2025-12-13 20:52:23 | INFO     | mcp_server_odoo.http_server:mcp_endpoint:803 - MCP request: tools/call (streaming: False)
2025-12-13 20:52:23 | INFO     | mcp_server_odoo.http_server:call_tool:364 - Tool called: search_records with arguments: {'model': 'hr.employee', 'fields': ['name', 'birthday'], 'domain': [['birthday', '!=', False]], 'limit': 200, 'order': 'birthday asc'}
2025-12-13 20:52:23 | INFO     | mcp_server_odoo.http_server:call_tool:432 - Searching records in hr.employee with domain: [['birthday', '!=', False]]
2025-12-13 20:52:23 | DEBUG    | mcp_server_odoo.services.cache_service:get:89 - Cache hit: model_list
2025-12-13 20:52:23 | DEBUG    | mcp_server_odoo.services.cache_service:get:89 - Cache hit: model_list
2025-12-13 20:52:23 | DEBUG    | mcp_server_odoo.services.cache_service:get:89 - Cache hit: fields_get|hr.employee|None|None
2025-12-13 20:52:23 | DEBUG    | mcp_server_odoo.services.cache_service:get:89 - Cache hit: model_list
2025-12-13 20:52:23 | DEBUG    | mcp_server_odoo.services.cache_service:get:89 - Cache hit: fields_get|hr.employee|None|None
2025-12-13 20:52:23 | DEBUG    | mcp_server_odoo.services.cache_service:get:89 - Cache hit: search_read|hr.employee|[['birthday', '!=', False]]|['name', 'birthday']|0|200|birthday asc
2025-12-13 20:52:37 | INFO     | mcp_server_odoo.http_server:mcp_endpoint:803 - MCP request: tools/call (streaming: False)
2025-12-13 20:52:37 | INFO     | mcp_server_odoo.http_server:call_tool:364 - Tool called: search_records with arguments: {'model': 'hr.employee', 'fields': ['name', 'birthday'], 'domain': [['birthday', '!=', False]], 'limit': 200, 'order': 'birthday asc'}
2025-12-13 20:52:37 | INFO     | mcp_server_odoo.http_server:call_tool:432 - Searching records in hr.employee with domain: [['birthday', '!=', False]]
2025-12-13 20:52:37 | DEBUG    | mcp_server_odoo.services.cache_service:get:89 - Cache hit: model_list
2025-12-13 20:52:37 | DEBUG    | mcp_server_odoo.services.cache_service:get:89 - Cache hit: model_list
2025-12-13 20:52:37 | DEBUG    | mcp_server_odoo.services.cache_service:get:89 - Cache hit: fields_get|hr.employee|None|None
2025-12-13 20:52:37 | DEBUG    | mcp_server_odoo.services.cache_service:get:89 - Cache hit: model_list
2025-12-13 20:52:37 | DEBUG    | mcp_server_odoo.services.cache_service:get:89 - Cache hit: fields_get|hr.employee|None|None
2025-12-13 20:52:37 | DEBUG    | mcp_server_odoo.services.cache_service:get:89 - Cache hit: search_read|hr.employee|[['birthday', '!=', False]]|['name', 'birthday']|0|200|birthday asc
2025-12-13 21:10:34 | INFO     | mcp_server_odoo.http_server:lifespan:712 - Shutting down Odoo MCP HTTP Server...
2025-12-13 21:10:35 | INFO     | mcp_server_odoo.http_server:lifespan:727 - Starting Odoo MCP HTTP Server...
2025-12-13 21:10:35 | INFO     | mcp_server_odoo.services.cache_service:__init__:34 - Cache service initialized - enabled: True, TTL: 300s, max_size: 1000
2025-12-13 21:10:35 | INFO     | mcp_server_odoo.services.odoo_service:__init__:61 - Odoo service initialized for http://host.docker.internal:8069/samayainv (version=18.0, endpoint_mode=xmlrpc)
2025-12-13 21:10:35 | DEBUG    | mcp_server_odoo.services.cache_service:get:81 - Cache miss: auth:admin:samayainv
2025-12-13 21:10:35 | INFO     | mcp_server_odoo.services.odoo_service:authenticate:228 - Authenticating with Odoo...
2025-12-13 21:10:35 | DEBUG    | mcp_server_odoo.services.cache_service:set:105 - Cache set: auth:admin:samayainv (TTL: 3600s)
2025-12-13 21:10:35 | INFO     | mcp_server_odoo.services.odoo_service:authenticate:249 - Authentication successful, user ID: 2
2025-12-13 21:10:35 | INFO     | mcp_server_odoo.http_server:lifespan:732 - Odoo connection test successful
2025-12-13 21:15:05 | INFO     | mcp_server_odoo.http_server:mcp_endpoint:829 - MCP request: tools/call (streaming: False)
2025-12-13 21:15:05 | INFO     | mcp_server_odoo.http_server:call_tool:364 - Tool called: search_records with arguments: {'model': 'res.partner', 'fields': ['name'], 'limit': 3, 'order': 'id asc'}
2025-12-13 21:15:05 | INFO     | mcp_server_odoo.http_server:call_tool:456 - Searching records in res.partner with domain: []
2025-12-13 21:15:05 | DEBUG    | mcp_server_odoo.services.cache_service:get:81 - Cache miss: model_list
2025-12-13 21:15:05 | DEBUG    | mcp_server_odoo.services.cache_service:get:81 - Cache miss: fields_get|ir.model|None|None
2025-12-13 21:15:05 | DEBUG    | mcp_server_odoo.services.odoo_service:execute:263 - Executing ir.model.fields_get with args=(), kwargs={}
2025-12-13 21:15:05 | DEBUG    | mcp_server_odoo.services.odoo_service:execute:275 - Execution successful, result type: <class 'dict'>
2025-12-13 21:15:05 | DEBUG    | mcp_server_odoo.services.cache_service:set:105 - Cache set: fields_get|ir.model|None|None (TTL: 3600s)
2025-12-13 21:15:05 | DEBUG    | mcp_server_odoo.services.cache_service:get:81 - Cache miss: search_read|ir.model|[]|['model', 'name', 'transient']|0|None|None
2025-12-13 21:15:05 | DEBUG    | mcp_server_odoo.services.odoo_service:execute:263 - Executing ir.model.search_read with args=([],), kwargs={'offset': 0, 'fields': ['model', 'name', 'transient']}
2025-12-13 21:15:05 | DEBUG    | mcp_server_odoo.services.odoo_service:execute:275 - Execution successful, result type: <class 'list'>
2025-12-13 21:15:05 | DEBUG    | mcp_server_odoo.services.cache_service:set:105 - Cache set: search_read|ir.model|[]|['model', 'name', 'transient']|0|None|None (TTL: 300s)
2025-12-13 21:15:05 | DEBUG    | mcp_server_odoo.services.cache_service:set:105 - Cache set: model_list (TTL: 3600s)
2025-12-13 21:15:05 | DEBUG    | mcp_server_odoo.services.cache_service:get:89 - Cache hit: model_list
2025-12-13 21:15:05 | DEBUG    | mcp_server_odoo.services.cache_service:get:81 - Cache miss: fields_get|res.partner|None|None
2025-12-13 21:15:05 | DEBUG    | mcp_server_odoo.services.odoo_service:execute:263 - Executing res.partner.fields_get with args=(), kwargs={}
2025-12-13 21:15:05 | DEBUG    | mcp_server_odoo.services.odoo_service:execute:275 - Execution successful, result type: <class 'dict'>
2025-12-13 21:15:05 | DEBUG    | mcp_server_odoo.services.cache_service:set:105 - Cache set: fields_get|res.partner|None|None (TTL: 3600s)
2025-12-13 21:15:05 | DEBUG    | mcp_server_odoo.services.cache_service:get:81 - Cache miss: search_read|res.partner|[]|['name']|0|3|id asc
2025-12-13 21:15:05 | DEBUG    | mcp_server_odoo.services.odoo_service:execute:263 - Executing res.partner.search_read with args=([],), kwargs={'offset': 0, 'fields': ['name'], 'limit': 3, 'order': 'id asc'}
2025-12-13 21:15:05 | DEBUG    | mcp_server_odoo.services.odoo_service:execute:275 - Execution successful, result type: <class 'list'>
2025-12-13 21:15:05 | DEBUG    | mcp_server_odoo.services.cache_service:set:105 - Cache set: search_read|res.partner|[]|['name']|0|3|id asc (TTL: 300s)
2025-12-13 21:15:50 | INFO     | mcp_server_odoo.http_server:mcp_endpoint:829 - MCP request: tools/call (streaming: False)
2025-12-13 21:15:50 | INFO     | mcp_server_odoo.http_server:call_tool:364 - Tool called: search_records with arguments: {'model': 'hr.employee', 'fields': ['name', 'birthday'], 'domain': [['birthday', '!=', False]], 'limit': 200, 'order': 'birthday asc'}
2025-12-13 21:15:50 | INFO     | mcp_server_odoo.http_server:call_tool:456 - Searching records in hr.employee with domain: [['birthday', '!=', False]]
2025-12-13 21:15:50 | DEBUG    | mcp_server_odoo.services.cache_service:get:89 - Cache hit: model_list
2025-12-13 21:15:50 | DEBUG    | mcp_server_odoo.services.cache_service:get:89 - Cache hit: model_list
2025-12-13 21:15:50 | DEBUG    | mcp_server_odoo.services.cache_service:get:81 - Cache miss: fields_get|hr.employee|None|None
2025-12-13 21:15:50 | DEBUG    | mcp_server_odoo.services.odoo_service:execute:263 - Executing hr.employee.fields_get with args=(), kwargs={}
2025-12-13 21:15:50 | DEBUG    | mcp_server_odoo.services.odoo_service:execute:275 - Execution successful, result type: <class 'dict'>
2025-12-13 21:15:50 | DEBUG    | mcp_server_odoo.services.cache_service:set:105 - Cache set: fields_get|hr.employee|None|None (TTL: 3600s)
2025-12-13 21:15:50 | DEBUG    | mcp_server_odoo.services.cache_service:get:89 - Cache hit: model_list
2025-12-13 21:15:50 | DEBUG    | mcp_server_odoo.services.cache_service:get:89 - Cache hit: fields_get|hr.employee|None|None
2025-12-13 21:15:50 | DEBUG    | mcp_server_odoo.services.cache_service:get:81 - Cache miss: search_read|hr.employee|[['birthday', '!=', False]]|['name', 'birthday']|0|200|birthday asc
2025-12-13 21:15:50 | DEBUG    | mcp_server_odoo.services.odoo_service:execute:263 - Executing hr.employee.search_read with args=([['birthday', '!=', False]],), kwargs={'offset': 0, 'fields': ['name', 'birthday'], 'limit': 200, 'order': 'birthday asc'}
2025-12-13 21:15:50 | DEBUG    | mcp_server_odoo.services.odoo_service:execute:275 - Execution successful, result type: <class 'list'>
2025-12-13 21:15:50 | DEBUG    | mcp_server_odoo.services.cache_service:set:105 - Cache set: search_read|hr.employee|[['birthday', '!=', False]]|['name', 'birthday']|0|200|birthday asc (TTL: 300s)
2025-12-13 21:16:07 | INFO     | mcp_server_odoo.http_server:mcp_endpoint:829 - MCP request: tools/call (streaming: False)
2025-12-13 21:16:07 | INFO     | mcp_server_odoo.http_server:call_tool:364 - Tool called: search_records with arguments: {'model': 'hr.employee', 'fields': ['name', 'birthday'], 'domain': [['birthday', '!=', False]], 'limit': 200, 'order': 'birthday asc'}
2025-12-13 21:16:07 | INFO     | mcp_server_odoo.http_server:call_tool:456 - Searching records in hr.employee with domain: [['birthday', '!=', False]]
2025-12-13 21:16:07 | DEBUG    | mcp_server_odoo.services.cache_service:get:89 - Cache hit: model_list
2025-12-13 21:16:07 | DEBUG    | mcp_server_odoo.services.cache_service:get:89 - Cache hit: model_list
2025-12-13 21:16:07 | DEBUG    | mcp_server_odoo.services.cache_service:get:89 - Cache hit: fields_get|hr.employee|None|None
2025-12-13 21:16:07 | DEBUG    | mcp_server_odoo.services.cache_service:get:89 - Cache hit: model_list
2025-12-13 21:16:07 | DEBUG    | mcp_server_odoo.services.cache_service:get:89 - Cache hit: fields_get|hr.employee|None|None
2025-12-13 21:16:07 | DEBUG    | mcp_server_odoo.services.cache_service:get:89 - Cache hit: search_read|hr.employee|[['birthday', '!=', False]]|['name', 'birthday']|0|200|birthday asc
2025-12-13 21:17:43 | INFO     | mcp_server_odoo.http_server:mcp_endpoint:829 - MCP request: tools/call (streaming: False)
2025-12-13 21:17:43 | INFO     | mcp_server_odoo.http_server:call_tool:364 - Tool called: search_records with arguments: {'model': 'account.move', 'fields': ['name', 'amount_total', 'move_type'], 'domain': [['move_type', 'in', ['out_invoice', 'in_invoice', 'out_refund', 'in_refund']], ['state', '!=', 'cancel']], 'limit': 200, 'offset': 0, 'order': 'id asc'}
2025-12-13 21:17:43 | INFO     | mcp_server_odoo.http_server:call_tool:456 - Searching records in account.move with domain: [['move_type', 'in', ['out_invoice', 'in_invoice', 'out_refund', 'in_refund']], ['state', '!=', 'cancel']]
2025-12-13 21:17:43 | DEBUG    | mcp_server_odoo.services.cache_service:get:89 - Cache hit: model_list
2025-12-13 21:17:43 | DEBUG    | mcp_server_odoo.services.cache_service:get:89 - Cache hit: model_list
2025-12-13 21:17:43 | DEBUG    | mcp_server_odoo.services.cache_service:get:81 - Cache miss: fields_get|account.move|None|None
2025-12-13 21:17:43 | DEBUG    | mcp_server_odoo.services.odoo_service:execute:263 - Executing account.move.fields_get with args=(), kwargs={}
2025-12-13 21:17:43 | DEBUG    | mcp_server_odoo.services.odoo_service:execute:275 - Execution successful, result type: <class 'dict'>
2025-12-13 21:17:43 | DEBUG    | mcp_server_odoo.services.cache_service:set:105 - Cache set: fields_get|account.move|None|None (TTL: 3600s)
2025-12-13 21:17:43 | DEBUG    | mcp_server_odoo.services.cache_service:get:89 - Cache hit: model_list
2025-12-13 21:17:43 | DEBUG    | mcp_server_odoo.services.cache_service:get:89 - Cache hit: fields_get|account.move|None|None
2025-12-13 21:17:43 | DEBUG    | mcp_server_odoo.services.cache_service:get:81 - Cache miss: search_read|account.move|[['move_type', 'in', ['out_invoice', 'in_invoice', 'out_refund', 'in_refund']], ['state', '!=', 'cancel']]|['name', 'amount_total', 'move_type']|0|200|id asc
2025-12-13 21:17:43 | DEBUG    | mcp_server_odoo.services.odoo_service:execute:263 - Executing account.move.search_read with args=([['move_type', 'in', ['out_invoice', 'in_invoice', 'out_refund', 'in_refund']], ['state', '!=', 'cancel']],), kwargs={'offset': 0, 'fields': ['name', 'amount_total', 'move_type'], 'limit': 200, 'order': 'id asc'}
2025-12-13 21:17:43 | DEBUG    | mcp_server_odoo.services.odoo_service:execute:275 - Execution successful, result type: <class 'list'>
2025-12-13 21:17:43 | DEBUG    | mcp_server_odoo.services.cache_service:set:105 - Cache set: search_read|account.move|[['move_type', 'in', ['out_invoice', 'in_invoice', 'out_refund', 'in_refund']], ['state', '!=', 'cancel']]|['name', 'amount_total', 'move_type']|0|200|id asc (TTL: 300s)
2025-12-13 21:17:43 | INFO     | mcp_server_odoo.http_server:mcp_endpoint:829 - MCP request: tools/call (streaming: False)
2025-12-13 21:17:43 | INFO     | mcp_server_odoo.http_server:call_tool:364 - Tool called: search_records with arguments: {'model': 'account.move', 'fields': ['name', 'amount_total', 'move_type'], 'domain': [['move_type', 'in', ['out_invoice', 'in_invoice', 'out_refund', 'in_refund']], ['state', '!=', 'cancel']], 'limit': 200, 'offset': 200, 'order': 'id asc'}
2025-12-13 21:17:43 | INFO     | mcp_server_odoo.http_server:call_tool:456 - Searching records in account.move with domain: [['move_type', 'in', ['out_invoice', 'in_invoice', 'out_refund', 'in_refund']], ['state', '!=', 'cancel']]
2025-12-13 21:17:43 | DEBUG    | mcp_server_odoo.services.cache_service:get:89 - Cache hit: model_list
2025-12-13 21:17:43 | DEBUG    | mcp_server_odoo.services.cache_service:get:89 - Cache hit: model_list
2025-12-13 21:17:43 | DEBUG    | mcp_server_odoo.services.cache_service:get:89 - Cache hit: fields_get|account.move|None|None
2025-12-13 21:17:43 | DEBUG    | mcp_server_odoo.services.cache_service:get:89 - Cache hit: model_list
2025-12-13 21:17:43 | DEBUG    | mcp_server_odoo.services.cache_service:get:89 - Cache hit: fields_get|account.move|None|None
2025-12-13 21:17:43 | DEBUG    | mcp_server_odoo.services.cache_service:get:81 - Cache miss: search_read|account.move|[['move_type', 'in', ['out_invoice', 'in_invoice', 'out_refund', 'in_refund']], ['state', '!=', 'cancel']]|['name', 'amount_total', 'move_type']|200|200|id asc
2025-12-13 21:17:43 | DEBUG    | mcp_server_odoo.services.odoo_service:execute:263 - Executing account.move.search_read with args=([['move_type', 'in', ['out_invoice', 'in_invoice', 'out_refund', 'in_refund']], ['state', '!=', 'cancel']],), kwargs={'offset': 200, 'fields': ['name', 'amount_total', 'move_type'], 'limit': 200, 'order': 'id asc'}
2025-12-13 21:17:43 | DEBUG    | mcp_server_odoo.services.odoo_service:execute:275 - Execution successful, result type: <class 'list'>
2025-12-13 21:17:43 | DEBUG    | mcp_server_odoo.services.cache_service:set:105 - Cache set: search_read|account.move|[['move_type', 'in', ['out_invoice', 'in_invoice', 'out_refund', 'in_refund']], ['state', '!=', 'cancel']]|['name', 'amount_total', 'move_type']|200|200|id asc (TTL: 300s)
2025-12-13 21:17:43 | INFO     | mcp_server_odoo.http_server:mcp_endpoint:829 - MCP request: tools/call (streaming: False)
2025-12-13 21:17:43 | INFO     | mcp_server_odoo.http_server:call_tool:364 - Tool called: search_records with arguments: {'model': 'account.move', 'fields': ['name', 'amount_total', 'move_type'], 'domain': [['move_type', 'in', ['out_invoice', 'in_invoice', 'out_refund', 'in_refund']], ['state', '!=', 'cancel']], 'limit': 200, 'offset': 400, 'order': 'id asc'}
2025-12-13 21:17:43 | INFO     | mcp_server_odoo.http_server:call_tool:456 - Searching records in account.move with domain: [['move_type', 'in', ['out_invoice', 'in_invoice', 'out_refund', 'in_refund']], ['state', '!=', 'cancel']]
2025-12-13 21:17:43 | DEBUG    | mcp_server_odoo.services.cache_service:get:89 - Cache hit: model_list
2025-12-13 21:17:43 | DEBUG    | mcp_server_odoo.services.cache_service:get:89 - Cache hit: model_list
2025-12-13 21:17:43 | DEBUG    | mcp_server_odoo.services.cache_service:get:89 - Cache hit: fields_get|account.move|None|None
2025-12-13 21:17:43 | DEBUG    | mcp_server_odoo.services.cache_service:get:89 - Cache hit: model_list
2025-12-13 21:17:43 | DEBUG    | mcp_server_odoo.services.cache_service:get:89 - Cache hit: fields_get|account.move|None|None
2025-12-13 21:17:43 | DEBUG    | mcp_server_odoo.services.cache_service:get:81 - Cache miss: search_read|account.move|[['move_type', 'in', ['out_invoice', 'in_invoice', 'out_refund', 'in_refund']], ['state', '!=', 'cancel']]|['name', 'amount_total', 'move_type']|400|200|id asc
2025-12-13 21:17:43 | DEBUG    | mcp_server_odoo.services.odoo_service:execute:263 - Executing account.move.search_read with args=([['move_type', 'in', ['out_invoice', 'in_invoice', 'out_refund', 'in_refund']], ['state', '!=', 'cancel']],), kwargs={'offset': 400, 'fields': ['name', 'amount_total', 'move_type'], 'limit': 200, 'order': 'id asc'}
2025-12-13 21:17:43 | DEBUG    | mcp_server_odoo.services.odoo_service:execute:275 - Execution successful, result type: <class 'list'>
2025-12-13 21:17:43 | DEBUG    | mcp_server_odoo.services.cache_service:set:105 - Cache set: search_read|account.move|[['move_type', 'in', ['out_invoice', 'in_invoice', 'out_refund', 'in_refund']], ['state', '!=', 'cancel']]|['name', 'amount_total', 'move_type']|400|200|id asc (TTL: 300s)
2025-12-13 21:17:43 | INFO     | mcp_server_odoo.http_server:mcp_endpoint:829 - MCP request: tools/call (streaming: False)
2025-12-13 21:17:43 | INFO     | mcp_server_odoo.http_server:call_tool:364 - Tool called: search_records with arguments: {'model': 'account.move', 'fields': ['name', 'amount_total', 'move_type'], 'domain': [['move_type', 'in', ['out_invoice', 'in_invoice', 'out_refund', 'in_refund']], ['state', '!=', 'cancel']], 'limit': 200, 'offset': 600, 'order': 'id asc'}
2025-12-13 21:17:43 | INFO     | mcp_server_odoo.http_server:call_tool:456 - Searching records in account.move with domain: [['move_type', 'in', ['out_invoice', 'in_invoice', 'out_refund', 'in_refund']], ['state', '!=', 'cancel']]
2025-12-13 21:17:43 | DEBUG    | mcp_server_odoo.services.cache_service:get:89 - Cache hit: model_list
2025-12-13 21:17:43 | DEBUG    | mcp_server_odoo.services.cache_service:get:89 - Cache hit: model_list
2025-12-13 21:17:43 | DEBUG    | mcp_server_odoo.services.cache_service:get:89 - Cache hit: fields_get|account.move|None|None
2025-12-13 21:17:43 | DEBUG    | mcp_server_odoo.services.cache_service:get:89 - Cache hit: model_list
2025-12-13 21:17:43 | DEBUG    | mcp_server_odoo.services.cache_service:get:89 - Cache hit: fields_get|account.move|None|None
2025-12-13 21:17:43 | DEBUG    | mcp_server_odoo.services.cache_service:get:81 - Cache miss: search_read|account.move|[['move_type', 'in', ['out_invoice', 'in_invoice', 'out_refund', 'in_refund']], ['state', '!=', 'cancel']]|['name', 'amount_total', 'move_type']|600|200|id asc
2025-12-13 21:17:43 | DEBUG    | mcp_server_odoo.services.odoo_service:execute:263 - Executing account.move.search_read with args=([['move_type', 'in', ['out_invoice', 'in_invoice', 'out_refund', 'in_refund']], ['state', '!=', 'cancel']],), kwargs={'offset': 600, 'fields': ['name', 'amount_total', 'move_type'], 'limit': 200, 'order': 'id asc'}
2025-12-13 21:17:43 | DEBUG    | mcp_server_odoo.services.odoo_service:execute:275 - Execution successful, result type: <class 'list'>
2025-12-13 21:17:43 | DEBUG    | mcp_server_odoo.services.cache_service:set:105 - Cache set: search_read|account.move|[['move_type', 'in', ['out_invoice', 'in_invoice', 'out_refund', 'in_refund']], ['state', '!=', 'cancel']]|['name', 'amount_total', 'move_type']|600|200|id asc (TTL: 300s)
2025-12-13 21:18:47 | INFO     | mcp_server_odoo.http_server:mcp_endpoint:829 - MCP request: tools/call (streaming: False)
2025-12-13 21:18:47 | INFO     | mcp_server_odoo.http_server:call_tool:364 - Tool called: search_count with arguments: {'model': 'account.move', 'domain': [['move_type', 'in', ['out_invoice', 'in_invoice', 'out_refund', 'in_refund']], ['state', '!=', 'cancel']]}
2025-12-13 21:18:47 | INFO     | mcp_server_odoo.http_server:call_tool:470 - Counting records in account.move with domain: [['move_type', 'in', ['out_invoice', 'in_invoice', 'out_refund', 'in_refund']], ['state', '!=', 'cancel']]
2025-12-13 21:18:47 | DEBUG    | mcp_server_odoo.services.cache_service:get:89 - Cache hit: model_list
2025-12-13 21:18:47 | DEBUG    | mcp_server_odoo.services.cache_service:get:89 - Cache hit: model_list
2025-12-13 21:18:47 | DEBUG    | mcp_server_odoo.services.cache_service:get:89 - Cache hit: fields_get|account.move|None|None
2025-12-13 21:18:47 | DEBUG    | mcp_server_odoo.services.cache_service:get:81 - Cache miss: search|account.move|[['move_type', 'in', ['out_invoice', 'in_invoice', 'out_refund', 'in_refund']], ['state', '!=', 'cancel']]|0|None|None
2025-12-13 21:18:47 | DEBUG    | mcp_server_odoo.services.odoo_service:execute:263 - Executing account.move.search with args=([['move_type', 'in', ['out_invoice', 'in_invoice', 'out_refund', 'in_refund']], ['state', '!=', 'cancel']],), kwargs={'offset': 0}
2025-12-13 21:18:47 | DEBUG    | mcp_server_odoo.services.odoo_service:execute:275 - Execution successful, result type: <class 'list'>
2025-12-13 21:18:47 | DEBUG    | mcp_server_odoo.services.cache_service:set:105 - Cache set: search|account.move|[['move_type', 'in', ['out_invoice', 'in_invoice', 'out_refund', 'in_refund']], ['state', '!=', 'cancel']]|0|None|None (TTL: 300s)
2025-12-13 21:20:08 | INFO     | mcp_server_odoo.http_server:mcp_endpoint:829 - MCP request: tools/call (streaming: False)
2025-12-13 21:20:08 | INFO     | mcp_server_odoo.http_server:call_tool:364 - Tool called: search_records with arguments: {'model': 'account.move', 'fields': ['name', 'amount_total', 'move_type'], 'domain': [['move_type', '=', 'out_invoice'], ['state', '!=', 'cancel']], 'limit': 200, 'offset': 0, 'order': 'id asc'}
2025-12-13 21:20:08 | INFO     | mcp_server_odoo.http_server:call_tool:456 - Searching records in account.move with domain: [['move_type', '=', 'out_invoice'], ['state', '!=', 'cancel']]
2025-12-13 21:20:08 | DEBUG    | mcp_server_odoo.services.cache_service:_cleanup_expired:51 - Cleaned up 2 expired cache entries
2025-12-13 21:20:08 | DEBUG    | mcp_server_odoo.services.cache_service:get:89 - Cache hit: model_list
2025-12-13 21:20:08 | DEBUG    | mcp_server_odoo.services.cache_service:get:89 - Cache hit: model_list
2025-12-13 21:20:08 | DEBUG    | mcp_server_odoo.services.cache_service:get:89 - Cache hit: fields_get|account.move|None|None
2025-12-13 21:20:08 | DEBUG    | mcp_server_odoo.services.cache_service:get:89 - Cache hit: model_list
2025-12-13 21:20:08 | DEBUG    | mcp_server_odoo.services.cache_service:get:89 - Cache hit: fields_get|account.move|None|None
2025-12-13 21:20:08 | DEBUG    | mcp_server_odoo.services.cache_service:get:81 - Cache miss: search_read|account.move|[['move_type', '=', 'out_invoice'], ['state', '!=', 'cancel']]|['name', 'amount_total', 'move_type']|0|200|id asc
2025-12-13 21:20:08 | DEBUG    | mcp_server_odoo.services.odoo_service:execute:263 - Executing account.move.search_read with args=([['move_type', '=', 'out_invoice'], ['state', '!=', 'cancel']],), kwargs={'offset': 0, 'fields': ['name', 'amount_total', 'move_type'], 'limit': 200, 'order': 'id asc'}
2025-12-13 21:20:08 | DEBUG    | mcp_server_odoo.services.odoo_service:execute:275 - Execution successful, result type: <class 'list'>
2025-12-13 21:20:08 | DEBUG    | mcp_server_odoo.services.cache_service:set:105 - Cache set: search_read|account.move|[['move_type', '=', 'out_invoice'], ['state', '!=', 'cancel']]|['name', 'amount_total', 'move_type']|0|200|id asc (TTL: 300s)
2025-12-13 21:21:43 | INFO     | mcp_server_odoo.http_server:mcp_endpoint:829 - MCP request: tools/call (streaming: False)
2025-12-13 21:21:43 | INFO     | mcp_server_odoo.http_server:call_tool:364 - Tool called: search_count with arguments: {'model': 'sale.order', 'domain': [['invoice_status', '=', 'no'], ['state', '!=', 'cancel']]}
2025-12-13 21:21:43 | INFO     | mcp_server_odoo.http_server:call_tool:470 - Counting records in sale.order with domain: [['invoice_status', '=', 'no'], ['state', '!=', 'cancel']]
2025-12-13 21:21:43 | DEBUG    | mcp_server_odoo.services.cache_service:_cleanup_expired:51 - Cleaned up 1 expired cache entries
2025-12-13 21:21:43 | DEBUG    | mcp_server_odoo.services.cache_service:get:89 - Cache hit: model_list
2025-12-13 21:21:43 | DEBUG    | mcp_server_odoo.services.cache_service:get:89 - Cache hit: model_list
2025-12-13 21:21:43 | DEBUG    | mcp_server_odoo.services.cache_service:get:81 - Cache miss: fields_get|sale.order|None|None
2025-12-13 21:21:43 | DEBUG    | mcp_server_odoo.services.odoo_service:execute:263 - Executing sale.order.fields_get with args=(), kwargs={}
2025-12-13 21:21:43 | DEBUG    | mcp_server_odoo.services.odoo_service:execute:275 - Execution successful, result type: <class 'dict'>
2025-12-13 21:21:43 | DEBUG    | mcp_server_odoo.services.cache_service:set:105 - Cache set: fields_get|sale.order|None|None (TTL: 3600s)
2025-12-13 21:21:43 | DEBUG    | mcp_server_odoo.services.cache_service:get:81 - Cache miss: search|sale.order|[['invoice_status', '=', 'no'], ['state', '!=', 'cancel']]|0|None|None
2025-12-13 21:21:43 | DEBUG    | mcp_server_odoo.services.odoo_service:execute:263 - Executing sale.order.search with args=([['invoice_status', '=', 'no'], ['state', '!=', 'cancel']],), kwargs={'offset': 0}
2025-12-13 21:21:43 | DEBUG    | mcp_server_odoo.services.odoo_service:execute:275 - Execution successful, result type: <class 'list'>
2025-12-13 21:21:43 | DEBUG    | mcp_server_odoo.services.cache_service:set:105 - Cache set: search|sale.order|[['invoice_status', '=', 'no'], ['state', '!=', 'cancel']]|0|None|None (TTL: 300s)
2025-12-13 21:33:15 | INFO     | mcp_server_odoo.http_server:mcp_endpoint:829 - MCP request: tools/call (streaming: False)
2025-12-13 21:33:15 | INFO     | mcp_server_odoo.http_server:call_tool:364 - Tool called: execute_method with arguments: {'model': 'sale.order', 'method': 'read_group', 'args': [[['state', 'not in', ['cancel']]], ['amount_total'], []], 'kwargs': {'lazy': False}}
2025-12-13 21:33:15 | INFO     | mcp_server_odoo.http_server:call_tool:418 - Executing method 'read_group' on sale.order with IDs: []
2025-12-13 21:33:15 | DEBUG    | mcp_server_odoo.services.cache_service:_cleanup_expired:51 - Cleaned up 7 expired cache entries
2025-12-13 21:33:15 | DEBUG    | mcp_server_odoo.services.cache_service:get:89 - Cache hit: model_list
2025-12-13 21:33:15 | DEBUG    | mcp_server_odoo.services.cache_service:get:89 - Cache hit: model_list
2025-12-13 21:33:15 | DEBUG    | mcp_server_odoo.services.cache_service:get:89 - Cache hit: fields_get|sale.order|None|None
2025-12-13 21:33:15 | DEBUG    | mcp_server_odoo.services.cache_service:get:89 - Cache hit: model_list
2025-12-13 21:33:15 | DEBUG    | mcp_server_odoo.services.cache_service:get:89 - Cache hit: fields_get|sale.order|None|None
2025-12-13 21:33:15 | DEBUG    | mcp_server_odoo.services.odoo_service:execute:263 - Executing sale.order.read_group with args=([['state', 'not in', ['cancel']]], ['amount_total'], []), kwargs={'lazy': False}
2025-12-13 21:33:15 | DEBUG    | mcp_server_odoo.services.odoo_service:execute:275 - Execution successful, result type: <class 'list'>
2025-12-13 21:33:15 | INFO     | mcp_server_odoo.http_server:mcp_endpoint:829 - MCP request: tools/call (streaming: False)
2025-12-13 21:33:15 | INFO     | mcp_server_odoo.http_server:call_tool:364 - Tool called: execute_method with arguments: {'model': 'account.move', 'method': 'read_group', 'args': [[['move_type', '=', 'out_invoice'], ['state', '!=', 'cancel']], ['amount_total'], []], 'kwargs': {'lazy': False}}
2025-12-13 21:33:15 | INFO     | mcp_server_odoo.http_server:call_tool:418 - Executing method 'read_group' on account.move with IDs: []
2025-12-13 21:33:15 | DEBUG    | mcp_server_odoo.services.cache_service:get:89 - Cache hit: model_list
2025-12-13 21:33:15 | DEBUG    | mcp_server_odoo.services.cache_service:get:89 - Cache hit: model_list
2025-12-13 21:33:15 | DEBUG    | mcp_server_odoo.services.cache_service:get:89 - Cache hit: fields_get|account.move|None|None
2025-12-13 21:33:15 | DEBUG    | mcp_server_odoo.services.cache_service:get:89 - Cache hit: model_list
2025-12-13 21:33:15 | DEBUG    | mcp_server_odoo.services.cache_service:get:89 - Cache hit: fields_get|account.move|None|None
2025-12-13 21:33:15 | DEBUG    | mcp_server_odoo.services.odoo_service:execute:263 - Executing account.move.read_group with args=([['move_type', '=', 'out_invoice'], ['state', '!=', 'cancel']], ['amount_total'], []), kwargs={'lazy': False}
2025-12-13 21:33:15 | DEBUG    | mcp_server_odoo.services.odoo_service:execute:275 - Execution successful, result type: <class 'list'>
2025-12-13 21:37:46 | INFO     | mcp_server_odoo.http_server:lifespan:738 - Shutting down Odoo MCP HTTP Server...
2025-12-13 21:37:47 | INFO     | mcp_server_odoo.http_server:lifespan:798 - Starting Odoo MCP HTTP Server...
2025-12-13 21:37:47 | INFO     | mcp_server_odoo.services.cache_service:__init__:34 - Cache service initialized - enabled: True, TTL: 300s, max_size: 1000
2025-12-13 21:37:47 | INFO     | mcp_server_odoo.services.odoo_service:__init__:62 - Odoo service initialized for http://host.docker.internal:8069/samayainv (version=18.0, endpoint_mode=xmlrpc)
2025-12-13 21:37:47 | DEBUG    | mcp_server_odoo.services.cache_service:get:81 - Cache miss: auth:admin:samayainv
2025-12-13 21:37:47 | INFO     | mcp_server_odoo.services.odoo_service:authenticate:229 - Authenticating with Odoo...
2025-12-13 21:37:47 | DEBUG    | mcp_server_odoo.services.cache_service:set:105 - Cache set: auth:admin:samayainv (TTL: 3600s)
2025-12-13 21:37:47 | INFO     | mcp_server_odoo.services.odoo_service:authenticate:250 - Authentication successful, user ID: 2
2025-12-13 21:37:47 | INFO     | mcp_server_odoo.http_server:lifespan:803 - Odoo connection test successful
2025-12-13 21:38:59 | INFO     | mcp_server_odoo.http_server:mcp_endpoint:900 - MCP request: tools/call (streaming: False)
2025-12-13 21:38:59 | INFO     | mcp_server_odoo.http_server:call_tool:408 - Tool called: list_reports with arguments: {'search': 'sale'}
2025-12-13 21:38:59 | INFO     | mcp_server_odoo.http_server:call_tool:665 - Listing reports (model=None, search=sale)
2025-12-13 21:38:59 | DEBUG    | mcp_server_odoo.services.cache_service:get:81 - Cache miss: model_list
2025-12-13 21:38:59 | DEBUG    | mcp_server_odoo.services.cache_service:get:81 - Cache miss: fields_get|ir.model|None|None
2025-12-13 21:38:59 | DEBUG    | mcp_server_odoo.services.odoo_service:execute:264 - Executing ir.model.fields_get with args=(), kwargs={}
2025-12-13 21:38:59 | DEBUG    | mcp_server_odoo.services.odoo_service:execute:276 - Execution successful, result type: <class 'dict'>
2025-12-13 21:38:59 | DEBUG    | mcp_server_odoo.services.cache_service:set:105 - Cache set: fields_get|ir.model|None|None (TTL: 3600s)
2025-12-13 21:38:59 | DEBUG    | mcp_server_odoo.services.cache_service:get:81 - Cache miss: search_read|ir.model|[]|['model', 'name', 'transient']|0|None|None
2025-12-13 21:38:59 | DEBUG    | mcp_server_odoo.services.odoo_service:execute:264 - Executing ir.model.search_read with args=([],), kwargs={'offset': 0, 'fields': ['model', 'name', 'transient']}
2025-12-13 21:38:59 | DEBUG    | mcp_server_odoo.services.odoo_service:execute:276 - Execution successful, result type: <class 'list'>
2025-12-13 21:38:59 | DEBUG    | mcp_server_odoo.services.cache_service:set:105 - Cache set: search_read|ir.model|[]|['model', 'name', 'transient']|0|None|None (TTL: 300s)
2025-12-13 21:38:59 | DEBUG    | mcp_server_odoo.services.cache_service:set:105 - Cache set: model_list (TTL: 3600s)
2025-12-13 21:38:59 | DEBUG    | mcp_server_odoo.services.cache_service:get:89 - Cache hit: model_list
2025-12-13 21:38:59 | DEBUG    | mcp_server_odoo.services.cache_service:get:81 - Cache miss: fields_get|ir.actions.report|None|None
2025-12-13 21:38:59 | DEBUG    | mcp_server_odoo.services.odoo_service:execute:264 - Executing ir.actions.report.fields_get with args=(), kwargs={}
2025-12-13 21:38:59 | DEBUG    | mcp_server_odoo.services.odoo_service:execute:276 - Execution successful, result type: <class 'dict'>
2025-12-13 21:38:59 | DEBUG    | mcp_server_odoo.services.cache_service:set:105 - Cache set: fields_get|ir.actions.report|None|None (TTL: 3600s)
2025-12-13 21:38:59 | DEBUG    | mcp_server_odoo.services.cache_service:get:89 - Cache hit: model_list
2025-12-13 21:38:59 | DEBUG    | mcp_server_odoo.services.cache_service:get:89 - Cache hit: fields_get|ir.actions.report|None|None
2025-12-13 21:38:59 | DEBUG    | mcp_server_odoo.services.cache_service:get:81 - Cache miss: search_read|ir.actions.report|[['report_type', '=', 'qweb-pdf']]|['id', 'name', 'report_name', 'model', 'report_type']|0|None|None
2025-12-13 21:38:59 | DEBUG    | mcp_server_odoo.services.odoo_service:execute:264 - Executing ir.actions.report.search_read with args=([['report_type', '=', 'qweb-pdf']],), kwargs={'offset': 0, 'fields': ['id', 'name', 'report_name', 'model', 'report_type']}
2025-12-13 21:38:59 | DEBUG    | mcp_server_odoo.services.odoo_service:execute:276 - Execution successful, result type: <class 'list'>
2025-12-13 21:38:59 | DEBUG    | mcp_server_odoo.services.cache_service:set:105 - Cache set: search_read|ir.actions.report|[['report_type', '=', 'qweb-pdf']]|['id', 'name', 'report_name', 'model', 'report_type']|0|None|None (TTL: 300s)
2025-12-13 21:38:59 | INFO     | mcp_server_odoo.http_server:mcp_endpoint:900 - MCP request: tools/call (streaming: False)
2025-12-13 21:38:59 | INFO     | mcp_server_odoo.http_server:call_tool:408 - Tool called: search_records with arguments: {'model': 'sale.order', 'fields': ['name'], 'limit': 1, 'order': 'id asc'}
2025-12-13 21:38:59 | INFO     | mcp_server_odoo.http_server:call_tool:500 - Searching records in sale.order with domain: []
2025-12-13 21:38:59 | DEBUG    | mcp_server_odoo.services.cache_service:get:89 - Cache hit: model_list
2025-12-13 21:38:59 | DEBUG    | mcp_server_odoo.services.cache_service:get:89 - Cache hit: model_list
2025-12-13 21:38:59 | DEBUG    | mcp_server_odoo.services.cache_service:get:81 - Cache miss: fields_get|sale.order|None|None
2025-12-13 21:38:59 | DEBUG    | mcp_server_odoo.services.odoo_service:execute:264 - Executing sale.order.fields_get with args=(), kwargs={}
2025-12-13 21:38:59 | DEBUG    | mcp_server_odoo.services.odoo_service:execute:276 - Execution successful, result type: <class 'dict'>
2025-12-13 21:38:59 | DEBUG    | mcp_server_odoo.services.cache_service:set:105 - Cache set: fields_get|sale.order|None|None (TTL: 3600s)
2025-12-13 21:38:59 | DEBUG    | mcp_server_odoo.services.cache_service:get:81 - Cache miss: search_read|sale.order|[]|['name']|0|1|id asc
2025-12-13 21:38:59 | DEBUG    | mcp_server_odoo.services.odoo_service:execute:264 - Executing sale.order.search_read with args=([],), kwargs={'offset': 0, 'fields': ['name'], 'limit': 1, 'order': 'id asc'}
2025-12-13 21:38:59 | DEBUG    | mcp_server_odoo.services.odoo_service:execute:276 - Execution successful, result type: <class 'list'>
2025-12-13 21:38:59 | DEBUG    | mcp_server_odoo.services.cache_service:set:105 - Cache set: search_read|sale.order|[]|['name']|0|1|id asc (TTL: 300s)
2025-12-13 21:38:59 | INFO     | mcp_server_odoo.http_server:mcp_endpoint:900 - MCP request: tools/call (streaming: False)
2025-12-13 21:38:59 | INFO     | mcp_server_odoo.http_server:call_tool:408 - Tool called: generate_report with arguments: {'report_name': 'sale.report_saleorder', 'ids': [1]}
2025-12-13 21:38:59 | INFO     | mcp_server_odoo.http_server:call_tool:673 - Generating report sale.report_saleorder for IDs: [1]
2025-12-13 21:38:59 | DEBUG    | mcp_server_odoo.services.cache_service:get:89 - Cache hit: model_list
2025-12-13 21:38:59 | DEBUG    | mcp_server_odoo.services.cache_service:get:89 - Cache hit: model_list
2025-12-13 21:38:59 | DEBUG    | mcp_server_odoo.services.cache_service:get:89 - Cache hit: fields_get|ir.actions.report|None|None
2025-12-13 21:38:59 | DEBUG    | mcp_server_odoo.services.cache_service:get:89 - Cache hit: model_list
2025-12-13 21:38:59 | DEBUG    | mcp_server_odoo.services.cache_service:get:89 - Cache hit: fields_get|ir.actions.report|None|None
2025-12-13 21:38:59 | DEBUG    | mcp_server_odoo.services.cache_service:get:89 - Cache hit: search_read|ir.actions.report|[['report_type', '=', 'qweb-pdf']]|['id', 'name', 'report_name', 'model', 'report_type']|0|None|None
2025-12-13 21:38:59 | DEBUG    | mcp_server_odoo.services.odoo_service:execute:264 - Executing ir.actions.report.render_qweb_pdf with args=('sale.report_saleorder', [1], None), kwargs={}
2025-12-13 21:38:59 | ERROR    | mcp_server_odoo.services.odoo_service:execute:279 - Execution failed: <Fault The method 'ir.actions.report.render_qweb_pdf' does not exist: 'Traceback (most recent call last):\n  File "/home/mahmoud/odoo/samayainv/odoo/odoo/addons/base/controllers/rpc.py", line 151, in xmlrpc_1\n    response = self._xmlrpc(service)\n               ^^^^^^^^^^^^^^^^^^^^^\n  File "/home/mahmoud/odoo/samayainv/odoo/odoo/addons/base/controllers/rpc.py", line 139, in _xmlrpc\n    result = dispatch_rpc(service, method, params)\n             ^^^^^^^^^^^^^^^^^^^^^^^^^^^^^^^^^^^^^\n  File "/home/mahmoud/odoo/samayainv/odoo/odoo/http.py", line 412, in dispatch_rpc\n    return dispatch(method, params)\n           ^^^^^^^^^^^^^^^^^^^^^^^^\n  File "/home/mahmoud/odoo/samayainv/odoo/odoo/service/model.py", line 58, in dispatch\n    res = execute_kw(db, uid, *params[3:])\n          ^^^^^^^^^^^^^^^^^^^^^^^^^^^^^^^^\n  File "/home/mahmoud/odoo/samayainv/odoo/odoo/service/model.py", line 81, in execute_kw\n    return execute(db, uid, obj, method, *args, **kw or {})\n           ^^^^^^^^^^^^^^^^^^^^^^^^^^^^^^^^^^^^^^^^^^^^^^^^\n  File "/home/mahmoud/odoo/samayainv/odoo/odoo/service/model.py", line 87, in execute\n    res = execute_cr(cr, uid, obj, method, *args, **kw)\n          ^^^^^^^^^^^^^^^^^^^^^^^^^^^^^^^^^^^^^^^^^^^^^\n  File "/home/mahmoud/odoo/samayainv/odoo/odoo/service/model.py", line 71, in execute_cr\n    get_public_method(recs, method)  # Don\'t use the result, call_kw will redo the getattr\n    ^^^^^^^^^^^^^^^^^^^^^^^^^^^^^^^\n  File "/home/mahmoud/odoo/samayainv/odoo/odoo/service/model.py", line 38, in get_public_method\n    raise AttributeError(f"The method \'{model._name}.{name}\' does not exist")  # noqa: TRY004\n    ^^^^^^^^^^^^^^^^^^^^^^^^^^^^^^^^^^^^^^^^^^^^^^^^^^^^^^^^^^^^^^^^^^^^^^^^^\nAttributeError: The method \'ir.actions.report.render_qweb_pdf\' does not exist\n'>
2025-12-13 21:38:59 | WARNING  | mcp_server_odoo.services.odoo_service:_execute_with_retry:293 - Retryable error (odoo_fault): <Fault The method 'ir.actions.report.render_qweb_pdf' does not exist: 'Traceback (most recent call last):\n  File "/home/mahmoud/odoo/samayainv/odoo/odoo/addons/base/controllers/rpc.py", line 151, in xmlrpc_1\n    response = self._xmlrpc(service)\n               ^^^^^^^^^^^^^^^^^^^^^\n  File "/home/mahmoud/odoo/samayainv/odoo/odoo/addons/base/controllers/rpc.py", line 139, in _xmlrpc\n    result = dispatch_rpc(service, method, params)\n             ^^^^^^^^^^^^^^^^^^^^^^^^^^^^^^^^^^^^^\n  File "/home/mahmoud/odoo/samayainv/odoo/odoo/http.py", line 412, in dispatch_rpc\n    return dispatch(method, params)\n           ^^^^^^^^^^^^^^^^^^^^^^^^\n  File "/home/mahmoud/odoo/samayainv/odoo/odoo/service/model.py", line 58, in dispatch\n    res = execute_kw(db, uid, *params[3:])\n          ^^^^^^^^^^^^^^^^^^^^^^^^^^^^^^^^\n  File "/home/mahmoud/odoo/samayainv/odoo/odoo/service/model.py", line 81, in execute_kw\n    return execute(db, uid, obj, method, *args, **kw or {})\n           ^^^^^^^^^^^^^^^^^^^^^^^^^^^^^^^^^^^^^^^^^^^^^^^^\n  File "/home/mahmoud/odoo/samayainv/odoo/odoo/service/model.py", line 87, in execute\n    res = execute_cr(cr, uid, obj, method, *args, **kw)\n          ^^^^^^^^^^^^^^^^^^^^^^^^^^^^^^^^^^^^^^^^^^^^^\n  File "/home/mahmoud/odoo/samayainv/odoo/odoo/service/model.py", line 71, in execute_cr\n    get_public_method(recs, method)  # Don\'t use the result, call_kw will redo the getattr\n    ^^^^^^^^^^^^^^^^^^^^^^^^^^^^^^^\n  File "/home/mahmoud/odoo/samayainv/odoo/odoo/service/model.py", line 38, in get_public_method\n    raise AttributeError(f"The method \'{model._name}.{name}\' does not exist")  # noqa: TRY004\n    ^^^^^^^^^^^^^^^^^^^^^^^^^^^^^^^^^^^^^^^^^^^^^^^^^^^^^^^^^^^^^^^^^^^^^^^^^\nAttributeError: The method \'ir.actions.report.render_qweb_pdf\' does not exist\n'>. Retrying in 0.20s (attempt 1/3)
2025-12-13 21:38:59 | DEBUG    | mcp_server_odoo.services.odoo_service:execute:264 - Executing ir.actions.report.render_qweb_pdf with args=('sale.report_saleorder', [1], None), kwargs={}
2025-12-13 21:38:59 | ERROR    | mcp_server_odoo.services.odoo_service:execute:279 - Execution failed: <Fault The method 'ir.actions.report.render_qweb_pdf' does not exist: 'Traceback (most recent call last):\n  File "/home/mahmoud/odoo/samayainv/odoo/odoo/addons/base/controllers/rpc.py", line 151, in xmlrpc_1\n    response = self._xmlrpc(service)\n               ^^^^^^^^^^^^^^^^^^^^^\n  File "/home/mahmoud/odoo/samayainv/odoo/odoo/addons/base/controllers/rpc.py", line 139, in _xmlrpc\n    result = dispatch_rpc(service, method, params)\n             ^^^^^^^^^^^^^^^^^^^^^^^^^^^^^^^^^^^^^\n  File "/home/mahmoud/odoo/samayainv/odoo/odoo/http.py", line 412, in dispatch_rpc\n    return dispatch(method, params)\n           ^^^^^^^^^^^^^^^^^^^^^^^^\n  File "/home/mahmoud/odoo/samayainv/odoo/odoo/service/model.py", line 58, in dispatch\n    res = execute_kw(db, uid, *params[3:])\n          ^^^^^^^^^^^^^^^^^^^^^^^^^^^^^^^^\n  File "/home/mahmoud/odoo/samayainv/odoo/odoo/service/model.py", line 81, in execute_kw\n    return execute(db, uid, obj, method, *args, **kw or {})\n           ^^^^^^^^^^^^^^^^^^^^^^^^^^^^^^^^^^^^^^^^^^^^^^^^\n  File "/home/mahmoud/odoo/samayainv/odoo/odoo/service/model.py", line 87, in execute\n    res = execute_cr(cr, uid, obj, method, *args, **kw)\n          ^^^^^^^^^^^^^^^^^^^^^^^^^^^^^^^^^^^^^^^^^^^^^\n  File "/home/mahmoud/odoo/samayainv/odoo/odoo/service/model.py", line 71, in execute_cr\n    get_public_method(recs, method)  # Don\'t use the result, call_kw will redo the getattr\n    ^^^^^^^^^^^^^^^^^^^^^^^^^^^^^^^\n  File "/home/mahmoud/odoo/samayainv/odoo/odoo/service/model.py", line 38, in get_public_method\n    raise AttributeError(f"The method \'{model._name}.{name}\' does not exist")  # noqa: TRY004\n    ^^^^^^^^^^^^^^^^^^^^^^^^^^^^^^^^^^^^^^^^^^^^^^^^^^^^^^^^^^^^^^^^^^^^^^^^^\nAttributeError: The method \'ir.actions.report.render_qweb_pdf\' does not exist\n'>
2025-12-13 21:38:59 | WARNING  | mcp_server_odoo.services.odoo_service:_execute_with_retry:293 - Retryable error (odoo_fault): <Fault The method 'ir.actions.report.render_qweb_pdf' does not exist: 'Traceback (most recent call last):\n  File "/home/mahmoud/odoo/samayainv/odoo/odoo/addons/base/controllers/rpc.py", line 151, in xmlrpc_1\n    response = self._xmlrpc(service)\n               ^^^^^^^^^^^^^^^^^^^^^\n  File "/home/mahmoud/odoo/samayainv/odoo/odoo/addons/base/controllers/rpc.py", line 139, in _xmlrpc\n    result = dispatch_rpc(service, method, params)\n             ^^^^^^^^^^^^^^^^^^^^^^^^^^^^^^^^^^^^^\n  File "/home/mahmoud/odoo/samayainv/odoo/odoo/http.py", line 412, in dispatch_rpc\n    return dispatch(method, params)\n           ^^^^^^^^^^^^^^^^^^^^^^^^\n  File "/home/mahmoud/odoo/samayainv/odoo/odoo/service/model.py", line 58, in dispatch\n    res = execute_kw(db, uid, *params[3:])\n          ^^^^^^^^^^^^^^^^^^^^^^^^^^^^^^^^\n  File "/home/mahmoud/odoo/samayainv/odoo/odoo/service/model.py", line 81, in execute_kw\n    return execute(db, uid, obj, method, *args, **kw or {})\n           ^^^^^^^^^^^^^^^^^^^^^^^^^^^^^^^^^^^^^^^^^^^^^^^^\n  File "/home/mahmoud/odoo/samayainv/odoo/odoo/service/model.py", line 87, in execute\n    res = execute_cr(cr, uid, obj, method, *args, **kw)\n          ^^^^^^^^^^^^^^^^^^^^^^^^^^^^^^^^^^^^^^^^^^^^^\n  File "/home/mahmoud/odoo/samayainv/odoo/odoo/service/model.py", line 71, in execute_cr\n    get_public_method(recs, method)  # Don\'t use the result, call_kw will redo the getattr\n    ^^^^^^^^^^^^^^^^^^^^^^^^^^^^^^^\n  File "/home/mahmoud/odoo/samayainv/odoo/odoo/service/model.py", line 38, in get_public_method\n    raise AttributeError(f"The method \'{model._name}.{name}\' does not exist")  # noqa: TRY004\n    ^^^^^^^^^^^^^^^^^^^^^^^^^^^^^^^^^^^^^^^^^^^^^^^^^^^^^^^^^^^^^^^^^^^^^^^^^\nAttributeError: The method \'ir.actions.report.render_qweb_pdf\' does not exist\n'>. Retrying in 0.40s (attempt 2/3)
2025-12-13 21:39:00 | DEBUG    | mcp_server_odoo.services.odoo_service:execute:264 - Executing ir.actions.report.render_qweb_pdf with args=('sale.report_saleorder', [1], None), kwargs={}
2025-12-13 21:39:00 | ERROR    | mcp_server_odoo.services.odoo_service:execute:279 - Execution failed: <Fault The method 'ir.actions.report.render_qweb_pdf' does not exist: 'Traceback (most recent call last):\n  File "/home/mahmoud/odoo/samayainv/odoo/odoo/addons/base/controllers/rpc.py", line 151, in xmlrpc_1\n    response = self._xmlrpc(service)\n               ^^^^^^^^^^^^^^^^^^^^^\n  File "/home/mahmoud/odoo/samayainv/odoo/odoo/addons/base/controllers/rpc.py", line 139, in _xmlrpc\n    result = dispatch_rpc(service, method, params)\n             ^^^^^^^^^^^^^^^^^^^^^^^^^^^^^^^^^^^^^\n  File "/home/mahmoud/odoo/samayainv/odoo/odoo/http.py", line 412, in dispatch_rpc\n    return dispatch(method, params)\n           ^^^^^^^^^^^^^^^^^^^^^^^^\n  File "/home/mahmoud/odoo/samayainv/odoo/odoo/service/model.py", line 58, in dispatch\n    res = execute_kw(db, uid, *params[3:])\n          ^^^^^^^^^^^^^^^^^^^^^^^^^^^^^^^^\n  File "/home/mahmoud/odoo/samayainv/odoo/odoo/service/model.py", line 81, in execute_kw\n    return execute(db, uid, obj, method, *args, **kw or {})\n           ^^^^^^^^^^^^^^^^^^^^^^^^^^^^^^^^^^^^^^^^^^^^^^^^\n  File "/home/mahmoud/odoo/samayainv/odoo/odoo/service/model.py", line 87, in execute\n    res = execute_cr(cr, uid, obj, method, *args, **kw)\n          ^^^^^^^^^^^^^^^^^^^^^^^^^^^^^^^^^^^^^^^^^^^^^\n  File "/home/mahmoud/odoo/samayainv/odoo/odoo/service/model.py", line 71, in execute_cr\n    get_public_method(recs, method)  # Don\'t use the result, call_kw will redo the getattr\n    ^^^^^^^^^^^^^^^^^^^^^^^^^^^^^^^\n  File "/home/mahmoud/odoo/samayainv/odoo/odoo/service/model.py", line 38, in get_public_method\n    raise AttributeError(f"The method \'{model._name}.{name}\' does not exist")  # noqa: TRY004\n    ^^^^^^^^^^^^^^^^^^^^^^^^^^^^^^^^^^^^^^^^^^^^^^^^^^^^^^^^^^^^^^^^^^^^^^^^^\nAttributeError: The method \'ir.actions.report.render_qweb_pdf\' does not exist\n'>
2025-12-13 21:39:00 | ERROR    | mcp_server_odoo.http_server:mcp_endpoint:991 - Error calling tool generate_report: Replacement index 0 out of range for positional args tuple
2025-12-13 21:39:15 | INFO     | mcp_server_odoo.http_server:mcp_endpoint:900 - MCP request: tools/call (streaming: False)
2025-12-13 21:39:15 | INFO     | mcp_server_odoo.http_server:call_tool:408 - Tool called: search_records with arguments: {'model': 'sale.order', 'fields': ['name'], 'limit': 1, 'order': 'id asc'}
2025-12-13 21:39:15 | INFO     | mcp_server_odoo.http_server:call_tool:500 - Searching records in sale.order with domain: []
2025-12-13 21:39:15 | DEBUG    | mcp_server_odoo.services.cache_service:get:89 - Cache hit: model_list
2025-12-13 21:39:15 | DEBUG    | mcp_server_odoo.services.cache_service:get:89 - Cache hit: model_list
2025-12-13 21:39:15 | DEBUG    | mcp_server_odoo.services.cache_service:get:89 - Cache hit: fields_get|sale.order|None|None
2025-12-13 21:39:15 | DEBUG    | mcp_server_odoo.services.cache_service:get:89 - Cache hit: search_read|sale.order|[]|['name']|0|1|id asc
2025-12-13 21:39:28 | INFO     | mcp_server_odoo.http_server:mcp_endpoint:900 - MCP request: tools/call (streaming: False)
2025-12-13 21:39:28 | INFO     | mcp_server_odoo.http_server:call_tool:408 - Tool called: generate_report with arguments: {'report_name': 'sale.report_saleorder', 'ids': [1]}
2025-12-13 21:39:28 | INFO     | mcp_server_odoo.http_server:call_tool:673 - Generating report sale.report_saleorder for IDs: [1]
2025-12-13 21:39:28 | DEBUG    | mcp_server_odoo.services.cache_service:get:89 - Cache hit: model_list
2025-12-13 21:39:28 | DEBUG    | mcp_server_odoo.services.cache_service:get:89 - Cache hit: model_list
2025-12-13 21:39:28 | DEBUG    | mcp_server_odoo.services.cache_service:get:89 - Cache hit: fields_get|ir.actions.report|None|None
2025-12-13 21:39:28 | DEBUG    | mcp_server_odoo.services.cache_service:get:89 - Cache hit: model_list
2025-12-13 21:39:28 | DEBUG    | mcp_server_odoo.services.cache_service:get:89 - Cache hit: fields_get|ir.actions.report|None|None
2025-12-13 21:39:28 | DEBUG    | mcp_server_odoo.services.cache_service:get:89 - Cache hit: search_read|ir.actions.report|[['report_type', '=', 'qweb-pdf']]|['id', 'name', 'report_name', 'model', 'report_type']|0|None|None
2025-12-13 21:39:28 | DEBUG    | mcp_server_odoo.services.odoo_service:execute:264 - Executing ir.actions.report.render_qweb_pdf with args=('sale.report_saleorder', [1], None), kwargs={}
2025-12-13 21:39:28 | ERROR    | mcp_server_odoo.services.odoo_service:execute:279 - Execution failed: <Fault The method 'ir.actions.report.render_qweb_pdf' does not exist: 'Traceback (most recent call last):\n  File "/home/mahmoud/odoo/samayainv/odoo/odoo/addons/base/controllers/rpc.py", line 151, in xmlrpc_1\n    response = self._xmlrpc(service)\n               ^^^^^^^^^^^^^^^^^^^^^\n  File "/home/mahmoud/odoo/samayainv/odoo/odoo/addons/base/controllers/rpc.py", line 139, in _xmlrpc\n    result = dispatch_rpc(service, method, params)\n             ^^^^^^^^^^^^^^^^^^^^^^^^^^^^^^^^^^^^^\n  File "/home/mahmoud/odoo/samayainv/odoo/odoo/http.py", line 412, in dispatch_rpc\n    return dispatch(method, params)\n           ^^^^^^^^^^^^^^^^^^^^^^^^\n  File "/home/mahmoud/odoo/samayainv/odoo/odoo/service/model.py", line 58, in dispatch\n    res = execute_kw(db, uid, *params[3:])\n          ^^^^^^^^^^^^^^^^^^^^^^^^^^^^^^^^\n  File "/home/mahmoud/odoo/samayainv/odoo/odoo/service/model.py", line 81, in execute_kw\n    return execute(db, uid, obj, method, *args, **kw or {})\n           ^^^^^^^^^^^^^^^^^^^^^^^^^^^^^^^^^^^^^^^^^^^^^^^^\n  File "/home/mahmoud/odoo/samayainv/odoo/odoo/service/model.py", line 87, in execute\n    res = execute_cr(cr, uid, obj, method, *args, **kw)\n          ^^^^^^^^^^^^^^^^^^^^^^^^^^^^^^^^^^^^^^^^^^^^^\n  File "/home/mahmoud/odoo/samayainv/odoo/odoo/service/model.py", line 71, in execute_cr\n    get_public_method(recs, method)  # Don\'t use the result, call_kw will redo the getattr\n    ^^^^^^^^^^^^^^^^^^^^^^^^^^^^^^^\n  File "/home/mahmoud/odoo/samayainv/odoo/odoo/service/model.py", line 38, in get_public_method\n    raise AttributeError(f"The method \'{model._name}.{name}\' does not exist")  # noqa: TRY004\n    ^^^^^^^^^^^^^^^^^^^^^^^^^^^^^^^^^^^^^^^^^^^^^^^^^^^^^^^^^^^^^^^^^^^^^^^^^\nAttributeError: The method \'ir.actions.report.render_qweb_pdf\' does not exist\n'>
2025-12-13 21:39:28 | WARNING  | mcp_server_odoo.services.odoo_service:_execute_with_retry:293 - Retryable error (odoo_fault): <Fault The method 'ir.actions.report.render_qweb_pdf' does not exist: 'Traceback (most recent call last):\n  File "/home/mahmoud/odoo/samayainv/odoo/odoo/addons/base/controllers/rpc.py", line 151, in xmlrpc_1\n    response = self._xmlrpc(service)\n               ^^^^^^^^^^^^^^^^^^^^^\n  File "/home/mahmoud/odoo/samayainv/odoo/odoo/addons/base/controllers/rpc.py", line 139, in _xmlrpc\n    result = dispatch_rpc(service, method, params)\n             ^^^^^^^^^^^^^^^^^^^^^^^^^^^^^^^^^^^^^\n  File "/home/mahmoud/odoo/samayainv/odoo/odoo/http.py", line 412, in dispatch_rpc\n    return dispatch(method, params)\n           ^^^^^^^^^^^^^^^^^^^^^^^^\n  File "/home/mahmoud/odoo/samayainv/odoo/odoo/service/model.py", line 58, in dispatch\n    res = execute_kw(db, uid, *params[3:])\n          ^^^^^^^^^^^^^^^^^^^^^^^^^^^^^^^^\n  File "/home/mahmoud/odoo/samayainv/odoo/odoo/service/model.py", line 81, in execute_kw\n    return execute(db, uid, obj, method, *args, **kw or {})\n           ^^^^^^^^^^^^^^^^^^^^^^^^^^^^^^^^^^^^^^^^^^^^^^^^\n  File "/home/mahmoud/odoo/samayainv/odoo/odoo/service/model.py", line 87, in execute\n    res = execute_cr(cr, uid, obj, method, *args, **kw)\n          ^^^^^^^^^^^^^^^^^^^^^^^^^^^^^^^^^^^^^^^^^^^^^\n  File "/home/mahmoud/odoo/samayainv/odoo/odoo/service/model.py", line 71, in execute_cr\n    get_public_method(recs, method)  # Don\'t use the result, call_kw will redo the getattr\n    ^^^^^^^^^^^^^^^^^^^^^^^^^^^^^^^\n  File "/home/mahmoud/odoo/samayainv/odoo/odoo/service/model.py", line 38, in get_public_method\n    raise AttributeError(f"The method \'{model._name}.{name}\' does not exist")  # noqa: TRY004\n    ^^^^^^^^^^^^^^^^^^^^^^^^^^^^^^^^^^^^^^^^^^^^^^^^^^^^^^^^^^^^^^^^^^^^^^^^^\nAttributeError: The method \'ir.actions.report.render_qweb_pdf\' does not exist\n'>. Retrying in 0.20s (attempt 1/3)
2025-12-13 21:39:28 | DEBUG    | mcp_server_odoo.services.odoo_service:execute:264 - Executing ir.actions.report.render_qweb_pdf with args=('sale.report_saleorder', [1], None), kwargs={}
2025-12-13 21:39:28 | ERROR    | mcp_server_odoo.services.odoo_service:execute:279 - Execution failed: <Fault The method 'ir.actions.report.render_qweb_pdf' does not exist: 'Traceback (most recent call last):\n  File "/home/mahmoud/odoo/samayainv/odoo/odoo/addons/base/controllers/rpc.py", line 151, in xmlrpc_1\n    response = self._xmlrpc(service)\n               ^^^^^^^^^^^^^^^^^^^^^\n  File "/home/mahmoud/odoo/samayainv/odoo/odoo/addons/base/controllers/rpc.py", line 139, in _xmlrpc\n    result = dispatch_rpc(service, method, params)\n             ^^^^^^^^^^^^^^^^^^^^^^^^^^^^^^^^^^^^^\n  File "/home/mahmoud/odoo/samayainv/odoo/odoo/http.py", line 412, in dispatch_rpc\n    return dispatch(method, params)\n           ^^^^^^^^^^^^^^^^^^^^^^^^\n  File "/home/mahmoud/odoo/samayainv/odoo/odoo/service/model.py", line 58, in dispatch\n    res = execute_kw(db, uid, *params[3:])\n          ^^^^^^^^^^^^^^^^^^^^^^^^^^^^^^^^\n  File "/home/mahmoud/odoo/samayainv/odoo/odoo/service/model.py", line 81, in execute_kw\n    return execute(db, uid, obj, method, *args, **kw or {})\n           ^^^^^^^^^^^^^^^^^^^^^^^^^^^^^^^^^^^^^^^^^^^^^^^^\n  File "/home/mahmoud/odoo/samayainv/odoo/odoo/service/model.py", line 87, in execute\n    res = execute_cr(cr, uid, obj, method, *args, **kw)\n          ^^^^^^^^^^^^^^^^^^^^^^^^^^^^^^^^^^^^^^^^^^^^^\n  File "/home/mahmoud/odoo/samayainv/odoo/odoo/service/model.py", line 71, in execute_cr\n    get_public_method(recs, method)  # Don\'t use the result, call_kw will redo the getattr\n    ^^^^^^^^^^^^^^^^^^^^^^^^^^^^^^^\n  File "/home/mahmoud/odoo/samayainv/odoo/odoo/service/model.py", line 38, in get_public_method\n    raise AttributeError(f"The method \'{model._name}.{name}\' does not exist")  # noqa: TRY004\n    ^^^^^^^^^^^^^^^^^^^^^^^^^^^^^^^^^^^^^^^^^^^^^^^^^^^^^^^^^^^^^^^^^^^^^^^^^\nAttributeError: The method \'ir.actions.report.render_qweb_pdf\' does not exist\n'>
2025-12-13 21:39:28 | WARNING  | mcp_server_odoo.services.odoo_service:_execute_with_retry:293 - Retryable error (odoo_fault): <Fault The method 'ir.actions.report.render_qweb_pdf' does not exist: 'Traceback (most recent call last):\n  File "/home/mahmoud/odoo/samayainv/odoo/odoo/addons/base/controllers/rpc.py", line 151, in xmlrpc_1\n    response = self._xmlrpc(service)\n               ^^^^^^^^^^^^^^^^^^^^^\n  File "/home/mahmoud/odoo/samayainv/odoo/odoo/addons/base/controllers/rpc.py", line 139, in _xmlrpc\n    result = dispatch_rpc(service, method, params)\n             ^^^^^^^^^^^^^^^^^^^^^^^^^^^^^^^^^^^^^\n  File "/home/mahmoud/odoo/samayainv/odoo/odoo/http.py", line 412, in dispatch_rpc\n    return dispatch(method, params)\n           ^^^^^^^^^^^^^^^^^^^^^^^^\n  File "/home/mahmoud/odoo/samayainv/odoo/odoo/service/model.py", line 58, in dispatch\n    res = execute_kw(db, uid, *params[3:])\n          ^^^^^^^^^^^^^^^^^^^^^^^^^^^^^^^^\n  File "/home/mahmoud/odoo/samayainv/odoo/odoo/service/model.py", line 81, in execute_kw\n    return execute(db, uid, obj, method, *args, **kw or {})\n           ^^^^^^^^^^^^^^^^^^^^^^^^^^^^^^^^^^^^^^^^^^^^^^^^\n  File "/home/mahmoud/odoo/samayainv/odoo/odoo/service/model.py", line 87, in execute\n    res = execute_cr(cr, uid, obj, method, *args, **kw)\n          ^^^^^^^^^^^^^^^^^^^^^^^^^^^^^^^^^^^^^^^^^^^^^\n  File "/home/mahmoud/odoo/samayainv/odoo/odoo/service/model.py", line 71, in execute_cr\n    get_public_method(recs, method)  # Don\'t use the result, call_kw will redo the getattr\n    ^^^^^^^^^^^^^^^^^^^^^^^^^^^^^^^\n  File "/home/mahmoud/odoo/samayainv/odoo/odoo/service/model.py", line 38, in get_public_method\n    raise AttributeError(f"The method \'{model._name}.{name}\' does not exist")  # noqa: TRY004\n    ^^^^^^^^^^^^^^^^^^^^^^^^^^^^^^^^^^^^^^^^^^^^^^^^^^^^^^^^^^^^^^^^^^^^^^^^^\nAttributeError: The method \'ir.actions.report.render_qweb_pdf\' does not exist\n'>. Retrying in 0.40s (attempt 2/3)
2025-12-13 21:39:29 | DEBUG    | mcp_server_odoo.services.odoo_service:execute:264 - Executing ir.actions.report.render_qweb_pdf with args=('sale.report_saleorder', [1], None), kwargs={}
2025-12-13 21:39:29 | ERROR    | mcp_server_odoo.services.odoo_service:execute:279 - Execution failed: <Fault The method 'ir.actions.report.render_qweb_pdf' does not exist: 'Traceback (most recent call last):\n  File "/home/mahmoud/odoo/samayainv/odoo/odoo/addons/base/controllers/rpc.py", line 151, in xmlrpc_1\n    response = self._xmlrpc(service)\n               ^^^^^^^^^^^^^^^^^^^^^\n  File "/home/mahmoud/odoo/samayainv/odoo/odoo/addons/base/controllers/rpc.py", line 139, in _xmlrpc\n    result = dispatch_rpc(service, method, params)\n             ^^^^^^^^^^^^^^^^^^^^^^^^^^^^^^^^^^^^^\n  File "/home/mahmoud/odoo/samayainv/odoo/odoo/http.py", line 412, in dispatch_rpc\n    return dispatch(method, params)\n           ^^^^^^^^^^^^^^^^^^^^^^^^\n  File "/home/mahmoud/odoo/samayainv/odoo/odoo/service/model.py", line 58, in dispatch\n    res = execute_kw(db, uid, *params[3:])\n          ^^^^^^^^^^^^^^^^^^^^^^^^^^^^^^^^\n  File "/home/mahmoud/odoo/samayainv/odoo/odoo/service/model.py", line 81, in execute_kw\n    return execute(db, uid, obj, method, *args, **kw or {})\n           ^^^^^^^^^^^^^^^^^^^^^^^^^^^^^^^^^^^^^^^^^^^^^^^^\n  File "/home/mahmoud/odoo/samayainv/odoo/odoo/service/model.py", line 87, in execute\n    res = execute_cr(cr, uid, obj, method, *args, **kw)\n          ^^^^^^^^^^^^^^^^^^^^^^^^^^^^^^^^^^^^^^^^^^^^^\n  File "/home/mahmoud/odoo/samayainv/odoo/odoo/service/model.py", line 71, in execute_cr\n    get_public_method(recs, method)  # Don\'t use the result, call_kw will redo the getattr\n    ^^^^^^^^^^^^^^^^^^^^^^^^^^^^^^^\n  File "/home/mahmoud/odoo/samayainv/odoo/odoo/service/model.py", line 38, in get_public_method\n    raise AttributeError(f"The method \'{model._name}.{name}\' does not exist")  # noqa: TRY004\n    ^^^^^^^^^^^^^^^^^^^^^^^^^^^^^^^^^^^^^^^^^^^^^^^^^^^^^^^^^^^^^^^^^^^^^^^^^\nAttributeError: The method \'ir.actions.report.render_qweb_pdf\' does not exist\n'>
2025-12-13 21:39:29 | ERROR    | mcp_server_odoo.http_server:mcp_endpoint:991 - Error calling tool generate_report: Replacement index 0 out of range for positional args tuple
2025-12-13 21:40:16 | INFO     | mcp_server_odoo.http_server:lifespan:809 - Shutting down Odoo MCP HTTP Server...
2025-12-13 21:40:17 | INFO     | mcp_server_odoo.http_server:lifespan:798 - Starting Odoo MCP HTTP Server...
2025-12-13 21:40:17 | INFO     | mcp_server_odoo.services.cache_service:__init__:34 - Cache service initialized - enabled: True, TTL: 300s, max_size: 1000
2025-12-13 21:40:17 | INFO     | mcp_server_odoo.services.odoo_service:__init__:62 - Odoo service initialized for http://host.docker.internal:8069/samayainv (version=18.0, endpoint_mode=xmlrpc)
2025-12-13 21:40:17 | DEBUG    | mcp_server_odoo.services.cache_service:get:81 - Cache miss: auth:admin:samayainv
2025-12-13 21:40:17 | INFO     | mcp_server_odoo.services.odoo_service:authenticate:229 - Authenticating with Odoo...
2025-12-13 21:40:17 | DEBUG    | mcp_server_odoo.services.cache_service:set:105 - Cache set: auth:admin:samayainv (TTL: 3600s)
2025-12-13 21:40:17 | INFO     | mcp_server_odoo.services.odoo_service:authenticate:250 - Authentication successful, user ID: 2
2025-12-13 21:40:17 | INFO     | mcp_server_odoo.http_server:lifespan:803 - Odoo connection test successful
2025-12-13 21:41:14 | INFO     | mcp_server_odoo.http_server:mcp_endpoint:900 - MCP request: tools/call (streaming: False)
2025-12-13 21:41:14 | INFO     | mcp_server_odoo.http_server:call_tool:408 - Tool called: search_records with arguments: {'model': 'sale.order', 'fields': ['name'], 'limit': 1, 'order': 'id asc'}
2025-12-13 21:41:14 | INFO     | mcp_server_odoo.http_server:call_tool:500 - Searching records in sale.order with domain: []
2025-12-13 21:41:14 | DEBUG    | mcp_server_odoo.services.cache_service:get:81 - Cache miss: model_list
2025-12-13 21:41:14 | DEBUG    | mcp_server_odoo.services.cache_service:get:81 - Cache miss: fields_get|ir.model|None|None
2025-12-13 21:41:14 | DEBUG    | mcp_server_odoo.services.odoo_service:execute:264 - Executing ir.model.fields_get with args=(), kwargs={}
2025-12-13 21:41:14 | DEBUG    | mcp_server_odoo.services.odoo_service:execute:276 - Execution successful, result type: <class 'dict'>
2025-12-13 21:41:14 | DEBUG    | mcp_server_odoo.services.cache_service:set:105 - Cache set: fields_get|ir.model|None|None (TTL: 3600s)
2025-12-13 21:41:14 | DEBUG    | mcp_server_odoo.services.cache_service:get:81 - Cache miss: search_read|ir.model|[]|['model', 'name', 'transient']|0|None|None
2025-12-13 21:41:14 | DEBUG    | mcp_server_odoo.services.odoo_service:execute:264 - Executing ir.model.search_read with args=([],), kwargs={'offset': 0, 'fields': ['model', 'name', 'transient']}
2025-12-13 21:41:14 | DEBUG    | mcp_server_odoo.services.odoo_service:execute:276 - Execution successful, result type: <class 'list'>
2025-12-13 21:41:14 | DEBUG    | mcp_server_odoo.services.cache_service:set:105 - Cache set: search_read|ir.model|[]|['model', 'name', 'transient']|0|None|None (TTL: 300s)
2025-12-13 21:41:14 | DEBUG    | mcp_server_odoo.services.cache_service:set:105 - Cache set: model_list (TTL: 3600s)
2025-12-13 21:41:14 | DEBUG    | mcp_server_odoo.services.cache_service:get:89 - Cache hit: model_list
2025-12-13 21:41:14 | DEBUG    | mcp_server_odoo.services.cache_service:get:81 - Cache miss: fields_get|sale.order|None|None
2025-12-13 21:41:14 | DEBUG    | mcp_server_odoo.services.odoo_service:execute:264 - Executing sale.order.fields_get with args=(), kwargs={}
2025-12-13 21:41:14 | DEBUG    | mcp_server_odoo.services.odoo_service:execute:276 - Execution successful, result type: <class 'dict'>
2025-12-13 21:41:14 | DEBUG    | mcp_server_odoo.services.cache_service:set:105 - Cache set: fields_get|sale.order|None|None (TTL: 3600s)
2025-12-13 21:41:14 | DEBUG    | mcp_server_odoo.services.cache_service:get:81 - Cache miss: search_read|sale.order|[]|['name']|0|1|id asc
2025-12-13 21:41:14 | DEBUG    | mcp_server_odoo.services.odoo_service:execute:264 - Executing sale.order.search_read with args=([],), kwargs={'offset': 0, 'fields': ['name'], 'limit': 1, 'order': 'id asc'}
2025-12-13 21:41:14 | DEBUG    | mcp_server_odoo.services.odoo_service:execute:276 - Execution successful, result type: <class 'list'>
2025-12-13 21:41:14 | DEBUG    | mcp_server_odoo.services.cache_service:set:105 - Cache set: search_read|sale.order|[]|['name']|0|1|id asc (TTL: 300s)
2025-12-13 21:41:27 | INFO     | mcp_server_odoo.http_server:mcp_endpoint:900 - MCP request: tools/call (streaming: False)
2025-12-13 21:41:27 | INFO     | mcp_server_odoo.http_server:call_tool:408 - Tool called: generate_report with arguments: {'report_name': 'sale.report_saleorder', 'ids': [1]}
2025-12-13 21:41:27 | INFO     | mcp_server_odoo.http_server:call_tool:673 - Generating report sale.report_saleorder for IDs: [1]
2025-12-13 21:41:27 | DEBUG    | mcp_server_odoo.services.cache_service:get:89 - Cache hit: model_list
2025-12-13 21:41:27 | DEBUG    | mcp_server_odoo.services.cache_service:get:89 - Cache hit: model_list
2025-12-13 21:41:27 | DEBUG    | mcp_server_odoo.services.cache_service:get:81 - Cache miss: fields_get|ir.actions.report|None|None
2025-12-13 21:41:27 | DEBUG    | mcp_server_odoo.services.odoo_service:execute:264 - Executing ir.actions.report.fields_get with args=(), kwargs={}
2025-12-13 21:41:27 | DEBUG    | mcp_server_odoo.services.odoo_service:execute:276 - Execution successful, result type: <class 'dict'>
2025-12-13 21:41:27 | DEBUG    | mcp_server_odoo.services.cache_service:set:105 - Cache set: fields_get|ir.actions.report|None|None (TTL: 3600s)
2025-12-13 21:41:27 | DEBUG    | mcp_server_odoo.services.cache_service:get:89 - Cache hit: model_list
2025-12-13 21:41:27 | DEBUG    | mcp_server_odoo.services.cache_service:get:89 - Cache hit: fields_get|ir.actions.report|None|None
2025-12-13 21:41:27 | DEBUG    | mcp_server_odoo.services.cache_service:get:81 - Cache miss: search_read|ir.actions.report|[['report_type', '=', 'qweb-pdf']]|['id', 'name', 'report_name', 'model', 'report_type']|0|None|None
2025-12-13 21:41:27 | DEBUG    | mcp_server_odoo.services.odoo_service:execute:264 - Executing ir.actions.report.search_read with args=([['report_type', '=', 'qweb-pdf']],), kwargs={'offset': 0, 'fields': ['id', 'name', 'report_name', 'model', 'report_type']}
2025-12-13 21:41:27 | DEBUG    | mcp_server_odoo.services.odoo_service:execute:276 - Execution successful, result type: <class 'list'>
2025-12-13 21:41:27 | DEBUG    | mcp_server_odoo.services.cache_service:set:105 - Cache set: search_read|ir.actions.report|[['report_type', '=', 'qweb-pdf']]|['id', 'name', 'report_name', 'model', 'report_type']|0|None|None (TTL: 300s)
2025-12-13 21:41:27 | DEBUG    | mcp_server_odoo.services.odoo_service:execute:264 - Executing ir.actions.report.render_qweb_pdf with args=('sale.report_saleorder', [1]), kwargs={}
2025-12-13 21:41:27 | ERROR    | mcp_server_odoo.services.odoo_service:execute:279 - Execution failed: <Fault The method 'ir.actions.report.render_qweb_pdf' does not exist: 'Traceback (most recent call last):\n  File "/home/mahmoud/odoo/samayainv/odoo/odoo/addons/base/controllers/rpc.py", line 151, in xmlrpc_1\n    response = self._xmlrpc(service)\n               ^^^^^^^^^^^^^^^^^^^^^\n  File "/home/mahmoud/odoo/samayainv/odoo/odoo/addons/base/controllers/rpc.py", line 139, in _xmlrpc\n    result = dispatch_rpc(service, method, params)\n             ^^^^^^^^^^^^^^^^^^^^^^^^^^^^^^^^^^^^^\n  File "/home/mahmoud/odoo/samayainv/odoo/odoo/http.py", line 412, in dispatch_rpc\n    return dispatch(method, params)\n           ^^^^^^^^^^^^^^^^^^^^^^^^\n  File "/home/mahmoud/odoo/samayainv/odoo/odoo/service/model.py", line 58, in dispatch\n    res = execute_kw(db, uid, *params[3:])\n          ^^^^^^^^^^^^^^^^^^^^^^^^^^^^^^^^\n  File "/home/mahmoud/odoo/samayainv/odoo/odoo/service/model.py", line 81, in execute_kw\n    return execute(db, uid, obj, method, *args, **kw or {})\n           ^^^^^^^^^^^^^^^^^^^^^^^^^^^^^^^^^^^^^^^^^^^^^^^^\n  File "/home/mahmoud/odoo/samayainv/odoo/odoo/service/model.py", line 87, in execute\n    res = execute_cr(cr, uid, obj, method, *args, **kw)\n          ^^^^^^^^^^^^^^^^^^^^^^^^^^^^^^^^^^^^^^^^^^^^^\n  File "/home/mahmoud/odoo/samayainv/odoo/odoo/service/model.py", line 71, in execute_cr\n    get_public_method(recs, method)  # Don\'t use the result, call_kw will redo the getattr\n    ^^^^^^^^^^^^^^^^^^^^^^^^^^^^^^^\n  File "/home/mahmoud/odoo/samayainv/odoo/odoo/service/model.py", line 38, in get_public_method\n    raise AttributeError(f"The method \'{model._name}.{name}\' does not exist")  # noqa: TRY004\n    ^^^^^^^^^^^^^^^^^^^^^^^^^^^^^^^^^^^^^^^^^^^^^^^^^^^^^^^^^^^^^^^^^^^^^^^^^\nAttributeError: The method \'ir.actions.report.render_qweb_pdf\' does not exist\n'>
2025-12-13 21:41:27 | WARNING  | mcp_server_odoo.services.odoo_service:_execute_with_retry:293 - Retryable error (odoo_fault): <Fault The method 'ir.actions.report.render_qweb_pdf' does not exist: 'Traceback (most recent call last):\n  File "/home/mahmoud/odoo/samayainv/odoo/odoo/addons/base/controllers/rpc.py", line 151, in xmlrpc_1\n    response = self._xmlrpc(service)\n               ^^^^^^^^^^^^^^^^^^^^^\n  File "/home/mahmoud/odoo/samayainv/odoo/odoo/addons/base/controllers/rpc.py", line 139, in _xmlrpc\n    result = dispatch_rpc(service, method, params)\n             ^^^^^^^^^^^^^^^^^^^^^^^^^^^^^^^^^^^^^\n  File "/home/mahmoud/odoo/samayainv/odoo/odoo/http.py", line 412, in dispatch_rpc\n    return dispatch(method, params)\n           ^^^^^^^^^^^^^^^^^^^^^^^^\n  File "/home/mahmoud/odoo/samayainv/odoo/odoo/service/model.py", line 58, in dispatch\n    res = execute_kw(db, uid, *params[3:])\n          ^^^^^^^^^^^^^^^^^^^^^^^^^^^^^^^^\n  File "/home/mahmoud/odoo/samayainv/odoo/odoo/service/model.py", line 81, in execute_kw\n    return execute(db, uid, obj, method, *args, **kw or {})\n           ^^^^^^^^^^^^^^^^^^^^^^^^^^^^^^^^^^^^^^^^^^^^^^^^\n  File "/home/mahmoud/odoo/samayainv/odoo/odoo/service/model.py", line 87, in execute\n    res = execute_cr(cr, uid, obj, method, *args, **kw)\n          ^^^^^^^^^^^^^^^^^^^^^^^^^^^^^^^^^^^^^^^^^^^^^\n  File "/home/mahmoud/odoo/samayainv/odoo/odoo/service/model.py", line 71, in execute_cr\n    get_public_method(recs, method)  # Don\'t use the result, call_kw will redo the getattr\n    ^^^^^^^^^^^^^^^^^^^^^^^^^^^^^^^\n  File "/home/mahmoud/odoo/samayainv/odoo/odoo/service/model.py", line 38, in get_public_method\n    raise AttributeError(f"The method \'{model._name}.{name}\' does not exist")  # noqa: TRY004\n    ^^^^^^^^^^^^^^^^^^^^^^^^^^^^^^^^^^^^^^^^^^^^^^^^^^^^^^^^^^^^^^^^^^^^^^^^^\nAttributeError: The method \'ir.actions.report.render_qweb_pdf\' does not exist\n'>. Retrying in 0.20s (attempt 1/3)
2025-12-13 21:41:27 | DEBUG    | mcp_server_odoo.services.odoo_service:execute:264 - Executing ir.actions.report.render_qweb_pdf with args=('sale.report_saleorder', [1]), kwargs={}
2025-12-13 21:41:27 | ERROR    | mcp_server_odoo.services.odoo_service:execute:279 - Execution failed: <Fault The method 'ir.actions.report.render_qweb_pdf' does not exist: 'Traceback (most recent call last):\n  File "/home/mahmoud/odoo/samayainv/odoo/odoo/addons/base/controllers/rpc.py", line 151, in xmlrpc_1\n    response = self._xmlrpc(service)\n               ^^^^^^^^^^^^^^^^^^^^^\n  File "/home/mahmoud/odoo/samayainv/odoo/odoo/addons/base/controllers/rpc.py", line 139, in _xmlrpc\n    result = dispatch_rpc(service, method, params)\n             ^^^^^^^^^^^^^^^^^^^^^^^^^^^^^^^^^^^^^\n  File "/home/mahmoud/odoo/samayainv/odoo/odoo/http.py", line 412, in dispatch_rpc\n    return dispatch(method, params)\n           ^^^^^^^^^^^^^^^^^^^^^^^^\n  File "/home/mahmoud/odoo/samayainv/odoo/odoo/service/model.py", line 58, in dispatch\n    res = execute_kw(db, uid, *params[3:])\n          ^^^^^^^^^^^^^^^^^^^^^^^^^^^^^^^^\n  File "/home/mahmoud/odoo/samayainv/odoo/odoo/service/model.py", line 81, in execute_kw\n    return execute(db, uid, obj, method, *args, **kw or {})\n           ^^^^^^^^^^^^^^^^^^^^^^^^^^^^^^^^^^^^^^^^^^^^^^^^\n  File "/home/mahmoud/odoo/samayainv/odoo/odoo/service/model.py", line 87, in execute\n    res = execute_cr(cr, uid, obj, method, *args, **kw)\n          ^^^^^^^^^^^^^^^^^^^^^^^^^^^^^^^^^^^^^^^^^^^^^\n  File "/home/mahmoud/odoo/samayainv/odoo/odoo/service/model.py", line 71, in execute_cr\n    get_public_method(recs, method)  # Don\'t use the result, call_kw will redo the getattr\n    ^^^^^^^^^^^^^^^^^^^^^^^^^^^^^^^\n  File "/home/mahmoud/odoo/samayainv/odoo/odoo/service/model.py", line 38, in get_public_method\n    raise AttributeError(f"The method \'{model._name}.{name}\' does not exist")  # noqa: TRY004\n    ^^^^^^^^^^^^^^^^^^^^^^^^^^^^^^^^^^^^^^^^^^^^^^^^^^^^^^^^^^^^^^^^^^^^^^^^^\nAttributeError: The method \'ir.actions.report.render_qweb_pdf\' does not exist\n'>
2025-12-13 21:41:27 | WARNING  | mcp_server_odoo.services.odoo_service:_execute_with_retry:293 - Retryable error (odoo_fault): <Fault The method 'ir.actions.report.render_qweb_pdf' does not exist: 'Traceback (most recent call last):\n  File "/home/mahmoud/odoo/samayainv/odoo/odoo/addons/base/controllers/rpc.py", line 151, in xmlrpc_1\n    response = self._xmlrpc(service)\n               ^^^^^^^^^^^^^^^^^^^^^\n  File "/home/mahmoud/odoo/samayainv/odoo/odoo/addons/base/controllers/rpc.py", line 139, in _xmlrpc\n    result = dispatch_rpc(service, method, params)\n             ^^^^^^^^^^^^^^^^^^^^^^^^^^^^^^^^^^^^^\n  File "/home/mahmoud/odoo/samayainv/odoo/odoo/http.py", line 412, in dispatch_rpc\n    return dispatch(method, params)\n           ^^^^^^^^^^^^^^^^^^^^^^^^\n  File "/home/mahmoud/odoo/samayainv/odoo/odoo/service/model.py", line 58, in dispatch\n    res = execute_kw(db, uid, *params[3:])\n          ^^^^^^^^^^^^^^^^^^^^^^^^^^^^^^^^\n  File "/home/mahmoud/odoo/samayainv/odoo/odoo/service/model.py", line 81, in execute_kw\n    return execute(db, uid, obj, method, *args, **kw or {})\n           ^^^^^^^^^^^^^^^^^^^^^^^^^^^^^^^^^^^^^^^^^^^^^^^^\n  File "/home/mahmoud/odoo/samayainv/odoo/odoo/service/model.py", line 87, in execute\n    res = execute_cr(cr, uid, obj, method, *args, **kw)\n          ^^^^^^^^^^^^^^^^^^^^^^^^^^^^^^^^^^^^^^^^^^^^^\n  File "/home/mahmoud/odoo/samayainv/odoo/odoo/service/model.py", line 71, in execute_cr\n    get_public_method(recs, method)  # Don\'t use the result, call_kw will redo the getattr\n    ^^^^^^^^^^^^^^^^^^^^^^^^^^^^^^^\n  File "/home/mahmoud/odoo/samayainv/odoo/odoo/service/model.py", line 38, in get_public_method\n    raise AttributeError(f"The method \'{model._name}.{name}\' does not exist")  # noqa: TRY004\n    ^^^^^^^^^^^^^^^^^^^^^^^^^^^^^^^^^^^^^^^^^^^^^^^^^^^^^^^^^^^^^^^^^^^^^^^^^\nAttributeError: The method \'ir.actions.report.render_qweb_pdf\' does not exist\n'>. Retrying in 0.40s (attempt 2/3)
2025-12-13 21:41:27 | DEBUG    | mcp_server_odoo.services.odoo_service:execute:264 - Executing ir.actions.report.render_qweb_pdf with args=('sale.report_saleorder', [1]), kwargs={}
2025-12-13 21:41:27 | ERROR    | mcp_server_odoo.services.odoo_service:execute:279 - Execution failed: <Fault The method 'ir.actions.report.render_qweb_pdf' does not exist: 'Traceback (most recent call last):\n  File "/home/mahmoud/odoo/samayainv/odoo/odoo/addons/base/controllers/rpc.py", line 151, in xmlrpc_1\n    response = self._xmlrpc(service)\n               ^^^^^^^^^^^^^^^^^^^^^\n  File "/home/mahmoud/odoo/samayainv/odoo/odoo/addons/base/controllers/rpc.py", line 139, in _xmlrpc\n    result = dispatch_rpc(service, method, params)\n             ^^^^^^^^^^^^^^^^^^^^^^^^^^^^^^^^^^^^^\n  File "/home/mahmoud/odoo/samayainv/odoo/odoo/http.py", line 412, in dispatch_rpc\n    return dispatch(method, params)\n           ^^^^^^^^^^^^^^^^^^^^^^^^\n  File "/home/mahmoud/odoo/samayainv/odoo/odoo/service/model.py", line 58, in dispatch\n    res = execute_kw(db, uid, *params[3:])\n          ^^^^^^^^^^^^^^^^^^^^^^^^^^^^^^^^\n  File "/home/mahmoud/odoo/samayainv/odoo/odoo/service/model.py", line 81, in execute_kw\n    return execute(db, uid, obj, method, *args, **kw or {})\n           ^^^^^^^^^^^^^^^^^^^^^^^^^^^^^^^^^^^^^^^^^^^^^^^^\n  File "/home/mahmoud/odoo/samayainv/odoo/odoo/service/model.py", line 87, in execute\n    res = execute_cr(cr, uid, obj, method, *args, **kw)\n          ^^^^^^^^^^^^^^^^^^^^^^^^^^^^^^^^^^^^^^^^^^^^^\n  File "/home/mahmoud/odoo/samayainv/odoo/odoo/service/model.py", line 71, in execute_cr\n    get_public_method(recs, method)  # Don\'t use the result, call_kw will redo the getattr\n    ^^^^^^^^^^^^^^^^^^^^^^^^^^^^^^^\n  File "/home/mahmoud/odoo/samayainv/odoo/odoo/service/model.py", line 38, in get_public_method\n    raise AttributeError(f"The method \'{model._name}.{name}\' does not exist")  # noqa: TRY004\n    ^^^^^^^^^^^^^^^^^^^^^^^^^^^^^^^^^^^^^^^^^^^^^^^^^^^^^^^^^^^^^^^^^^^^^^^^^\nAttributeError: The method \'ir.actions.report.render_qweb_pdf\' does not exist\n'>
2025-12-13 21:41:27 | ERROR    | mcp_server_odoo.http_server:mcp_endpoint:991 - Error calling tool generate_report: Replacement index 0 out of range for positional args tuple
2025-12-13 21:42:10 | INFO     | mcp_server_odoo.http_server:lifespan:809 - Shutting down Odoo MCP HTTP Server...
2025-12-13 21:42:11 | INFO     | mcp_server_odoo.http_server:lifespan:798 - Starting Odoo MCP HTTP Server...
2025-12-13 21:42:11 | INFO     | mcp_server_odoo.services.cache_service:__init__:34 - Cache service initialized - enabled: True, TTL: 300s, max_size: 1000
2025-12-13 21:42:11 | INFO     | mcp_server_odoo.services.odoo_service:__init__:62 - Odoo service initialized for http://host.docker.internal:8069/samayainv (version=18.0, endpoint_mode=xmlrpc)
2025-12-13 21:42:11 | DEBUG    | mcp_server_odoo.services.cache_service:get:81 - Cache miss: auth:admin:samayainv
2025-12-13 21:42:11 | INFO     | mcp_server_odoo.services.odoo_service:authenticate:229 - Authenticating with Odoo...
2025-12-13 21:42:12 | DEBUG    | mcp_server_odoo.services.cache_service:set:105 - Cache set: auth:admin:samayainv (TTL: 3600s)
2025-12-13 21:42:12 | INFO     | mcp_server_odoo.services.odoo_service:authenticate:250 - Authentication successful, user ID: 2
2025-12-13 21:42:12 | INFO     | mcp_server_odoo.http_server:lifespan:803 - Odoo connection test successful
2025-12-13 21:42:31 | INFO     | mcp_server_odoo.http_server:mcp_endpoint:900 - MCP request: tools/call (streaming: False)
2025-12-13 21:42:31 | INFO     | mcp_server_odoo.http_server:call_tool:408 - Tool called: generate_report with arguments: {'report_name': 'sale.report_saleorder', 'ids': [1]}
2025-12-13 21:42:31 | INFO     | mcp_server_odoo.http_server:call_tool:673 - Generating report sale.report_saleorder for IDs: [1]
2025-12-13 21:42:31 | DEBUG    | mcp_server_odoo.services.cache_service:get:81 - Cache miss: model_list
2025-12-13 21:42:31 | DEBUG    | mcp_server_odoo.services.cache_service:get:81 - Cache miss: fields_get|ir.model|None|None
2025-12-13 21:42:31 | DEBUG    | mcp_server_odoo.services.odoo_service:execute:264 - Executing ir.model.fields_get with args=(), kwargs={}
2025-12-13 21:42:31 | DEBUG    | mcp_server_odoo.services.odoo_service:execute:276 - Execution successful, result type: <class 'dict'>
2025-12-13 21:42:31 | DEBUG    | mcp_server_odoo.services.cache_service:set:105 - Cache set: fields_get|ir.model|None|None (TTL: 3600s)
2025-12-13 21:42:31 | DEBUG    | mcp_server_odoo.services.cache_service:get:81 - Cache miss: search_read|ir.model|[]|['model', 'name', 'transient']|0|None|None
2025-12-13 21:42:31 | DEBUG    | mcp_server_odoo.services.odoo_service:execute:264 - Executing ir.model.search_read with args=([],), kwargs={'offset': 0, 'fields': ['model', 'name', 'transient']}
2025-12-13 21:42:31 | DEBUG    | mcp_server_odoo.services.odoo_service:execute:276 - Execution successful, result type: <class 'list'>
2025-12-13 21:42:31 | DEBUG    | mcp_server_odoo.services.cache_service:set:105 - Cache set: search_read|ir.model|[]|['model', 'name', 'transient']|0|None|None (TTL: 300s)
2025-12-13 21:42:31 | DEBUG    | mcp_server_odoo.services.cache_service:set:105 - Cache set: model_list (TTL: 3600s)
2025-12-13 21:42:31 | DEBUG    | mcp_server_odoo.services.cache_service:get:89 - Cache hit: model_list
2025-12-13 21:42:31 | DEBUG    | mcp_server_odoo.services.cache_service:get:81 - Cache miss: fields_get|ir.actions.report|None|None
2025-12-13 21:42:31 | DEBUG    | mcp_server_odoo.services.odoo_service:execute:264 - Executing ir.actions.report.fields_get with args=(), kwargs={}
2025-12-13 21:42:31 | DEBUG    | mcp_server_odoo.services.odoo_service:execute:276 - Execution successful, result type: <class 'dict'>
2025-12-13 21:42:31 | DEBUG    | mcp_server_odoo.services.cache_service:set:105 - Cache set: fields_get|ir.actions.report|None|None (TTL: 3600s)
2025-12-13 21:42:31 | DEBUG    | mcp_server_odoo.services.cache_service:get:89 - Cache hit: model_list
2025-12-13 21:42:31 | DEBUG    | mcp_server_odoo.services.cache_service:get:89 - Cache hit: fields_get|ir.actions.report|None|None
2025-12-13 21:42:31 | DEBUG    | mcp_server_odoo.services.cache_service:get:81 - Cache miss: search_read|ir.actions.report|[['report_type', '=', 'qweb-pdf']]|['id', 'name', 'report_name', 'model', 'report_type']|0|None|None
2025-12-13 21:42:31 | DEBUG    | mcp_server_odoo.services.odoo_service:execute:264 - Executing ir.actions.report.search_read with args=([['report_type', '=', 'qweb-pdf']],), kwargs={'offset': 0, 'fields': ['id', 'name', 'report_name', 'model', 'report_type']}
2025-12-13 21:42:31 | DEBUG    | mcp_server_odoo.services.odoo_service:execute:276 - Execution successful, result type: <class 'list'>
2025-12-13 21:42:31 | DEBUG    | mcp_server_odoo.services.cache_service:set:105 - Cache set: search_read|ir.actions.report|[['report_type', '=', 'qweb-pdf']]|['id', 'name', 'report_name', 'model', 'report_type']|0|None|None (TTL: 300s)
2025-12-13 21:42:31 | DEBUG    | mcp_server_odoo.services.odoo_service:execute:264 - Executing ir.actions.report.render_qweb_pdf with args=([831], [1]), kwargs={}
2025-12-13 21:42:31 | ERROR    | mcp_server_odoo.services.odoo_service:execute:279 - Execution failed: <Fault The method 'ir.actions.report.render_qweb_pdf' does not exist: 'Traceback (most recent call last):\n  File "/home/mahmoud/odoo/samayainv/odoo/odoo/addons/base/controllers/rpc.py", line 151, in xmlrpc_1\n    response = self._xmlrpc(service)\n               ^^^^^^^^^^^^^^^^^^^^^\n  File "/home/mahmoud/odoo/samayainv/odoo/odoo/addons/base/controllers/rpc.py", line 139, in _xmlrpc\n    result = dispatch_rpc(service, method, params)\n             ^^^^^^^^^^^^^^^^^^^^^^^^^^^^^^^^^^^^^\n  File "/home/mahmoud/odoo/samayainv/odoo/odoo/http.py", line 412, in dispatch_rpc\n    return dispatch(method, params)\n           ^^^^^^^^^^^^^^^^^^^^^^^^\n  File "/home/mahmoud/odoo/samayainv/odoo/odoo/service/model.py", line 58, in dispatch\n    res = execute_kw(db, uid, *params[3:])\n          ^^^^^^^^^^^^^^^^^^^^^^^^^^^^^^^^\n  File "/home/mahmoud/odoo/samayainv/odoo/odoo/service/model.py", line 81, in execute_kw\n    return execute(db, uid, obj, method, *args, **kw or {})\n           ^^^^^^^^^^^^^^^^^^^^^^^^^^^^^^^^^^^^^^^^^^^^^^^^\n  File "/home/mahmoud/odoo/samayainv/odoo/odoo/service/model.py", line 87, in execute\n    res = execute_cr(cr, uid, obj, method, *args, **kw)\n          ^^^^^^^^^^^^^^^^^^^^^^^^^^^^^^^^^^^^^^^^^^^^^\n  File "/home/mahmoud/odoo/samayainv/odoo/odoo/service/model.py", line 71, in execute_cr\n    get_public_method(recs, method)  # Don\'t use the result, call_kw will redo the getattr\n    ^^^^^^^^^^^^^^^^^^^^^^^^^^^^^^^\n  File "/home/mahmoud/odoo/samayainv/odoo/odoo/service/model.py", line 38, in get_public_method\n    raise AttributeError(f"The method \'{model._name}.{name}\' does not exist")  # noqa: TRY004\n    ^^^^^^^^^^^^^^^^^^^^^^^^^^^^^^^^^^^^^^^^^^^^^^^^^^^^^^^^^^^^^^^^^^^^^^^^^\nAttributeError: The method \'ir.actions.report.render_qweb_pdf\' does not exist\n'>
2025-12-13 21:42:31 | WARNING  | mcp_server_odoo.services.odoo_service:_execute_with_retry:293 - Retryable error (odoo_fault): <Fault The method 'ir.actions.report.render_qweb_pdf' does not exist: 'Traceback (most recent call last):\n  File "/home/mahmoud/odoo/samayainv/odoo/odoo/addons/base/controllers/rpc.py", line 151, in xmlrpc_1\n    response = self._xmlrpc(service)\n               ^^^^^^^^^^^^^^^^^^^^^\n  File "/home/mahmoud/odoo/samayainv/odoo/odoo/addons/base/controllers/rpc.py", line 139, in _xmlrpc\n    result = dispatch_rpc(service, method, params)\n             ^^^^^^^^^^^^^^^^^^^^^^^^^^^^^^^^^^^^^\n  File "/home/mahmoud/odoo/samayainv/odoo/odoo/http.py", line 412, in dispatch_rpc\n    return dispatch(method, params)\n           ^^^^^^^^^^^^^^^^^^^^^^^^\n  File "/home/mahmoud/odoo/samayainv/odoo/odoo/service/model.py", line 58, in dispatch\n    res = execute_kw(db, uid, *params[3:])\n          ^^^^^^^^^^^^^^^^^^^^^^^^^^^^^^^^\n  File "/home/mahmoud/odoo/samayainv/odoo/odoo/service/model.py", line 81, in execute_kw\n    return execute(db, uid, obj, method, *args, **kw or {})\n           ^^^^^^^^^^^^^^^^^^^^^^^^^^^^^^^^^^^^^^^^^^^^^^^^\n  File "/home/mahmoud/odoo/samayainv/odoo/odoo/service/model.py", line 87, in execute\n    res = execute_cr(cr, uid, obj, method, *args, **kw)\n          ^^^^^^^^^^^^^^^^^^^^^^^^^^^^^^^^^^^^^^^^^^^^^\n  File "/home/mahmoud/odoo/samayainv/odoo/odoo/service/model.py", line 71, in execute_cr\n    get_public_method(recs, method)  # Don\'t use the result, call_kw will redo the getattr\n    ^^^^^^^^^^^^^^^^^^^^^^^^^^^^^^^\n  File "/home/mahmoud/odoo/samayainv/odoo/odoo/service/model.py", line 38, in get_public_method\n    raise AttributeError(f"The method \'{model._name}.{name}\' does not exist")  # noqa: TRY004\n    ^^^^^^^^^^^^^^^^^^^^^^^^^^^^^^^^^^^^^^^^^^^^^^^^^^^^^^^^^^^^^^^^^^^^^^^^^\nAttributeError: The method \'ir.actions.report.render_qweb_pdf\' does not exist\n'>. Retrying in 0.20s (attempt 1/3)
2025-12-13 21:42:31 | DEBUG    | mcp_server_odoo.services.odoo_service:execute:264 - Executing ir.actions.report.render_qweb_pdf with args=([831], [1]), kwargs={}
2025-12-13 21:42:31 | ERROR    | mcp_server_odoo.services.odoo_service:execute:279 - Execution failed: <Fault The method 'ir.actions.report.render_qweb_pdf' does not exist: 'Traceback (most recent call last):\n  File "/home/mahmoud/odoo/samayainv/odoo/odoo/addons/base/controllers/rpc.py", line 151, in xmlrpc_1\n    response = self._xmlrpc(service)\n               ^^^^^^^^^^^^^^^^^^^^^\n  File "/home/mahmoud/odoo/samayainv/odoo/odoo/addons/base/controllers/rpc.py", line 139, in _xmlrpc\n    result = dispatch_rpc(service, method, params)\n             ^^^^^^^^^^^^^^^^^^^^^^^^^^^^^^^^^^^^^\n  File "/home/mahmoud/odoo/samayainv/odoo/odoo/http.py", line 412, in dispatch_rpc\n    return dispatch(method, params)\n           ^^^^^^^^^^^^^^^^^^^^^^^^\n  File "/home/mahmoud/odoo/samayainv/odoo/odoo/service/model.py", line 58, in dispatch\n    res = execute_kw(db, uid, *params[3:])\n          ^^^^^^^^^^^^^^^^^^^^^^^^^^^^^^^^\n  File "/home/mahmoud/odoo/samayainv/odoo/odoo/service/model.py", line 81, in execute_kw\n    return execute(db, uid, obj, method, *args, **kw or {})\n           ^^^^^^^^^^^^^^^^^^^^^^^^^^^^^^^^^^^^^^^^^^^^^^^^\n  File "/home/mahmoud/odoo/samayainv/odoo/odoo/service/model.py", line 87, in execute\n    res = execute_cr(cr, uid, obj, method, *args, **kw)\n          ^^^^^^^^^^^^^^^^^^^^^^^^^^^^^^^^^^^^^^^^^^^^^\n  File "/home/mahmoud/odoo/samayainv/odoo/odoo/service/model.py", line 71, in execute_cr\n    get_public_method(recs, method)  # Don\'t use the result, call_kw will redo the getattr\n    ^^^^^^^^^^^^^^^^^^^^^^^^^^^^^^^\n  File "/home/mahmoud/odoo/samayainv/odoo/odoo/service/model.py", line 38, in get_public_method\n    raise AttributeError(f"The method \'{model._name}.{name}\' does not exist")  # noqa: TRY004\n    ^^^^^^^^^^^^^^^^^^^^^^^^^^^^^^^^^^^^^^^^^^^^^^^^^^^^^^^^^^^^^^^^^^^^^^^^^\nAttributeError: The method \'ir.actions.report.render_qweb_pdf\' does not exist\n'>
2025-12-13 21:42:31 | WARNING  | mcp_server_odoo.services.odoo_service:_execute_with_retry:293 - Retryable error (odoo_fault): <Fault The method 'ir.actions.report.render_qweb_pdf' does not exist: 'Traceback (most recent call last):\n  File "/home/mahmoud/odoo/samayainv/odoo/odoo/addons/base/controllers/rpc.py", line 151, in xmlrpc_1\n    response = self._xmlrpc(service)\n               ^^^^^^^^^^^^^^^^^^^^^\n  File "/home/mahmoud/odoo/samayainv/odoo/odoo/addons/base/controllers/rpc.py", line 139, in _xmlrpc\n    result = dispatch_rpc(service, method, params)\n             ^^^^^^^^^^^^^^^^^^^^^^^^^^^^^^^^^^^^^\n  File "/home/mahmoud/odoo/samayainv/odoo/odoo/http.py", line 412, in dispatch_rpc\n    return dispatch(method, params)\n           ^^^^^^^^^^^^^^^^^^^^^^^^\n  File "/home/mahmoud/odoo/samayainv/odoo/odoo/service/model.py", line 58, in dispatch\n    res = execute_kw(db, uid, *params[3:])\n          ^^^^^^^^^^^^^^^^^^^^^^^^^^^^^^^^\n  File "/home/mahmoud/odoo/samayainv/odoo/odoo/service/model.py", line 81, in execute_kw\n    return execute(db, uid, obj, method, *args, **kw or {})\n           ^^^^^^^^^^^^^^^^^^^^^^^^^^^^^^^^^^^^^^^^^^^^^^^^\n  File "/home/mahmoud/odoo/samayainv/odoo/odoo/service/model.py", line 87, in execute\n    res = execute_cr(cr, uid, obj, method, *args, **kw)\n          ^^^^^^^^^^^^^^^^^^^^^^^^^^^^^^^^^^^^^^^^^^^^^\n  File "/home/mahmoud/odoo/samayainv/odoo/odoo/service/model.py", line 71, in execute_cr\n    get_public_method(recs, method)  # Don\'t use the result, call_kw will redo the getattr\n    ^^^^^^^^^^^^^^^^^^^^^^^^^^^^^^^\n  File "/home/mahmoud/odoo/samayainv/odoo/odoo/service/model.py", line 38, in get_public_method\n    raise AttributeError(f"The method \'{model._name}.{name}\' does not exist")  # noqa: TRY004\n    ^^^^^^^^^^^^^^^^^^^^^^^^^^^^^^^^^^^^^^^^^^^^^^^^^^^^^^^^^^^^^^^^^^^^^^^^^\nAttributeError: The method \'ir.actions.report.render_qweb_pdf\' does not exist\n'>. Retrying in 0.40s (attempt 2/3)
2025-12-13 21:42:32 | DEBUG    | mcp_server_odoo.services.odoo_service:execute:264 - Executing ir.actions.report.render_qweb_pdf with args=([831], [1]), kwargs={}
2025-12-13 21:42:32 | ERROR    | mcp_server_odoo.services.odoo_service:execute:279 - Execution failed: <Fault The method 'ir.actions.report.render_qweb_pdf' does not exist: 'Traceback (most recent call last):\n  File "/home/mahmoud/odoo/samayainv/odoo/odoo/addons/base/controllers/rpc.py", line 151, in xmlrpc_1\n    response = self._xmlrpc(service)\n               ^^^^^^^^^^^^^^^^^^^^^\n  File "/home/mahmoud/odoo/samayainv/odoo/odoo/addons/base/controllers/rpc.py", line 139, in _xmlrpc\n    result = dispatch_rpc(service, method, params)\n             ^^^^^^^^^^^^^^^^^^^^^^^^^^^^^^^^^^^^^\n  File "/home/mahmoud/odoo/samayainv/odoo/odoo/http.py", line 412, in dispatch_rpc\n    return dispatch(method, params)\n           ^^^^^^^^^^^^^^^^^^^^^^^^\n  File "/home/mahmoud/odoo/samayainv/odoo/odoo/service/model.py", line 58, in dispatch\n    res = execute_kw(db, uid, *params[3:])\n          ^^^^^^^^^^^^^^^^^^^^^^^^^^^^^^^^\n  File "/home/mahmoud/odoo/samayainv/odoo/odoo/service/model.py", line 81, in execute_kw\n    return execute(db, uid, obj, method, *args, **kw or {})\n           ^^^^^^^^^^^^^^^^^^^^^^^^^^^^^^^^^^^^^^^^^^^^^^^^\n  File "/home/mahmoud/odoo/samayainv/odoo/odoo/service/model.py", line 87, in execute\n    res = execute_cr(cr, uid, obj, method, *args, **kw)\n          ^^^^^^^^^^^^^^^^^^^^^^^^^^^^^^^^^^^^^^^^^^^^^\n  File "/home/mahmoud/odoo/samayainv/odoo/odoo/service/model.py", line 71, in execute_cr\n    get_public_method(recs, method)  # Don\'t use the result, call_kw will redo the getattr\n    ^^^^^^^^^^^^^^^^^^^^^^^^^^^^^^^\n  File "/home/mahmoud/odoo/samayainv/odoo/odoo/service/model.py", line 38, in get_public_method\n    raise AttributeError(f"The method \'{model._name}.{name}\' does not exist")  # noqa: TRY004\n    ^^^^^^^^^^^^^^^^^^^^^^^^^^^^^^^^^^^^^^^^^^^^^^^^^^^^^^^^^^^^^^^^^^^^^^^^^\nAttributeError: The method \'ir.actions.report.render_qweb_pdf\' does not exist\n'>
2025-12-13 21:42:32 | ERROR    | mcp_server_odoo.http_server:mcp_endpoint:991 - Error calling tool generate_report: Replacement index 0 out of range for positional args tuple
2025-12-13 21:43:15 | INFO     | mcp_server_odoo.http_server:lifespan:809 - Shutting down Odoo MCP HTTP Server...
2025-12-13 21:43:16 | INFO     | mcp_server_odoo.http_server:lifespan:798 - Starting Odoo MCP HTTP Server...
2025-12-13 21:43:16 | INFO     | mcp_server_odoo.services.cache_service:__init__:34 - Cache service initialized - enabled: True, TTL: 300s, max_size: 1000
2025-12-13 21:43:16 | INFO     | mcp_server_odoo.services.odoo_service:__init__:62 - Odoo service initialized for http://host.docker.internal:8069/samayainv (version=18.0, endpoint_mode=xmlrpc)
2025-12-13 21:43:16 | DEBUG    | mcp_server_odoo.services.cache_service:get:81 - Cache miss: auth:admin:samayainv
2025-12-13 21:43:16 | INFO     | mcp_server_odoo.services.odoo_service:authenticate:229 - Authenticating with Odoo...
2025-12-13 21:43:16 | DEBUG    | mcp_server_odoo.services.cache_service:set:105 - Cache set: auth:admin:samayainv (TTL: 3600s)
2025-12-13 21:43:16 | INFO     | mcp_server_odoo.services.odoo_service:authenticate:250 - Authentication successful, user ID: 2
2025-12-13 21:43:16 | INFO     | mcp_server_odoo.http_server:lifespan:803 - Odoo connection test successful
2025-12-13 21:43:34 | INFO     | mcp_server_odoo.http_server:mcp_endpoint:900 - MCP request: tools/call (streaming: False)
2025-12-13 21:43:34 | INFO     | mcp_server_odoo.http_server:call_tool:408 - Tool called: generate_report with arguments: {'report_name': 'sale.report_saleorder', 'ids': [1]}
2025-12-13 21:43:34 | INFO     | mcp_server_odoo.http_server:call_tool:673 - Generating report sale.report_saleorder for IDs: [1]
2025-12-13 21:43:34 | DEBUG    | mcp_server_odoo.services.cache_service:get:81 - Cache miss: model_list
2025-12-13 21:43:34 | DEBUG    | mcp_server_odoo.services.cache_service:get:81 - Cache miss: fields_get|ir.model|None|None
2025-12-13 21:43:34 | DEBUG    | mcp_server_odoo.services.odoo_service:execute:264 - Executing ir.model.fields_get with args=(), kwargs={}
2025-12-13 21:43:34 | DEBUG    | mcp_server_odoo.services.odoo_service:execute:276 - Execution successful, result type: <class 'dict'>
2025-12-13 21:43:34 | DEBUG    | mcp_server_odoo.services.cache_service:set:105 - Cache set: fields_get|ir.model|None|None (TTL: 3600s)
2025-12-13 21:43:34 | DEBUG    | mcp_server_odoo.services.cache_service:get:81 - Cache miss: search_read|ir.model|[]|['model', 'name', 'transient']|0|None|None
2025-12-13 21:43:34 | DEBUG    | mcp_server_odoo.services.odoo_service:execute:264 - Executing ir.model.search_read with args=([],), kwargs={'offset': 0, 'fields': ['model', 'name', 'transient']}
2025-12-13 21:43:34 | DEBUG    | mcp_server_odoo.services.odoo_service:execute:276 - Execution successful, result type: <class 'list'>
2025-12-13 21:43:34 | DEBUG    | mcp_server_odoo.services.cache_service:set:105 - Cache set: search_read|ir.model|[]|['model', 'name', 'transient']|0|None|None (TTL: 300s)
2025-12-13 21:43:34 | DEBUG    | mcp_server_odoo.services.cache_service:set:105 - Cache set: model_list (TTL: 3600s)
2025-12-13 21:43:34 | DEBUG    | mcp_server_odoo.services.cache_service:get:89 - Cache hit: model_list
2025-12-13 21:43:34 | DEBUG    | mcp_server_odoo.services.cache_service:get:81 - Cache miss: fields_get|ir.actions.report|None|None
2025-12-13 21:43:34 | DEBUG    | mcp_server_odoo.services.odoo_service:execute:264 - Executing ir.actions.report.fields_get with args=(), kwargs={}
2025-12-13 21:43:34 | DEBUG    | mcp_server_odoo.services.odoo_service:execute:276 - Execution successful, result type: <class 'dict'>
2025-12-13 21:43:34 | DEBUG    | mcp_server_odoo.services.cache_service:set:105 - Cache set: fields_get|ir.actions.report|None|None (TTL: 3600s)
2025-12-13 21:43:34 | DEBUG    | mcp_server_odoo.services.cache_service:get:89 - Cache hit: model_list
2025-12-13 21:43:34 | DEBUG    | mcp_server_odoo.services.cache_service:get:89 - Cache hit: fields_get|ir.actions.report|None|None
2025-12-13 21:43:34 | DEBUG    | mcp_server_odoo.services.cache_service:get:81 - Cache miss: search_read|ir.actions.report|[['report_type', '=', 'qweb-pdf']]|['id', 'name', 'report_name', 'model', 'report_type']|0|None|None
2025-12-13 21:43:34 | DEBUG    | mcp_server_odoo.services.odoo_service:execute:264 - Executing ir.actions.report.search_read with args=([['report_type', '=', 'qweb-pdf']],), kwargs={'offset': 0, 'fields': ['id', 'name', 'report_name', 'model', 'report_type']}
2025-12-13 21:43:34 | DEBUG    | mcp_server_odoo.services.odoo_service:execute:276 - Execution successful, result type: <class 'list'>
2025-12-13 21:43:34 | DEBUG    | mcp_server_odoo.services.cache_service:set:105 - Cache set: search_read|ir.actions.report|[['report_type', '=', 'qweb-pdf']]|['id', 'name', 'report_name', 'model', 'report_type']|0|None|None (TTL: 300s)
2025-12-13 21:43:34 | DEBUG    | mcp_server_odoo.services.odoo_service:execute:264 - Executing ir.actions.report._render_qweb_pdf with args=([831], [1]), kwargs={}
2025-12-13 21:43:34 | ERROR    | mcp_server_odoo.services.odoo_service:execute:279 - Execution failed: <Fault warning -- AccessError

Private methods (such as 'ir.actions.report._render_qweb_pdf') cannot be called remotely.: ''>
2025-12-13 21:43:34 | WARNING  | mcp_server_odoo.services.odoo_service:_execute_with_retry:293 - Retryable error (odoo_fault): <Fault warning -- AccessError

Private methods (such as 'ir.actions.report._render_qweb_pdf') cannot be called remotely.: ''>. Retrying in 0.20s (attempt 1/3)
2025-12-13 21:43:34 | DEBUG    | mcp_server_odoo.services.odoo_service:execute:264 - Executing ir.actions.report._render_qweb_pdf with args=([831], [1]), kwargs={}
2025-12-13 21:43:34 | ERROR    | mcp_server_odoo.services.odoo_service:execute:279 - Execution failed: <Fault warning -- AccessError

Private methods (such as 'ir.actions.report._render_qweb_pdf') cannot be called remotely.: ''>
2025-12-13 21:43:34 | WARNING  | mcp_server_odoo.services.odoo_service:_execute_with_retry:293 - Retryable error (odoo_fault): <Fault warning -- AccessError

Private methods (such as 'ir.actions.report._render_qweb_pdf') cannot be called remotely.: ''>. Retrying in 0.40s (attempt 2/3)
2025-12-13 21:43:35 | DEBUG    | mcp_server_odoo.services.odoo_service:execute:264 - Executing ir.actions.report._render_qweb_pdf with args=([831], [1]), kwargs={}
2025-12-13 21:43:35 | ERROR    | mcp_server_odoo.services.odoo_service:execute:279 - Execution failed: <Fault warning -- AccessError

Private methods (such as 'ir.actions.report._render_qweb_pdf') cannot be called remotely.: ''>
2025-12-13 21:43:35 | ERROR    | mcp_server_odoo.http_server:call_tool:703 - Error handling tool generate_report: <Fault warning -- AccessError

Private methods (such as 'ir.actions.report._render_qweb_pdf') cannot be called remotely.: ''>
2025-12-13 21:44:24 | INFO     | mcp_server_odoo.http_server:lifespan:809 - Shutting down Odoo MCP HTTP Server...
2025-12-13 21:44:25 | INFO     | mcp_server_odoo.http_server:lifespan:798 - Starting Odoo MCP HTTP Server...
2025-12-13 21:44:25 | INFO     | mcp_server_odoo.services.cache_service:__init__:34 - Cache service initialized - enabled: True, TTL: 300s, max_size: 1000
2025-12-13 21:44:25 | INFO     | mcp_server_odoo.services.odoo_service:__init__:62 - Odoo service initialized for http://host.docker.internal:8069/samayainv (version=18.0, endpoint_mode=xmlrpc)
2025-12-13 21:44:25 | DEBUG    | mcp_server_odoo.services.cache_service:get:81 - Cache miss: auth:admin:samayainv
2025-12-13 21:44:25 | INFO     | mcp_server_odoo.services.odoo_service:authenticate:229 - Authenticating with Odoo...
2025-12-13 21:44:25 | DEBUG    | mcp_server_odoo.services.cache_service:set:105 - Cache set: auth:admin:samayainv (TTL: 3600s)
2025-12-13 21:44:25 | INFO     | mcp_server_odoo.services.odoo_service:authenticate:250 - Authentication successful, user ID: 2
2025-12-13 21:44:25 | INFO     | mcp_server_odoo.http_server:lifespan:803 - Odoo connection test successful
2025-12-13 21:44:44 | INFO     | mcp_server_odoo.http_server:mcp_endpoint:900 - MCP request: tools/call (streaming: False)
2025-12-13 21:44:44 | INFO     | mcp_server_odoo.http_server:call_tool:408 - Tool called: generate_report with arguments: {'report_name': 'sale.report_saleorder', 'ids': [1]}
2025-12-13 21:44:44 | INFO     | mcp_server_odoo.http_server:call_tool:673 - Generating report sale.report_saleorder for IDs: [1]
2025-12-13 21:44:44 | DEBUG    | mcp_server_odoo.services.cache_service:get:81 - Cache miss: model_list
2025-12-13 21:44:44 | DEBUG    | mcp_server_odoo.services.cache_service:get:81 - Cache miss: fields_get|ir.model|None|None
2025-12-13 21:44:44 | DEBUG    | mcp_server_odoo.services.odoo_service:execute:264 - Executing ir.model.fields_get with args=(), kwargs={}
2025-12-13 21:44:44 | DEBUG    | mcp_server_odoo.services.odoo_service:execute:276 - Execution successful, result type: <class 'dict'>
2025-12-13 21:44:44 | DEBUG    | mcp_server_odoo.services.cache_service:set:105 - Cache set: fields_get|ir.model|None|None (TTL: 3600s)
2025-12-13 21:44:44 | DEBUG    | mcp_server_odoo.services.cache_service:get:81 - Cache miss: search_read|ir.model|[]|['model', 'name', 'transient']|0|None|None
2025-12-13 21:44:44 | DEBUG    | mcp_server_odoo.services.odoo_service:execute:264 - Executing ir.model.search_read with args=([],), kwargs={'offset': 0, 'fields': ['model', 'name', 'transient']}
2025-12-13 21:44:44 | DEBUG    | mcp_server_odoo.services.odoo_service:execute:276 - Execution successful, result type: <class 'list'>
2025-12-13 21:44:44 | DEBUG    | mcp_server_odoo.services.cache_service:set:105 - Cache set: search_read|ir.model|[]|['model', 'name', 'transient']|0|None|None (TTL: 300s)
2025-12-13 21:44:44 | DEBUG    | mcp_server_odoo.services.cache_service:set:105 - Cache set: model_list (TTL: 3600s)
2025-12-13 21:44:44 | DEBUG    | mcp_server_odoo.services.cache_service:get:89 - Cache hit: model_list
2025-12-13 21:44:44 | DEBUG    | mcp_server_odoo.services.cache_service:get:81 - Cache miss: fields_get|ir.actions.report|None|None
2025-12-13 21:44:44 | DEBUG    | mcp_server_odoo.services.odoo_service:execute:264 - Executing ir.actions.report.fields_get with args=(), kwargs={}
2025-12-13 21:44:44 | DEBUG    | mcp_server_odoo.services.odoo_service:execute:276 - Execution successful, result type: <class 'dict'>
2025-12-13 21:44:44 | DEBUG    | mcp_server_odoo.services.cache_service:set:105 - Cache set: fields_get|ir.actions.report|None|None (TTL: 3600s)
2025-12-13 21:44:44 | DEBUG    | mcp_server_odoo.services.cache_service:get:89 - Cache hit: model_list
2025-12-13 21:44:44 | DEBUG    | mcp_server_odoo.services.cache_service:get:89 - Cache hit: fields_get|ir.actions.report|None|None
2025-12-13 21:44:44 | DEBUG    | mcp_server_odoo.services.cache_service:get:81 - Cache miss: search_read|ir.actions.report|[['report_type', '=', 'qweb-pdf']]|['id', 'name', 'report_name', 'model', 'report_type']|0|None|None
2025-12-13 21:44:44 | DEBUG    | mcp_server_odoo.services.odoo_service:execute:264 - Executing ir.actions.report.search_read with args=([['report_type', '=', 'qweb-pdf']],), kwargs={'offset': 0, 'fields': ['id', 'name', 'report_name', 'model', 'report_type']}
2025-12-13 21:44:44 | DEBUG    | mcp_server_odoo.services.odoo_service:execute:276 - Execution successful, result type: <class 'list'>
2025-12-13 21:44:44 | DEBUG    | mcp_server_odoo.services.cache_service:set:105 - Cache set: search_read|ir.actions.report|[['report_type', '=', 'qweb-pdf']]|['id', 'name', 'report_name', 'model', 'report_type']|0|None|None (TTL: 300s)
2025-12-13 21:44:44 | DEBUG    | mcp_server_odoo.services.odoo_service:execute:264 - Executing ir.actions.report.render_qweb_pdf with args=(831, [1]), kwargs={}
2025-12-13 21:44:44 | ERROR    | mcp_server_odoo.services.odoo_service:execute:279 - Execution failed: <Fault The method 'ir.actions.report.render_qweb_pdf' does not exist: 'Traceback (most recent call last):\n  File "/home/mahmoud/odoo/samayainv/odoo/odoo/addons/base/controllers/rpc.py", line 151, in xmlrpc_1\n    response = self._xmlrpc(service)\n               ^^^^^^^^^^^^^^^^^^^^^\n  File "/home/mahmoud/odoo/samayainv/odoo/odoo/addons/base/controllers/rpc.py", line 139, in _xmlrpc\n    result = dispatch_rpc(service, method, params)\n             ^^^^^^^^^^^^^^^^^^^^^^^^^^^^^^^^^^^^^\n  File "/home/mahmoud/odoo/samayainv/odoo/odoo/http.py", line 412, in dispatch_rpc\n    return dispatch(method, params)\n           ^^^^^^^^^^^^^^^^^^^^^^^^\n  File "/home/mahmoud/odoo/samayainv/odoo/odoo/service/model.py", line 58, in dispatch\n    res = execute_kw(db, uid, *params[3:])\n          ^^^^^^^^^^^^^^^^^^^^^^^^^^^^^^^^\n  File "/home/mahmoud/odoo/samayainv/odoo/odoo/service/model.py", line 81, in execute_kw\n    return execute(db, uid, obj, method, *args, **kw or {})\n           ^^^^^^^^^^^^^^^^^^^^^^^^^^^^^^^^^^^^^^^^^^^^^^^^\n  File "/home/mahmoud/odoo/samayainv/odoo/odoo/service/model.py", line 87, in execute\n    res = execute_cr(cr, uid, obj, method, *args, **kw)\n          ^^^^^^^^^^^^^^^^^^^^^^^^^^^^^^^^^^^^^^^^^^^^^\n  File "/home/mahmoud/odoo/samayainv/odoo/odoo/service/model.py", line 71, in execute_cr\n    get_public_method(recs, method)  # Don\'t use the result, call_kw will redo the getattr\n    ^^^^^^^^^^^^^^^^^^^^^^^^^^^^^^^\n  File "/home/mahmoud/odoo/samayainv/odoo/odoo/service/model.py", line 38, in get_public_method\n    raise AttributeError(f"The method \'{model._name}.{name}\' does not exist")  # noqa: TRY004\n    ^^^^^^^^^^^^^^^^^^^^^^^^^^^^^^^^^^^^^^^^^^^^^^^^^^^^^^^^^^^^^^^^^^^^^^^^^\nAttributeError: The method \'ir.actions.report.render_qweb_pdf\' does not exist\n'>
2025-12-13 21:44:44 | WARNING  | mcp_server_odoo.services.odoo_service:_execute_with_retry:293 - Retryable error (odoo_fault): <Fault The method 'ir.actions.report.render_qweb_pdf' does not exist: 'Traceback (most recent call last):\n  File "/home/mahmoud/odoo/samayainv/odoo/odoo/addons/base/controllers/rpc.py", line 151, in xmlrpc_1\n    response = self._xmlrpc(service)\n               ^^^^^^^^^^^^^^^^^^^^^\n  File "/home/mahmoud/odoo/samayainv/odoo/odoo/addons/base/controllers/rpc.py", line 139, in _xmlrpc\n    result = dispatch_rpc(service, method, params)\n             ^^^^^^^^^^^^^^^^^^^^^^^^^^^^^^^^^^^^^\n  File "/home/mahmoud/odoo/samayainv/odoo/odoo/http.py", line 412, in dispatch_rpc\n    return dispatch(method, params)\n           ^^^^^^^^^^^^^^^^^^^^^^^^\n  File "/home/mahmoud/odoo/samayainv/odoo/odoo/service/model.py", line 58, in dispatch\n    res = execute_kw(db, uid, *params[3:])\n          ^^^^^^^^^^^^^^^^^^^^^^^^^^^^^^^^\n  File "/home/mahmoud/odoo/samayainv/odoo/odoo/service/model.py", line 81, in execute_kw\n    return execute(db, uid, obj, method, *args, **kw or {})\n           ^^^^^^^^^^^^^^^^^^^^^^^^^^^^^^^^^^^^^^^^^^^^^^^^\n  File "/home/mahmoud/odoo/samayainv/odoo/odoo/service/model.py", line 87, in execute\n    res = execute_cr(cr, uid, obj, method, *args, **kw)\n          ^^^^^^^^^^^^^^^^^^^^^^^^^^^^^^^^^^^^^^^^^^^^^\n  File "/home/mahmoud/odoo/samayainv/odoo/odoo/service/model.py", line 71, in execute_cr\n    get_public_method(recs, method)  # Don\'t use the result, call_kw will redo the getattr\n    ^^^^^^^^^^^^^^^^^^^^^^^^^^^^^^^\n  File "/home/mahmoud/odoo/samayainv/odoo/odoo/service/model.py", line 38, in get_public_method\n    raise AttributeError(f"The method \'{model._name}.{name}\' does not exist")  # noqa: TRY004\n    ^^^^^^^^^^^^^^^^^^^^^^^^^^^^^^^^^^^^^^^^^^^^^^^^^^^^^^^^^^^^^^^^^^^^^^^^^\nAttributeError: The method \'ir.actions.report.render_qweb_pdf\' does not exist\n'>. Retrying in 0.20s (attempt 1/3)
2025-12-13 21:44:44 | DEBUG    | mcp_server_odoo.services.odoo_service:execute:264 - Executing ir.actions.report.render_qweb_pdf with args=(831, [1]), kwargs={}
2025-12-13 21:44:44 | ERROR    | mcp_server_odoo.services.odoo_service:execute:279 - Execution failed: <Fault The method 'ir.actions.report.render_qweb_pdf' does not exist: 'Traceback (most recent call last):\n  File "/home/mahmoud/odoo/samayainv/odoo/odoo/addons/base/controllers/rpc.py", line 151, in xmlrpc_1\n    response = self._xmlrpc(service)\n               ^^^^^^^^^^^^^^^^^^^^^\n  File "/home/mahmoud/odoo/samayainv/odoo/odoo/addons/base/controllers/rpc.py", line 139, in _xmlrpc\n    result = dispatch_rpc(service, method, params)\n             ^^^^^^^^^^^^^^^^^^^^^^^^^^^^^^^^^^^^^\n  File "/home/mahmoud/odoo/samayainv/odoo/odoo/http.py", line 412, in dispatch_rpc\n    return dispatch(method, params)\n           ^^^^^^^^^^^^^^^^^^^^^^^^\n  File "/home/mahmoud/odoo/samayainv/odoo/odoo/service/model.py", line 58, in dispatch\n    res = execute_kw(db, uid, *params[3:])\n          ^^^^^^^^^^^^^^^^^^^^^^^^^^^^^^^^\n  File "/home/mahmoud/odoo/samayainv/odoo/odoo/service/model.py", line 81, in execute_kw\n    return execute(db, uid, obj, method, *args, **kw or {})\n           ^^^^^^^^^^^^^^^^^^^^^^^^^^^^^^^^^^^^^^^^^^^^^^^^\n  File "/home/mahmoud/odoo/samayainv/odoo/odoo/service/model.py", line 87, in execute\n    res = execute_cr(cr, uid, obj, method, *args, **kw)\n          ^^^^^^^^^^^^^^^^^^^^^^^^^^^^^^^^^^^^^^^^^^^^^\n  File "/home/mahmoud/odoo/samayainv/odoo/odoo/service/model.py", line 71, in execute_cr\n    get_public_method(recs, method)  # Don\'t use the result, call_kw will redo the getattr\n    ^^^^^^^^^^^^^^^^^^^^^^^^^^^^^^^\n  File "/home/mahmoud/odoo/samayainv/odoo/odoo/service/model.py", line 38, in get_public_method\n    raise AttributeError(f"The method \'{model._name}.{name}\' does not exist")  # noqa: TRY004\n    ^^^^^^^^^^^^^^^^^^^^^^^^^^^^^^^^^^^^^^^^^^^^^^^^^^^^^^^^^^^^^^^^^^^^^^^^^\nAttributeError: The method \'ir.actions.report.render_qweb_pdf\' does not exist\n'>
2025-12-13 21:44:44 | WARNING  | mcp_server_odoo.services.odoo_service:_execute_with_retry:293 - Retryable error (odoo_fault): <Fault The method 'ir.actions.report.render_qweb_pdf' does not exist: 'Traceback (most recent call last):\n  File "/home/mahmoud/odoo/samayainv/odoo/odoo/addons/base/controllers/rpc.py", line 151, in xmlrpc_1\n    response = self._xmlrpc(service)\n               ^^^^^^^^^^^^^^^^^^^^^\n  File "/home/mahmoud/odoo/samayainv/odoo/odoo/addons/base/controllers/rpc.py", line 139, in _xmlrpc\n    result = dispatch_rpc(service, method, params)\n             ^^^^^^^^^^^^^^^^^^^^^^^^^^^^^^^^^^^^^\n  File "/home/mahmoud/odoo/samayainv/odoo/odoo/http.py", line 412, in dispatch_rpc\n    return dispatch(method, params)\n           ^^^^^^^^^^^^^^^^^^^^^^^^\n  File "/home/mahmoud/odoo/samayainv/odoo/odoo/service/model.py", line 58, in dispatch\n    res = execute_kw(db, uid, *params[3:])\n          ^^^^^^^^^^^^^^^^^^^^^^^^^^^^^^^^\n  File "/home/mahmoud/odoo/samayainv/odoo/odoo/service/model.py", line 81, in execute_kw\n    return execute(db, uid, obj, method, *args, **kw or {})\n           ^^^^^^^^^^^^^^^^^^^^^^^^^^^^^^^^^^^^^^^^^^^^^^^^\n  File "/home/mahmoud/odoo/samayainv/odoo/odoo/service/model.py", line 87, in execute\n    res = execute_cr(cr, uid, obj, method, *args, **kw)\n          ^^^^^^^^^^^^^^^^^^^^^^^^^^^^^^^^^^^^^^^^^^^^^\n  File "/home/mahmoud/odoo/samayainv/odoo/odoo/service/model.py", line 71, in execute_cr\n    get_public_method(recs, method)  # Don\'t use the result, call_kw will redo the getattr\n    ^^^^^^^^^^^^^^^^^^^^^^^^^^^^^^^\n  File "/home/mahmoud/odoo/samayainv/odoo/odoo/service/model.py", line 38, in get_public_method\n    raise AttributeError(f"The method \'{model._name}.{name}\' does not exist")  # noqa: TRY004\n    ^^^^^^^^^^^^^^^^^^^^^^^^^^^^^^^^^^^^^^^^^^^^^^^^^^^^^^^^^^^^^^^^^^^^^^^^^\nAttributeError: The method \'ir.actions.report.render_qweb_pdf\' does not exist\n'>. Retrying in 0.40s (attempt 2/3)
2025-12-13 21:44:44 | DEBUG    | mcp_server_odoo.services.odoo_service:execute:264 - Executing ir.actions.report.render_qweb_pdf with args=(831, [1]), kwargs={}
2025-12-13 21:44:44 | ERROR    | mcp_server_odoo.services.odoo_service:execute:279 - Execution failed: <Fault The method 'ir.actions.report.render_qweb_pdf' does not exist: 'Traceback (most recent call last):\n  File "/home/mahmoud/odoo/samayainv/odoo/odoo/addons/base/controllers/rpc.py", line 151, in xmlrpc_1\n    response = self._xmlrpc(service)\n               ^^^^^^^^^^^^^^^^^^^^^\n  File "/home/mahmoud/odoo/samayainv/odoo/odoo/addons/base/controllers/rpc.py", line 139, in _xmlrpc\n    result = dispatch_rpc(service, method, params)\n             ^^^^^^^^^^^^^^^^^^^^^^^^^^^^^^^^^^^^^\n  File "/home/mahmoud/odoo/samayainv/odoo/odoo/http.py", line 412, in dispatch_rpc\n    return dispatch(method, params)\n           ^^^^^^^^^^^^^^^^^^^^^^^^\n  File "/home/mahmoud/odoo/samayainv/odoo/odoo/service/model.py", line 58, in dispatch\n    res = execute_kw(db, uid, *params[3:])\n          ^^^^^^^^^^^^^^^^^^^^^^^^^^^^^^^^\n  File "/home/mahmoud/odoo/samayainv/odoo/odoo/service/model.py", line 81, in execute_kw\n    return execute(db, uid, obj, method, *args, **kw or {})\n           ^^^^^^^^^^^^^^^^^^^^^^^^^^^^^^^^^^^^^^^^^^^^^^^^\n  File "/home/mahmoud/odoo/samayainv/odoo/odoo/service/model.py", line 87, in execute\n    res = execute_cr(cr, uid, obj, method, *args, **kw)\n          ^^^^^^^^^^^^^^^^^^^^^^^^^^^^^^^^^^^^^^^^^^^^^\n  File "/home/mahmoud/odoo/samayainv/odoo/odoo/service/model.py", line 71, in execute_cr\n    get_public_method(recs, method)  # Don\'t use the result, call_kw will redo the getattr\n    ^^^^^^^^^^^^^^^^^^^^^^^^^^^^^^^\n  File "/home/mahmoud/odoo/samayainv/odoo/odoo/service/model.py", line 38, in get_public_method\n    raise AttributeError(f"The method \'{model._name}.{name}\' does not exist")  # noqa: TRY004\n    ^^^^^^^^^^^^^^^^^^^^^^^^^^^^^^^^^^^^^^^^^^^^^^^^^^^^^^^^^^^^^^^^^^^^^^^^^\nAttributeError: The method \'ir.actions.report.render_qweb_pdf\' does not exist\n'>
2025-12-13 21:44:44 | ERROR    | mcp_server_odoo.http_server:mcp_endpoint:991 - Error calling tool generate_report: Replacement index 0 out of range for positional args tuple
2025-12-13 21:48:42 | INFO     | mcp_server_odoo.http_server:lifespan:809 - Shutting down Odoo MCP HTTP Server...
2025-12-13 21:48:43 | INFO     | mcp_server_odoo.http_server:lifespan:798 - Starting Odoo MCP HTTP Server...
2025-12-13 21:48:43 | INFO     | mcp_server_odoo.services.cache_service:__init__:34 - Cache service initialized - enabled: True, TTL: 300s, max_size: 1000
2025-12-13 21:48:43 | INFO     | mcp_server_odoo.services.odoo_service:__init__:70 - Odoo service initialized for http://host.docker.internal:8069/samayainv (version=18.0, endpoint_mode=xmlrpc)
2025-12-13 21:48:43 | DEBUG    | mcp_server_odoo.services.cache_service:get:81 - Cache miss: auth:admin:samayainv
2025-12-13 21:48:43 | INFO     | mcp_server_odoo.services.odoo_service:authenticate:237 - Authenticating with Odoo...
2025-12-13 21:48:43 | DEBUG    | mcp_server_odoo.services.cache_service:set:105 - Cache set: auth:admin:samayainv (TTL: 3600s)
2025-12-13 21:48:43 | INFO     | mcp_server_odoo.services.odoo_service:authenticate:258 - Authentication successful, user ID: 2
2025-12-13 21:48:43 | INFO     | mcp_server_odoo.http_server:lifespan:803 - Odoo connection test successful
2025-12-13 21:49:02 | INFO     | mcp_server_odoo.http_server:mcp_endpoint:900 - MCP request: tools/call (streaming: False)
2025-12-13 21:49:02 | INFO     | mcp_server_odoo.http_server:call_tool:408 - Tool called: generate_report with arguments: {'report_name': 'sale.report_saleorder', 'ids': [1]}
2025-12-13 21:49:02 | INFO     | mcp_server_odoo.http_server:call_tool:673 - Generating report sale.report_saleorder for IDs: [1]
2025-12-13 21:49:02 | DEBUG    | mcp_server_odoo.services.cache_service:get:81 - Cache miss: model_list
2025-12-13 21:49:02 | DEBUG    | mcp_server_odoo.services.cache_service:get:81 - Cache miss: fields_get|ir.model|None|None
2025-12-13 21:49:02 | DEBUG    | mcp_server_odoo.services.odoo_service:execute:272 - Executing ir.model.fields_get with args=(), kwargs={}
2025-12-13 21:49:02 | DEBUG    | mcp_server_odoo.services.odoo_service:execute:284 - Execution successful, result type: <class 'dict'>
2025-12-13 21:49:02 | DEBUG    | mcp_server_odoo.services.cache_service:set:105 - Cache set: fields_get|ir.model|None|None (TTL: 3600s)
2025-12-13 21:49:02 | DEBUG    | mcp_server_odoo.services.cache_service:get:81 - Cache miss: search_read|ir.model|[]|['model', 'name', 'transient']|0|None|None
2025-12-13 21:49:02 | DEBUG    | mcp_server_odoo.services.odoo_service:execute:272 - Executing ir.model.search_read with args=([],), kwargs={'offset': 0, 'fields': ['model', 'name', 'transient']}
2025-12-13 21:49:02 | DEBUG    | mcp_server_odoo.services.odoo_service:execute:284 - Execution successful, result type: <class 'list'>
2025-12-13 21:49:02 | DEBUG    | mcp_server_odoo.services.cache_service:set:105 - Cache set: search_read|ir.model|[]|['model', 'name', 'transient']|0|None|None (TTL: 300s)
2025-12-13 21:49:02 | DEBUG    | mcp_server_odoo.services.cache_service:set:105 - Cache set: model_list (TTL: 3600s)
2025-12-13 21:49:02 | DEBUG    | mcp_server_odoo.services.cache_service:get:89 - Cache hit: model_list
2025-12-13 21:49:02 | DEBUG    | mcp_server_odoo.services.cache_service:get:81 - Cache miss: fields_get|ir.actions.report|None|None
2025-12-13 21:49:02 | DEBUG    | mcp_server_odoo.services.odoo_service:execute:272 - Executing ir.actions.report.fields_get with args=(), kwargs={}
2025-12-13 21:49:02 | DEBUG    | mcp_server_odoo.services.odoo_service:execute:284 - Execution successful, result type: <class 'dict'>
2025-12-13 21:49:02 | DEBUG    | mcp_server_odoo.services.cache_service:set:105 - Cache set: fields_get|ir.actions.report|None|None (TTL: 3600s)
2025-12-13 21:49:02 | DEBUG    | mcp_server_odoo.services.cache_service:get:89 - Cache hit: model_list
2025-12-13 21:49:02 | DEBUG    | mcp_server_odoo.services.cache_service:get:89 - Cache hit: fields_get|ir.actions.report|None|None
2025-12-13 21:49:02 | DEBUG    | mcp_server_odoo.services.cache_service:get:81 - Cache miss: search_read|ir.actions.report|[['report_type', '=', 'qweb-pdf']]|['id', 'name', 'report_name', 'model', 'report_type']|0|None|None
2025-12-13 21:49:02 | DEBUG    | mcp_server_odoo.services.odoo_service:execute:272 - Executing ir.actions.report.search_read with args=([['report_type', '=', 'qweb-pdf']],), kwargs={'offset': 0, 'fields': ['id', 'name', 'report_name', 'model', 'report_type']}
2025-12-13 21:49:02 | DEBUG    | mcp_server_odoo.services.odoo_service:execute:284 - Execution successful, result type: <class 'list'>
2025-12-13 21:49:02 | DEBUG    | mcp_server_odoo.services.cache_service:set:105 - Cache set: search_read|ir.actions.report|[['report_type', '=', 'qweb-pdf']]|['id', 'name', 'report_name', 'model', 'report_type']|0|None|None (TTL: 300s)
2025-12-13 21:49:02 | WARNING  | mcp_server_odoo.services.odoo_service:_execute_with_retry:301 - Retryable error (odoo_fault): <Fault report: 'Traceback (most recent call last):\n  File "/home/mahmoud/odoo/samayainv/odoo/odoo/addons/base/controllers/rpc.py", line 151, in xmlrpc_1\n    response = self._xmlrpc(service)\n               ^^^^^^^^^^^^^^^^^^^^^\n  File "/home/mahmoud/odoo/samayainv/odoo/odoo/addons/base/controllers/rpc.py", line 139, in _xmlrpc\n    result = dispatch_rpc(service, method, params)\n             ^^^^^^^^^^^^^^^^^^^^^^^^^^^^^^^^^^^^^\n  File "/home/mahmoud/odoo/samayainv/odoo/odoo/http.py", line 411, in dispatch_rpc\n    dispatch = rpc_dispatchers[service_name]\n               ~~~~~~~~~~~~~~~^^^^^^^^^^^^^^\nKeyError: \'report\'\n'>. Retrying in 0.20s (attempt 1/3)
2025-12-13 21:49:03 | WARNING  | mcp_server_odoo.services.odoo_service:_execute_with_retry:301 - Retryable error (odoo_fault): <Fault report: 'Traceback (most recent call last):\n  File "/home/mahmoud/odoo/samayainv/odoo/odoo/addons/base/controllers/rpc.py", line 151, in xmlrpc_1\n    response = self._xmlrpc(service)\n               ^^^^^^^^^^^^^^^^^^^^^\n  File "/home/mahmoud/odoo/samayainv/odoo/odoo/addons/base/controllers/rpc.py", line 139, in _xmlrpc\n    result = dispatch_rpc(service, method, params)\n             ^^^^^^^^^^^^^^^^^^^^^^^^^^^^^^^^^^^^^\n  File "/home/mahmoud/odoo/samayainv/odoo/odoo/http.py", line 411, in dispatch_rpc\n    dispatch = rpc_dispatchers[service_name]\n               ~~~~~~~~~~~~~~~^^^^^^^^^^^^^^\nKeyError: \'report\'\n'>. Retrying in 0.40s (attempt 2/3)
2025-12-13 21:49:03 | ERROR    | mcp_server_odoo.http_server:call_tool:703 - Error handling tool generate_report: <Fault report: 'Traceback (most recent call last):\n  File "/home/mahmoud/odoo/samayainv/odoo/odoo/addons/base/controllers/rpc.py", line 151, in xmlrpc_1\n    response = self._xmlrpc(service)\n               ^^^^^^^^^^^^^^^^^^^^^\n  File "/home/mahmoud/odoo/samayainv/odoo/odoo/addons/base/controllers/rpc.py", line 139, in _xmlrpc\n    result = dispatch_rpc(service, method, params)\n             ^^^^^^^^^^^^^^^^^^^^^^^^^^^^^^^^^^^^^\n  File "/home/mahmoud/odoo/samayainv/odoo/odoo/http.py", line 411, in dispatch_rpc\n    dispatch = rpc_dispatchers[service_name]\n               ~~~~~~~~~~~~~~~^^^^^^^^^^^^^^\nKeyError: \'report\'\n'>
2025-12-13 21:50:43 | INFO     | mcp_server_odoo.http_server:lifespan:809 - Shutting down Odoo MCP HTTP Server...
2025-12-13 21:50:44 | INFO     | mcp_server_odoo.http_server:lifespan:798 - Starting Odoo MCP HTTP Server...
2025-12-13 21:50:44 | INFO     | mcp_server_odoo.services.cache_service:__init__:34 - Cache service initialized - enabled: True, TTL: 300s, max_size: 1000
2025-12-13 21:50:44 | INFO     | mcp_server_odoo.services.odoo_service:__init__:70 - Odoo service initialized for http://host.docker.internal:8069/samayainv (version=18.0, endpoint_mode=xmlrpc)
2025-12-13 21:50:44 | DEBUG    | mcp_server_odoo.services.cache_service:get:81 - Cache miss: auth:admin:samayainv
2025-12-13 21:50:44 | INFO     | mcp_server_odoo.services.odoo_service:authenticate:237 - Authenticating with Odoo...
2025-12-13 21:50:45 | DEBUG    | mcp_server_odoo.services.cache_service:set:105 - Cache set: auth:admin:samayainv (TTL: 3600s)
2025-12-13 21:50:45 | INFO     | mcp_server_odoo.services.odoo_service:authenticate:258 - Authentication successful, user ID: 2
2025-12-13 21:50:45 | INFO     | mcp_server_odoo.http_server:lifespan:803 - Odoo connection test successful
2025-12-13 21:51:04 | INFO     | mcp_server_odoo.http_server:mcp_endpoint:900 - MCP request: tools/call (streaming: False)
2025-12-13 21:51:04 | INFO     | mcp_server_odoo.http_server:call_tool:408 - Tool called: generate_report with arguments: {'report_name': 'sale.report_saleorder', 'ids': [1]}
2025-12-13 21:51:04 | INFO     | mcp_server_odoo.http_server:call_tool:673 - Generating report sale.report_saleorder for IDs: [1]
2025-12-13 21:51:04 | DEBUG    | mcp_server_odoo.services.cache_service:get:81 - Cache miss: model_list
2025-12-13 21:51:04 | DEBUG    | mcp_server_odoo.services.cache_service:get:81 - Cache miss: fields_get|ir.model|None|None
2025-12-13 21:51:04 | DEBUG    | mcp_server_odoo.services.odoo_service:execute:272 - Executing ir.model.fields_get with args=(), kwargs={}
2025-12-13 21:51:04 | DEBUG    | mcp_server_odoo.services.odoo_service:execute:284 - Execution successful, result type: <class 'dict'>
2025-12-13 21:51:04 | DEBUG    | mcp_server_odoo.services.cache_service:set:105 - Cache set: fields_get|ir.model|None|None (TTL: 3600s)
2025-12-13 21:51:04 | DEBUG    | mcp_server_odoo.services.cache_service:get:81 - Cache miss: search_read|ir.model|[]|['model', 'name', 'transient']|0|None|None
2025-12-13 21:51:04 | DEBUG    | mcp_server_odoo.services.odoo_service:execute:272 - Executing ir.model.search_read with args=([],), kwargs={'offset': 0, 'fields': ['model', 'name', 'transient']}
2025-12-13 21:51:04 | DEBUG    | mcp_server_odoo.services.odoo_service:execute:284 - Execution successful, result type: <class 'list'>
2025-12-13 21:51:04 | DEBUG    | mcp_server_odoo.services.cache_service:set:105 - Cache set: search_read|ir.model|[]|['model', 'name', 'transient']|0|None|None (TTL: 300s)
2025-12-13 21:51:04 | DEBUG    | mcp_server_odoo.services.cache_service:set:105 - Cache set: model_list (TTL: 3600s)
2025-12-13 21:51:04 | DEBUG    | mcp_server_odoo.services.cache_service:get:89 - Cache hit: model_list
2025-12-13 21:51:04 | DEBUG    | mcp_server_odoo.services.cache_service:get:81 - Cache miss: fields_get|ir.actions.report|None|None
2025-12-13 21:51:04 | DEBUG    | mcp_server_odoo.services.odoo_service:execute:272 - Executing ir.actions.report.fields_get with args=(), kwargs={}
2025-12-13 21:51:04 | DEBUG    | mcp_server_odoo.services.odoo_service:execute:284 - Execution successful, result type: <class 'dict'>
2025-12-13 21:51:04 | DEBUG    | mcp_server_odoo.services.cache_service:set:105 - Cache set: fields_get|ir.actions.report|None|None (TTL: 3600s)
2025-12-13 21:51:04 | DEBUG    | mcp_server_odoo.services.cache_service:get:89 - Cache hit: model_list
2025-12-13 21:51:04 | DEBUG    | mcp_server_odoo.services.cache_service:get:89 - Cache hit: fields_get|ir.actions.report|None|None
2025-12-13 21:51:04 | DEBUG    | mcp_server_odoo.services.cache_service:get:81 - Cache miss: search_read|ir.actions.report|[['report_type', '=', 'qweb-pdf']]|['id', 'name', 'report_name', 'model', 'report_type']|0|None|None
2025-12-13 21:51:04 | DEBUG    | mcp_server_odoo.services.odoo_service:execute:272 - Executing ir.actions.report.search_read with args=([['report_type', '=', 'qweb-pdf']],), kwargs={'offset': 0, 'fields': ['id', 'name', 'report_name', 'model', 'report_type']}
2025-12-13 21:51:04 | DEBUG    | mcp_server_odoo.services.odoo_service:execute:284 - Execution successful, result type: <class 'list'>
2025-12-13 21:51:04 | DEBUG    | mcp_server_odoo.services.cache_service:set:105 - Cache set: search_read|ir.actions.report|[['report_type', '=', 'qweb-pdf']]|['id', 'name', 'report_name', 'model', 'report_type']|0|None|None (TTL: 300s)
2025-12-13 21:51:04 | WARNING  | mcp_server_odoo.services.odoo_service:_execute_with_retry:301 - Retryable error (odoo_fault): <Fault report: 'Traceback (most recent call last):\n  File "/home/mahmoud/odoo/samayainv/odoo/odoo/addons/base/controllers/rpc.py", line 151, in xmlrpc_1\n    response = self._xmlrpc(service)\n               ^^^^^^^^^^^^^^^^^^^^^\n  File "/home/mahmoud/odoo/samayainv/odoo/odoo/addons/base/controllers/rpc.py", line 139, in _xmlrpc\n    result = dispatch_rpc(service, method, params)\n             ^^^^^^^^^^^^^^^^^^^^^^^^^^^^^^^^^^^^^\n  File "/home/mahmoud/odoo/samayainv/odoo/odoo/http.py", line 411, in dispatch_rpc\n    dispatch = rpc_dispatchers[service_name]\n               ~~~~~~~~~~~~~~~^^^^^^^^^^^^^^\nKeyError: \'report\'\n'>. Retrying in 0.20s (attempt 1/3)
2025-12-13 21:51:05 | WARNING  | mcp_server_odoo.services.odoo_service:_execute_with_retry:301 - Retryable error (odoo_fault): <Fault report: 'Traceback (most recent call last):\n  File "/home/mahmoud/odoo/samayainv/odoo/odoo/addons/base/controllers/rpc.py", line 151, in xmlrpc_1\n    response = self._xmlrpc(service)\n               ^^^^^^^^^^^^^^^^^^^^^\n  File "/home/mahmoud/odoo/samayainv/odoo/odoo/addons/base/controllers/rpc.py", line 139, in _xmlrpc\n    result = dispatch_rpc(service, method, params)\n             ^^^^^^^^^^^^^^^^^^^^^^^^^^^^^^^^^^^^^\n  File "/home/mahmoud/odoo/samayainv/odoo/odoo/http.py", line 411, in dispatch_rpc\n    dispatch = rpc_dispatchers[service_name]\n               ~~~~~~~~~~~~~~~^^^^^^^^^^^^^^\nKeyError: \'report\'\n'>. Retrying in 0.40s (attempt 2/3)
2025-12-13 21:51:05 | ERROR    | mcp_server_odoo.http_server:call_tool:703 - Error handling tool generate_report: <Fault report: 'Traceback (most recent call last):\n  File "/home/mahmoud/odoo/samayainv/odoo/odoo/addons/base/controllers/rpc.py", line 151, in xmlrpc_1\n    response = self._xmlrpc(service)\n               ^^^^^^^^^^^^^^^^^^^^^\n  File "/home/mahmoud/odoo/samayainv/odoo/odoo/addons/base/controllers/rpc.py", line 139, in _xmlrpc\n    result = dispatch_rpc(service, method, params)\n             ^^^^^^^^^^^^^^^^^^^^^^^^^^^^^^^^^^^^^\n  File "/home/mahmoud/odoo/samayainv/odoo/odoo/http.py", line 411, in dispatch_rpc\n    dispatch = rpc_dispatchers[service_name]\n               ~~~~~~~~~~~~~~~^^^^^^^^^^^^^^\nKeyError: \'report\'\n'>
2025-12-13 22:00:33 | INFO     | mcp_server_odoo.http_server:lifespan:809 - Shutting down Odoo MCP HTTP Server...
2025-12-13 22:01:06 | INFO     | mcp_server_odoo.http_server:lifespan:798 - Starting Odoo MCP HTTP Server...
2025-12-13 22:01:06 | INFO     | mcp_server_odoo.services.cache_service:__init__:34 - Cache service initialized - enabled: True, TTL: 300s, max_size: 1000
2025-12-13 22:01:06 | INFO     | mcp_server_odoo.services.odoo_service:__init__:70 - Odoo service initialized for http://host.docker.internal:8069/samayainv (version=18.0, endpoint_mode=xmlrpc2)
2025-12-13 22:01:06 | DEBUG    | mcp_server_odoo.services.cache_service:get:81 - Cache miss: auth:admin:samayainv
2025-12-13 22:01:06 | INFO     | mcp_server_odoo.services.odoo_service:authenticate:237 - Authenticating with Odoo...
2025-12-13 22:01:06 | DEBUG    | mcp_server_odoo.services.cache_service:set:105 - Cache set: auth:admin:samayainv (TTL: 3600s)
2025-12-13 22:01:06 | INFO     | mcp_server_odoo.services.odoo_service:authenticate:258 - Authentication successful, user ID: 2
2025-12-13 22:01:06 | INFO     | mcp_server_odoo.http_server:lifespan:803 - Odoo connection test successful
2025-12-13 22:04:43 | INFO     | mcp_server_odoo.http_server:mcp_endpoint:900 - MCP request: tools/list (streaming: False)
2025-12-13 22:05:04 | WARNING  | mcp_server_odoo.http_server:api_key_middleware:844 - Unauthorized access attempt from 172.20.0.1
2025-12-13 22:05:04 | WARNING  | mcp_server_odoo.http_server:api_key_middleware:844 - Unauthorized access attempt from 172.20.0.1
2025-12-13 22:05:16 | INFO     | mcp_server_odoo.http_server:mcp_endpoint:900 - MCP request: tools/call (streaming: False)
2025-12-13 22:05:16 | INFO     | mcp_server_odoo.http_server:call_tool:408 - Tool called: server_status with arguments: {}
2025-12-13 22:07:51 | INFO     | mcp_server_odoo.http_server:mcp_endpoint:900 - MCP request: tools/call (streaming: False)
2025-12-13 22:07:51 | INFO     | mcp_server_odoo.http_server:call_tool:408 - Tool called: search_records with arguments: {'model': 'res.partner', 'fields': ['id', 'name', 'email', 'phone'], 'limit': 10, 'order': 'id asc'}
2025-12-13 22:07:51 | INFO     | mcp_server_odoo.http_server:call_tool:500 - Searching records in res.partner with domain: []
2025-12-13 22:07:51 | DEBUG    | mcp_server_odoo.services.cache_service:get:81 - Cache miss: model_list
2025-12-13 22:07:51 | DEBUG    | mcp_server_odoo.services.cache_service:get:81 - Cache miss: fields_get|ir.model|None|None
2025-12-13 22:07:51 | DEBUG    | mcp_server_odoo.services.odoo_service:execute:272 - Executing ir.model.fields_get with args=(), kwargs={}
2025-12-13 22:07:51 | DEBUG    | mcp_server_odoo.services.odoo_service:execute:284 - Execution successful, result type: <class 'dict'>
2025-12-13 22:07:51 | DEBUG    | mcp_server_odoo.services.cache_service:set:105 - Cache set: fields_get|ir.model|None|None (TTL: 3600s)
2025-12-13 22:07:51 | DEBUG    | mcp_server_odoo.services.cache_service:get:81 - Cache miss: search_read|ir.model|[]|['model', 'name', 'transient']|0|None|None
2025-12-13 22:07:51 | DEBUG    | mcp_server_odoo.services.odoo_service:execute:272 - Executing ir.model.search_read with args=([],), kwargs={'offset': 0, 'fields': ['model', 'name', 'transient']}
2025-12-13 22:07:51 | DEBUG    | mcp_server_odoo.services.odoo_service:execute:284 - Execution successful, result type: <class 'list'>
2025-12-13 22:07:51 | DEBUG    | mcp_server_odoo.services.cache_service:set:105 - Cache set: search_read|ir.model|[]|['model', 'name', 'transient']|0|None|None (TTL: 300s)
2025-12-13 22:07:51 | DEBUG    | mcp_server_odoo.services.cache_service:set:105 - Cache set: model_list (TTL: 3600s)
2025-12-13 22:07:51 | DEBUG    | mcp_server_odoo.services.cache_service:get:89 - Cache hit: model_list
2025-12-13 22:07:51 | DEBUG    | mcp_server_odoo.services.cache_service:get:81 - Cache miss: fields_get|res.partner|None|None
2025-12-13 22:07:51 | DEBUG    | mcp_server_odoo.services.odoo_service:execute:272 - Executing res.partner.fields_get with args=(), kwargs={}
2025-12-13 22:07:51 | DEBUG    | mcp_server_odoo.services.odoo_service:execute:284 - Execution successful, result type: <class 'dict'>
2025-12-13 22:07:51 | DEBUG    | mcp_server_odoo.services.cache_service:set:105 - Cache set: fields_get|res.partner|None|None (TTL: 3600s)
2025-12-13 22:07:51 | DEBUG    | mcp_server_odoo.services.cache_service:get:81 - Cache miss: search_read|res.partner|[]|['id', 'name', 'email', 'phone']|0|10|id asc
2025-12-13 22:07:51 | DEBUG    | mcp_server_odoo.services.odoo_service:execute:272 - Executing res.partner.search_read with args=([],), kwargs={'offset': 0, 'fields': ['id', 'name', 'email', 'phone'], 'limit': 10, 'order': 'id asc'}
2025-12-13 22:07:51 | DEBUG    | mcp_server_odoo.services.odoo_service:execute:284 - Execution successful, result type: <class 'list'>
2025-12-13 22:07:51 | DEBUG    | mcp_server_odoo.services.cache_service:set:105 - Cache set: search_read|res.partner|[]|['id', 'name', 'email', 'phone']|0|10|id asc (TTL: 300s)
2025-12-13 22:07:51 | INFO     | mcp_server_odoo.http_server:mcp_endpoint:900 - MCP request: tools/call (streaming: False)
2025-12-13 22:07:51 | INFO     | mcp_server_odoo.http_server:call_tool:408 - Tool called: search_records with arguments: {'model': 'res.partner', 'fields': ['id', 'name'], 'limit': 1000, 'order': 'id asc'}
2025-12-13 22:07:51 | INFO     | mcp_server_odoo.http_server:call_tool:500 - Searching records in res.partner with domain: []
2025-12-13 22:07:51 | DEBUG    | mcp_server_odoo.services.cache_service:get:89 - Cache hit: model_list
2025-12-13 22:07:51 | DEBUG    | mcp_server_odoo.services.cache_service:get:89 - Cache hit: model_list
2025-12-13 22:07:51 | DEBUG    | mcp_server_odoo.services.cache_service:get:89 - Cache hit: fields_get|res.partner|None|None
2025-12-13 22:07:51 | DEBUG    | mcp_server_odoo.services.cache_service:get:81 - Cache miss: search_read|res.partner|[]|['id', 'name']|0|1000|id asc
2025-12-13 22:07:51 | DEBUG    | mcp_server_odoo.services.odoo_service:execute:272 - Executing res.partner.search_read with args=([],), kwargs={'offset': 0, 'fields': ['id', 'name'], 'limit': 1000, 'order': 'id asc'}
2025-12-13 22:07:51 | DEBUG    | mcp_server_odoo.services.odoo_service:execute:284 - Execution successful, result type: <class 'list'>
2025-12-13 22:07:51 | DEBUG    | mcp_server_odoo.services.cache_service:set:105 - Cache set: search_read|res.partner|[]|['id', 'name']|0|1000|id asc (TTL: 300s)
2025-12-13 22:07:51 | INFO     | mcp_server_odoo.http_server:mcp_endpoint:900 - MCP request: tools/call (streaming: False)
2025-12-13 22:07:51 | INFO     | mcp_server_odoo.http_server:call_tool:408 - Tool called: execute_method with arguments: {'model': 'account.move', 'method': 'read_group', 'args': [[['move_type', 'in', ['out_invoice', 'out_refund', 'in_invoice', 'in_refund']], ['state', '!=', 'cancel'], ['invoice_date', '>=', '2025-09-15']], ['amount_total:sum'], []], 'kwargs': {'lazy': False}}
2025-12-13 22:07:51 | INFO     | mcp_server_odoo.http_server:call_tool:462 - Executing method 'read_group' on account.move with IDs: []
2025-12-13 22:07:51 | DEBUG    | mcp_server_odoo.services.cache_service:get:89 - Cache hit: model_list
2025-12-13 22:07:51 | DEBUG    | mcp_server_odoo.services.cache_service:get:89 - Cache hit: model_list
2025-12-13 22:07:51 | DEBUG    | mcp_server_odoo.services.cache_service:get:81 - Cache miss: fields_get|account.move|None|None
2025-12-13 22:07:51 | DEBUG    | mcp_server_odoo.services.odoo_service:execute:272 - Executing account.move.fields_get with args=(), kwargs={}
2025-12-13 22:07:51 | DEBUG    | mcp_server_odoo.services.odoo_service:execute:284 - Execution successful, result type: <class 'dict'>
2025-12-13 22:07:51 | DEBUG    | mcp_server_odoo.services.cache_service:set:105 - Cache set: fields_get|account.move|None|None (TTL: 3600s)
2025-12-13 22:07:51 | ERROR    | mcp_server_odoo.http_server:call_tool:703 - Error handling tool execute_method: Unknown field(s) for model 'account.move': amount_total:sum
2025-12-13 22:07:51 | INFO     | mcp_server_odoo.http_server:mcp_endpoint:900 - MCP request: tools/call (streaming: False)
2025-12-13 22:07:51 | INFO     | mcp_server_odoo.http_server:call_tool:408 - Tool called: search_count with arguments: {'model': 'account.move', 'domain': [['move_type', 'in', ['out_invoice', 'out_refund', 'in_invoice', 'in_refund']], ['state', '!=', 'cancel'], ['invoice_date', '>=', '2025-09-15']]}
2025-12-13 22:07:51 | INFO     | mcp_server_odoo.http_server:call_tool:514 - Counting records in account.move with domain: [['move_type', 'in', ['out_invoice', 'out_refund', 'in_invoice', 'in_refund']], ['state', '!=', 'cancel'], ['invoice_date', '>=', '2025-09-15']]
2025-12-13 22:07:51 | DEBUG    | mcp_server_odoo.services.cache_service:get:89 - Cache hit: model_list
2025-12-13 22:07:51 | DEBUG    | mcp_server_odoo.services.cache_service:get:89 - Cache hit: model_list
2025-12-13 22:07:51 | DEBUG    | mcp_server_odoo.services.cache_service:get:89 - Cache hit: fields_get|account.move|None|None
2025-12-13 22:07:51 | DEBUG    | mcp_server_odoo.services.cache_service:get:81 - Cache miss: search|account.move|[['move_type', 'in', ['out_invoice', 'out_refund', 'in_invoice', 'in_refund']], ['state', '!=', 'cancel'], ['invoice_date', '>=', '2025-09-15']]|0|None|None
2025-12-13 22:07:51 | DEBUG    | mcp_server_odoo.services.odoo_service:execute:272 - Executing account.move.search with args=([['move_type', 'in', ['out_invoice', 'out_refund', 'in_invoice', 'in_refund']], ['state', '!=', 'cancel'], ['invoice_date', '>=', '2025-09-15']],), kwargs={'offset': 0}
2025-12-13 22:07:51 | DEBUG    | mcp_server_odoo.services.odoo_service:execute:284 - Execution successful, result type: <class 'list'>
2025-12-13 22:07:51 | DEBUG    | mcp_server_odoo.services.cache_service:set:105 - Cache set: search|account.move|[['move_type', 'in', ['out_invoice', 'out_refund', 'in_invoice', 'in_refund']], ['state', '!=', 'cancel'], ['invoice_date', '>=', '2025-09-15']]|0|None|None (TTL: 300s)
2025-12-13 22:07:51 | INFO     | mcp_server_odoo.http_server:mcp_endpoint:900 - MCP request: tools/call (streaming: False)
2025-12-13 22:07:51 | INFO     | mcp_server_odoo.http_server:call_tool:408 - Tool called: execute_method with arguments: {'model': 'account.move', 'method': 'read_group', 'args': [[['move_type', 'in', ['out_invoice', 'out_refund', 'in_invoice', 'in_refund']], ['state', '!=', 'cancel'], ['invoice_date', '>=', '2025-11-01'], ['invoice_date', '<=', '2025-11-30']], ['amount_total:sum'], []], 'kwargs': {'lazy': False}}
2025-12-13 22:07:51 | INFO     | mcp_server_odoo.http_server:call_tool:462 - Executing method 'read_group' on account.move with IDs: []
2025-12-13 22:07:51 | DEBUG    | mcp_server_odoo.services.cache_service:get:89 - Cache hit: model_list
2025-12-13 22:07:51 | DEBUG    | mcp_server_odoo.services.cache_service:get:89 - Cache hit: model_list
2025-12-13 22:07:51 | DEBUG    | mcp_server_odoo.services.cache_service:get:89 - Cache hit: fields_get|account.move|None|None
2025-12-13 22:07:51 | ERROR    | mcp_server_odoo.http_server:call_tool:703 - Error handling tool execute_method: Unknown field(s) for model 'account.move': amount_total:sum
2025-12-13 22:07:51 | INFO     | mcp_server_odoo.http_server:mcp_endpoint:900 - MCP request: tools/call (streaming: False)
2025-12-13 22:07:51 | INFO     | mcp_server_odoo.http_server:call_tool:408 - Tool called: search_count with arguments: {'model': 'account.move', 'domain': [['move_type', 'in', ['out_invoice', 'out_refund', 'in_invoice', 'in_refund']], ['state', '!=', 'cancel'], ['invoice_date', '>=', '2025-11-01'], ['invoice_date', '<=', '2025-11-30']]}
2025-12-13 22:07:51 | INFO     | mcp_server_odoo.http_server:call_tool:514 - Counting records in account.move with domain: [['move_type', 'in', ['out_invoice', 'out_refund', 'in_invoice', 'in_refund']], ['state', '!=', 'cancel'], ['invoice_date', '>=', '2025-11-01'], ['invoice_date', '<=', '2025-11-30']]
2025-12-13 22:07:51 | DEBUG    | mcp_server_odoo.services.cache_service:get:89 - Cache hit: model_list
2025-12-13 22:07:51 | DEBUG    | mcp_server_odoo.services.cache_service:get:89 - Cache hit: model_list
2025-12-13 22:07:51 | DEBUG    | mcp_server_odoo.services.cache_service:get:89 - Cache hit: fields_get|account.move|None|None
2025-12-13 22:07:51 | DEBUG    | mcp_server_odoo.services.cache_service:get:81 - Cache miss: search|account.move|[['move_type', 'in', ['out_invoice', 'out_refund', 'in_invoice', 'in_refund']], ['state', '!=', 'cancel'], ['invoice_date', '>=', '2025-11-01'], ['invoice_date', '<=', '2025-11-30']]|0|None|None
2025-12-13 22:07:51 | DEBUG    | mcp_server_odoo.services.odoo_service:execute:272 - Executing account.move.search with args=([['move_type', 'in', ['out_invoice', 'out_refund', 'in_invoice', 'in_refund']], ['state', '!=', 'cancel'], ['invoice_date', '>=', '2025-11-01'], ['invoice_date', '<=', '2025-11-30']],), kwargs={'offset': 0}
2025-12-13 22:07:51 | DEBUG    | mcp_server_odoo.services.odoo_service:execute:284 - Execution successful, result type: <class 'list'>
2025-12-13 22:07:51 | DEBUG    | mcp_server_odoo.services.cache_service:set:105 - Cache set: search|account.move|[['move_type', 'in', ['out_invoice', 'out_refund', 'in_invoice', 'in_refund']], ['state', '!=', 'cancel'], ['invoice_date', '>=', '2025-11-01'], ['invoice_date', '<=', '2025-11-30']]|0|None|None (TTL: 300s)
2025-12-13 22:07:51 | INFO     | mcp_server_odoo.http_server:mcp_endpoint:900 - MCP request: tools/call (streaming: False)
2025-12-13 22:07:51 | INFO     | mcp_server_odoo.http_server:call_tool:408 - Tool called: execute_method with arguments: {'model': 'account.move', 'method': 'read_group', 'args': [[['move_type', 'in', ['out_invoice', 'out_refund', 'in_invoice', 'in_refund']], ['state', '!=', 'cancel'], ['invoice_date', '>=', '2025-01-01']], ['amount_total:sum'], []], 'kwargs': {'lazy': False}}
2025-12-13 22:07:51 | INFO     | mcp_server_odoo.http_server:call_tool:462 - Executing method 'read_group' on account.move with IDs: []
2025-12-13 22:07:51 | DEBUG    | mcp_server_odoo.services.cache_service:get:89 - Cache hit: model_list
2025-12-13 22:07:51 | DEBUG    | mcp_server_odoo.services.cache_service:get:89 - Cache hit: model_list
2025-12-13 22:07:51 | DEBUG    | mcp_server_odoo.services.cache_service:get:89 - Cache hit: fields_get|account.move|None|None
2025-12-13 22:07:51 | ERROR    | mcp_server_odoo.http_server:call_tool:703 - Error handling tool execute_method: Unknown field(s) for model 'account.move': amount_total:sum
2025-12-13 22:07:51 | INFO     | mcp_server_odoo.http_server:mcp_endpoint:900 - MCP request: tools/call (streaming: False)
2025-12-13 22:07:51 | INFO     | mcp_server_odoo.http_server:call_tool:408 - Tool called: search_count with arguments: {'model': 'account.move', 'domain': [['move_type', 'in', ['out_invoice', 'out_refund', 'in_invoice', 'in_refund']], ['state', '!=', 'cancel'], ['invoice_date', '>=', '2025-01-01']]}
2025-12-13 22:07:51 | INFO     | mcp_server_odoo.http_server:call_tool:514 - Counting records in account.move with domain: [['move_type', 'in', ['out_invoice', 'out_refund', 'in_invoice', 'in_refund']], ['state', '!=', 'cancel'], ['invoice_date', '>=', '2025-01-01']]
2025-12-13 22:07:51 | DEBUG    | mcp_server_odoo.services.cache_service:get:89 - Cache hit: model_list
2025-12-13 22:07:51 | DEBUG    | mcp_server_odoo.services.cache_service:get:89 - Cache hit: model_list
2025-12-13 22:07:51 | DEBUG    | mcp_server_odoo.services.cache_service:get:89 - Cache hit: fields_get|account.move|None|None
2025-12-13 22:07:51 | DEBUG    | mcp_server_odoo.services.cache_service:get:81 - Cache miss: search|account.move|[['move_type', 'in', ['out_invoice', 'out_refund', 'in_invoice', 'in_refund']], ['state', '!=', 'cancel'], ['invoice_date', '>=', '2025-01-01']]|0|None|None
2025-12-13 22:07:51 | DEBUG    | mcp_server_odoo.services.odoo_service:execute:272 - Executing account.move.search with args=([['move_type', 'in', ['out_invoice', 'out_refund', 'in_invoice', 'in_refund']], ['state', '!=', 'cancel'], ['invoice_date', '>=', '2025-01-01']],), kwargs={'offset': 0}
2025-12-13 22:07:51 | DEBUG    | mcp_server_odoo.services.odoo_service:execute:284 - Execution successful, result type: <class 'list'>
2025-12-13 22:07:51 | DEBUG    | mcp_server_odoo.services.cache_service:set:105 - Cache set: search|account.move|[['move_type', 'in', ['out_invoice', 'out_refund', 'in_invoice', 'in_refund']], ['state', '!=', 'cancel'], ['invoice_date', '>=', '2025-01-01']]|0|None|None (TTL: 300s)
2025-12-13 22:07:51 | INFO     | mcp_server_odoo.http_server:mcp_endpoint:900 - MCP request: tools/call (streaming: False)
2025-12-13 22:07:51 | INFO     | mcp_server_odoo.http_server:call_tool:408 - Tool called: execute_method with arguments: {'model': 'account.move', 'method': 'read_group', 'args': [[['move_type', '=', 'out_invoice'], ['state', '!=', 'cancel']], ['amount_total:sum'], []], 'kwargs': {'lazy': False}}
2025-12-13 22:07:51 | INFO     | mcp_server_odoo.http_server:call_tool:462 - Executing method 'read_group' on account.move with IDs: []
2025-12-13 22:07:51 | DEBUG    | mcp_server_odoo.services.cache_service:get:89 - Cache hit: model_list
2025-12-13 22:07:51 | DEBUG    | mcp_server_odoo.services.cache_service:get:89 - Cache hit: model_list
2025-12-13 22:07:51 | DEBUG    | mcp_server_odoo.services.cache_service:get:89 - Cache hit: fields_get|account.move|None|None
2025-12-13 22:07:51 | ERROR    | mcp_server_odoo.http_server:call_tool:703 - Error handling tool execute_method: Unknown field(s) for model 'account.move': amount_total:sum
2025-12-13 22:07:51 | INFO     | mcp_server_odoo.http_server:mcp_endpoint:900 - MCP request: tools/call (streaming: False)
2025-12-13 22:07:51 | INFO     | mcp_server_odoo.http_server:call_tool:408 - Tool called: search_count with arguments: {'model': 'account.move', 'domain': [['move_type', '=', 'out_invoice'], ['state', '!=', 'cancel']]}
2025-12-13 22:07:51 | INFO     | mcp_server_odoo.http_server:call_tool:514 - Counting records in account.move with domain: [['move_type', '=', 'out_invoice'], ['state', '!=', 'cancel']]
2025-12-13 22:07:51 | DEBUG    | mcp_server_odoo.services.cache_service:get:89 - Cache hit: model_list
2025-12-13 22:07:51 | DEBUG    | mcp_server_odoo.services.cache_service:get:89 - Cache hit: model_list
2025-12-13 22:07:51 | DEBUG    | mcp_server_odoo.services.cache_service:get:89 - Cache hit: fields_get|account.move|None|None
2025-12-13 22:07:51 | DEBUG    | mcp_server_odoo.services.cache_service:get:81 - Cache miss: search|account.move|[['move_type', '=', 'out_invoice'], ['state', '!=', 'cancel']]|0|None|None
2025-12-13 22:07:51 | DEBUG    | mcp_server_odoo.services.odoo_service:execute:272 - Executing account.move.search with args=([['move_type', '=', 'out_invoice'], ['state', '!=', 'cancel']],), kwargs={'offset': 0}
2025-12-13 22:07:51 | DEBUG    | mcp_server_odoo.services.odoo_service:execute:284 - Execution successful, result type: <class 'list'>
2025-12-13 22:07:51 | DEBUG    | mcp_server_odoo.services.cache_service:set:105 - Cache set: search|account.move|[['move_type', '=', 'out_invoice'], ['state', '!=', 'cancel']]|0|None|None (TTL: 300s)
2025-12-13 22:07:51 | INFO     | mcp_server_odoo.http_server:mcp_endpoint:900 - MCP request: tools/call (streaming: False)
2025-12-13 22:07:51 | INFO     | mcp_server_odoo.http_server:call_tool:408 - Tool called: search_records with arguments: {'model': 'account.move', 'domain': [['move_type', '=', 'out_invoice'], ['state', '!=', 'cancel']], 'fields': ['id', 'name', 'invoice_date', 'amount_total'], 'order': 'invoice_date desc', 'limit': 50}
2025-12-13 22:07:51 | INFO     | mcp_server_odoo.http_server:call_tool:500 - Searching records in account.move with domain: [['move_type', '=', 'out_invoice'], ['state', '!=', 'cancel']]
2025-12-13 22:07:51 | DEBUG    | mcp_server_odoo.services.cache_service:get:89 - Cache hit: model_list
2025-12-13 22:07:51 | DEBUG    | mcp_server_odoo.services.cache_service:get:89 - Cache hit: model_list
2025-12-13 22:07:51 | DEBUG    | mcp_server_odoo.services.cache_service:get:89 - Cache hit: fields_get|account.move|None|None
2025-12-13 22:07:51 | DEBUG    | mcp_server_odoo.services.cache_service:get:89 - Cache hit: model_list
2025-12-13 22:07:51 | DEBUG    | mcp_server_odoo.services.cache_service:get:89 - Cache hit: fields_get|account.move|None|None
2025-12-13 22:07:51 | DEBUG    | mcp_server_odoo.services.cache_service:get:81 - Cache miss: search_read|account.move|[['move_type', '=', 'out_invoice'], ['state', '!=', 'cancel']]|['id', 'name', 'invoice_date', 'amount_total']|0|50|invoice_date desc
2025-12-13 22:07:51 | DEBUG    | mcp_server_odoo.services.odoo_service:execute:272 - Executing account.move.search_read with args=([['move_type', '=', 'out_invoice'], ['state', '!=', 'cancel']],), kwargs={'offset': 0, 'fields': ['id', 'name', 'invoice_date', 'amount_total'], 'limit': 50, 'order': 'invoice_date desc'}
2025-12-13 22:07:51 | DEBUG    | mcp_server_odoo.services.odoo_service:execute:284 - Execution successful, result type: <class 'list'>
2025-12-13 22:07:51 | DEBUG    | mcp_server_odoo.services.cache_service:set:105 - Cache set: search_read|account.move|[['move_type', '=', 'out_invoice'], ['state', '!=', 'cancel']]|['id', 'name', 'invoice_date', 'amount_total']|0|50|invoice_date desc (TTL: 300s)
2025-12-13 22:07:51 | INFO     | mcp_server_odoo.http_server:mcp_endpoint:900 - MCP request: tools/call (streaming: False)
2025-12-13 22:07:51 | INFO     | mcp_server_odoo.http_server:call_tool:408 - Tool called: search_count with arguments: {'model': 'account.move', 'domain': [['move_type', 'in', ['out_invoice', 'out_refund', 'in_invoice', 'in_refund']], ['state', '!=', 'cancel']]}
2025-12-13 22:07:51 | INFO     | mcp_server_odoo.http_server:call_tool:514 - Counting records in account.move with domain: [['move_type', 'in', ['out_invoice', 'out_refund', 'in_invoice', 'in_refund']], ['state', '!=', 'cancel']]
2025-12-13 22:07:51 | DEBUG    | mcp_server_odoo.services.cache_service:get:89 - Cache hit: model_list
2025-12-13 22:07:51 | DEBUG    | mcp_server_odoo.services.cache_service:get:89 - Cache hit: model_list
2025-12-13 22:07:51 | DEBUG    | mcp_server_odoo.services.cache_service:get:89 - Cache hit: fields_get|account.move|None|None
2025-12-13 22:07:51 | DEBUG    | mcp_server_odoo.services.cache_service:get:81 - Cache miss: search|account.move|[['move_type', 'in', ['out_invoice', 'out_refund', 'in_invoice', 'in_refund']], ['state', '!=', 'cancel']]|0|None|None
2025-12-13 22:07:51 | DEBUG    | mcp_server_odoo.services.odoo_service:execute:272 - Executing account.move.search with args=([['move_type', 'in', ['out_invoice', 'out_refund', 'in_invoice', 'in_refund']], ['state', '!=', 'cancel']],), kwargs={'offset': 0}
2025-12-13 22:07:51 | DEBUG    | mcp_server_odoo.services.odoo_service:execute:284 - Execution successful, result type: <class 'list'>
2025-12-13 22:07:51 | DEBUG    | mcp_server_odoo.services.cache_service:set:105 - Cache set: search|account.move|[['move_type', 'in', ['out_invoice', 'out_refund', 'in_invoice', 'in_refund']], ['state', '!=', 'cancel']]|0|None|None (TTL: 300s)
2025-12-13 22:07:51 | INFO     | mcp_server_odoo.http_server:mcp_endpoint:900 - MCP request: tools/call (streaming: False)
2025-12-13 22:07:51 | INFO     | mcp_server_odoo.http_server:call_tool:408 - Tool called: search_records with arguments: {'model': 'account.move', 'domain': [['move_type', 'in', ['out_invoice', 'out_refund', 'in_invoice', 'in_refund']], ['state', '!=', 'cancel']], 'fields': ['id', 'name', 'move_type', 'invoice_date', 'amount_total'], 'order': 'invoice_date desc', 'limit': 200}
2025-12-13 22:07:51 | INFO     | mcp_server_odoo.http_server:call_tool:500 - Searching records in account.move with domain: [['move_type', 'in', ['out_invoice', 'out_refund', 'in_invoice', 'in_refund']], ['state', '!=', 'cancel']]
2025-12-13 22:07:51 | DEBUG    | mcp_server_odoo.services.cache_service:get:89 - Cache hit: model_list
2025-12-13 22:07:51 | DEBUG    | mcp_server_odoo.services.cache_service:get:89 - Cache hit: model_list
2025-12-13 22:07:51 | DEBUG    | mcp_server_odoo.services.cache_service:get:89 - Cache hit: fields_get|account.move|None|None
2025-12-13 22:07:51 | DEBUG    | mcp_server_odoo.services.cache_service:get:89 - Cache hit: model_list
2025-12-13 22:07:51 | DEBUG    | mcp_server_odoo.services.cache_service:get:89 - Cache hit: fields_get|account.move|None|None
2025-12-13 22:07:51 | DEBUG    | mcp_server_odoo.services.cache_service:get:81 - Cache miss: search_read|account.move|[['move_type', 'in', ['out_invoice', 'out_refund', 'in_invoice', 'in_refund']], ['state', '!=', 'cancel']]|['id', 'name', 'move_type', 'invoice_date', 'amount_total']|0|200|invoice_date desc
2025-12-13 22:07:51 | DEBUG    | mcp_server_odoo.services.odoo_service:execute:272 - Executing account.move.search_read with args=([['move_type', 'in', ['out_invoice', 'out_refund', 'in_invoice', 'in_refund']], ['state', '!=', 'cancel']],), kwargs={'offset': 0, 'fields': ['id', 'name', 'move_type', 'invoice_date', 'amount_total'], 'limit': 200, 'order': 'invoice_date desc'}
2025-12-13 22:07:51 | DEBUG    | mcp_server_odoo.services.odoo_service:execute:284 - Execution successful, result type: <class 'list'>
2025-12-13 22:07:51 | DEBUG    | mcp_server_odoo.services.cache_service:set:105 - Cache set: search_read|account.move|[['move_type', 'in', ['out_invoice', 'out_refund', 'in_invoice', 'in_refund']], ['state', '!=', 'cancel']]|['id', 'name', 'move_type', 'invoice_date', 'amount_total']|0|200|invoice_date desc (TTL: 300s)
2025-12-13 22:07:51 | INFO     | mcp_server_odoo.http_server:mcp_endpoint:900 - MCP request: tools/call (streaming: False)
2025-12-13 22:07:51 | INFO     | mcp_server_odoo.http_server:call_tool:408 - Tool called: search_count with arguments: {'model': 'sale.order', 'domain': [['invoice_status', '!=', 'invoiced']]}
2025-12-13 22:07:51 | INFO     | mcp_server_odoo.http_server:call_tool:514 - Counting records in sale.order with domain: [['invoice_status', '!=', 'invoiced']]
2025-12-13 22:07:51 | DEBUG    | mcp_server_odoo.services.cache_service:get:89 - Cache hit: model_list
2025-12-13 22:07:51 | DEBUG    | mcp_server_odoo.services.cache_service:get:89 - Cache hit: model_list
2025-12-13 22:07:51 | DEBUG    | mcp_server_odoo.services.cache_service:get:81 - Cache miss: fields_get|sale.order|None|None
2025-12-13 22:07:51 | DEBUG    | mcp_server_odoo.services.odoo_service:execute:272 - Executing sale.order.fields_get with args=(), kwargs={}
2025-12-13 22:07:51 | DEBUG    | mcp_server_odoo.services.odoo_service:execute:284 - Execution successful, result type: <class 'dict'>
2025-12-13 22:07:51 | DEBUG    | mcp_server_odoo.services.cache_service:set:105 - Cache set: fields_get|sale.order|None|None (TTL: 3600s)
2025-12-13 22:07:51 | DEBUG    | mcp_server_odoo.services.cache_service:get:81 - Cache miss: search|sale.order|[['invoice_status', '!=', 'invoiced']]|0|None|None
2025-12-13 22:07:51 | DEBUG    | mcp_server_odoo.services.odoo_service:execute:272 - Executing sale.order.search with args=([['invoice_status', '!=', 'invoiced']],), kwargs={'offset': 0}
2025-12-13 22:07:51 | DEBUG    | mcp_server_odoo.services.odoo_service:execute:284 - Execution successful, result type: <class 'list'>
2025-12-13 22:07:51 | DEBUG    | mcp_server_odoo.services.cache_service:set:105 - Cache set: search|sale.order|[['invoice_status', '!=', 'invoiced']]|0|None|None (TTL: 300s)
2025-12-13 22:07:51 | INFO     | mcp_server_odoo.http_server:mcp_endpoint:900 - MCP request: tools/call (streaming: False)
2025-12-13 22:07:51 | INFO     | mcp_server_odoo.http_server:call_tool:408 - Tool called: execute_method with arguments: {'model': 'sale.order', 'method': 'read_group', 'args': [[[], ['amount_total:sum'], ['partner_id']]], 'kwargs': {'limit': 5, 'orderby': '__count desc'}}
2025-12-13 22:07:51 | INFO     | mcp_server_odoo.http_server:call_tool:462 - Executing method 'read_group' on sale.order with IDs: []
2025-12-13 22:07:51 | DEBUG    | mcp_server_odoo.services.cache_service:get:89 - Cache hit: model_list
2025-12-13 22:07:51 | ERROR    | mcp_server_odoo.http_server:call_tool:703 - Error handling tool execute_method: Domain clauses must have exactly three items
2025-12-13 22:07:51 | INFO     | mcp_server_odoo.http_server:mcp_endpoint:900 - MCP request: tools/call (streaming: False)
2025-12-13 22:07:51 | INFO     | mcp_server_odoo.http_server:call_tool:408 - Tool called: execute_method with arguments: {'model': 'purchase.order', 'method': 'read_group', 'args': [[[], ['amount_total:sum'], ['partner_id']]], 'kwargs': {'limit': 5, 'orderby': '__count desc'}}
2025-12-13 22:07:51 | INFO     | mcp_server_odoo.http_server:call_tool:462 - Executing method 'read_group' on purchase.order with IDs: []
2025-12-13 22:07:51 | DEBUG    | mcp_server_odoo.services.cache_service:get:89 - Cache hit: model_list
2025-12-13 22:07:51 | ERROR    | mcp_server_odoo.http_server:call_tool:703 - Error handling tool execute_method: Domain clauses must have exactly three items
2025-12-13 22:07:51 | INFO     | mcp_server_odoo.http_server:mcp_endpoint:900 - MCP request: tools/call (streaming: False)
2025-12-13 22:07:51 | INFO     | mcp_server_odoo.http_server:call_tool:408 - Tool called: search_count with arguments: {'model': 'hr.employee', 'domain': [['birthday', '=', False]]}
2025-12-13 22:07:51 | INFO     | mcp_server_odoo.http_server:call_tool:514 - Counting records in hr.employee with domain: [['birthday', '=', False]]
2025-12-13 22:07:51 | DEBUG    | mcp_server_odoo.services.cache_service:get:89 - Cache hit: model_list
2025-12-13 22:07:51 | DEBUG    | mcp_server_odoo.services.cache_service:get:89 - Cache hit: model_list
2025-12-13 22:07:51 | DEBUG    | mcp_server_odoo.services.cache_service:get:81 - Cache miss: fields_get|hr.employee|None|None
2025-12-13 22:07:51 | DEBUG    | mcp_server_odoo.services.odoo_service:execute:272 - Executing hr.employee.fields_get with args=(), kwargs={}
2025-12-13 22:07:51 | DEBUG    | mcp_server_odoo.services.odoo_service:execute:284 - Execution successful, result type: <class 'dict'>
2025-12-13 22:07:51 | DEBUG    | mcp_server_odoo.services.cache_service:set:105 - Cache set: fields_get|hr.employee|None|None (TTL: 3600s)
2025-12-13 22:07:51 | DEBUG    | mcp_server_odoo.services.cache_service:get:81 - Cache miss: search|hr.employee|[['birthday', '=', False]]|0|None|None
2025-12-13 22:07:51 | DEBUG    | mcp_server_odoo.services.odoo_service:execute:272 - Executing hr.employee.search with args=([['birthday', '=', False]],), kwargs={'offset': 0}
2025-12-13 22:07:51 | DEBUG    | mcp_server_odoo.services.odoo_service:execute:284 - Execution successful, result type: <class 'list'>
2025-12-13 22:07:51 | DEBUG    | mcp_server_odoo.services.cache_service:set:105 - Cache set: search|hr.employee|[['birthday', '=', False]]|0|None|None (TTL: 300s)
2025-12-13 22:07:51 | INFO     | mcp_server_odoo.http_server:mcp_endpoint:900 - MCP request: tools/call (streaming: False)
2025-12-13 22:07:51 | INFO     | mcp_server_odoo.http_server:call_tool:408 - Tool called: search_count with arguments: {'model': 'hr.employee', 'domain': [['birthday', '!=', False], ['birthday', '<=', '1985-12-14']]}
2025-12-13 22:07:51 | INFO     | mcp_server_odoo.http_server:call_tool:514 - Counting records in hr.employee with domain: [['birthday', '!=', False], ['birthday', '<=', '1985-12-14']]
2025-12-13 22:07:51 | DEBUG    | mcp_server_odoo.services.cache_service:get:89 - Cache hit: model_list
2025-12-13 22:07:51 | DEBUG    | mcp_server_odoo.services.cache_service:get:89 - Cache hit: model_list
2025-12-13 22:07:51 | DEBUG    | mcp_server_odoo.services.cache_service:get:89 - Cache hit: fields_get|hr.employee|None|None
2025-12-13 22:07:51 | DEBUG    | mcp_server_odoo.services.cache_service:get:81 - Cache miss: search|hr.employee|[['birthday', '!=', False], ['birthday', '<=', '1985-12-14']]|0|None|None
2025-12-13 22:07:51 | DEBUG    | mcp_server_odoo.services.odoo_service:execute:272 - Executing hr.employee.search with args=([['birthday', '!=', False], ['birthday', '<=', '1985-12-14']],), kwargs={'offset': 0}
2025-12-13 22:07:51 | DEBUG    | mcp_server_odoo.services.odoo_service:execute:284 - Execution successful, result type: <class 'list'>
2025-12-13 22:07:51 | DEBUG    | mcp_server_odoo.services.cache_service:set:105 - Cache set: search|hr.employee|[['birthday', '!=', False], ['birthday', '<=', '1985-12-14']]|0|None|None (TTL: 300s)
2025-12-13 22:07:51 | INFO     | mcp_server_odoo.http_server:mcp_endpoint:900 - MCP request: tools/call (streaming: False)
2025-12-13 22:07:51 | INFO     | mcp_server_odoo.http_server:call_tool:408 - Tool called: search_count with arguments: {'model': 'hr.employee', 'domain': [['birthday', '!=', False], ['birthday', '<=', '1995-12-14']]}
2025-12-13 22:07:51 | INFO     | mcp_server_odoo.http_server:call_tool:514 - Counting records in hr.employee with domain: [['birthday', '!=', False], ['birthday', '<=', '1995-12-14']]
2025-12-13 22:07:51 | DEBUG    | mcp_server_odoo.services.cache_service:get:89 - Cache hit: model_list
2025-12-13 22:07:51 | DEBUG    | mcp_server_odoo.services.cache_service:get:89 - Cache hit: model_list
2025-12-13 22:07:51 | DEBUG    | mcp_server_odoo.services.cache_service:get:89 - Cache hit: fields_get|hr.employee|None|None
2025-12-13 22:07:51 | DEBUG    | mcp_server_odoo.services.cache_service:get:81 - Cache miss: search|hr.employee|[['birthday', '!=', False], ['birthday', '<=', '1995-12-14']]|0|None|None
2025-12-13 22:07:51 | DEBUG    | mcp_server_odoo.services.odoo_service:execute:272 - Executing hr.employee.search with args=([['birthday', '!=', False], ['birthday', '<=', '1995-12-14']],), kwargs={'offset': 0}
2025-12-13 22:07:51 | DEBUG    | mcp_server_odoo.services.odoo_service:execute:284 - Execution successful, result type: <class 'list'>
2025-12-13 22:07:51 | DEBUG    | mcp_server_odoo.services.cache_service:set:105 - Cache set: search|hr.employee|[['birthday', '!=', False], ['birthday', '<=', '1995-12-14']]|0|None|None (TTL: 300s)
2025-12-13 22:07:51 | INFO     | mcp_server_odoo.http_server:mcp_endpoint:900 - MCP request: tools/call (streaming: False)
2025-12-13 22:07:51 | INFO     | mcp_server_odoo.http_server:call_tool:408 - Tool called: search_count with arguments: {'model': 'hr.employee', 'domain': [['birthday', '!=', False]]}
2025-12-13 22:07:51 | INFO     | mcp_server_odoo.http_server:call_tool:514 - Counting records in hr.employee with domain: [['birthday', '!=', False]]
2025-12-13 22:07:51 | DEBUG    | mcp_server_odoo.services.cache_service:get:89 - Cache hit: model_list
2025-12-13 22:07:51 | DEBUG    | mcp_server_odoo.services.cache_service:get:89 - Cache hit: model_list
2025-12-13 22:07:51 | DEBUG    | mcp_server_odoo.services.cache_service:get:89 - Cache hit: fields_get|hr.employee|None|None
2025-12-13 22:07:51 | DEBUG    | mcp_server_odoo.services.cache_service:get:81 - Cache miss: search|hr.employee|[['birthday', '!=', False]]|0|None|None
2025-12-13 22:07:51 | DEBUG    | mcp_server_odoo.services.odoo_service:execute:272 - Executing hr.employee.search with args=([['birthday', '!=', False]],), kwargs={'offset': 0}
2025-12-13 22:07:51 | DEBUG    | mcp_server_odoo.services.odoo_service:execute:284 - Execution successful, result type: <class 'list'>
2025-12-13 22:07:51 | DEBUG    | mcp_server_odoo.services.cache_service:set:105 - Cache set: search|hr.employee|[['birthday', '!=', False]]|0|None|None (TTL: 300s)
2025-12-13 22:07:51 | INFO     | mcp_server_odoo.http_server:mcp_endpoint:900 - MCP request: tools/call (streaming: False)
2025-12-13 22:07:51 | INFO     | mcp_server_odoo.http_server:call_tool:408 - Tool called: search_records with arguments: {'model': 'hr.employee', 'domain': [['birthday', '!=', False]], 'fields': ['id', 'name', 'birthday'], 'order': 'birthday', 'limit': 200}
2025-12-13 22:07:51 | INFO     | mcp_server_odoo.http_server:call_tool:500 - Searching records in hr.employee with domain: [['birthday', '!=', False]]
2025-12-13 22:07:51 | DEBUG    | mcp_server_odoo.services.cache_service:get:89 - Cache hit: model_list
2025-12-13 22:07:51 | DEBUG    | mcp_server_odoo.services.cache_service:get:89 - Cache hit: model_list
2025-12-13 22:07:51 | DEBUG    | mcp_server_odoo.services.cache_service:get:89 - Cache hit: fields_get|hr.employee|None|None
2025-12-13 22:07:51 | DEBUG    | mcp_server_odoo.services.cache_service:get:89 - Cache hit: model_list
2025-12-13 22:07:51 | DEBUG    | mcp_server_odoo.services.cache_service:get:89 - Cache hit: fields_get|hr.employee|None|None
2025-12-13 22:07:51 | DEBUG    | mcp_server_odoo.services.cache_service:get:81 - Cache miss: search_read|hr.employee|[['birthday', '!=', False]]|['id', 'name', 'birthday']|0|200|birthday
2025-12-13 22:07:51 | DEBUG    | mcp_server_odoo.services.odoo_service:execute:272 - Executing hr.employee.search_read with args=([['birthday', '!=', False]],), kwargs={'offset': 0, 'fields': ['id', 'name', 'birthday'], 'limit': 200, 'order': 'birthday'}
2025-12-13 22:07:51 | DEBUG    | mcp_server_odoo.services.odoo_service:execute:284 - Execution successful, result type: <class 'list'>
2025-12-13 22:07:51 | DEBUG    | mcp_server_odoo.services.cache_service:set:105 - Cache set: search_read|hr.employee|[['birthday', '!=', False]]|['id', 'name', 'birthday']|0|200|birthday (TTL: 300s)
2025-12-13 22:10:07 | INFO     | mcp_server_odoo.http_server:mcp_endpoint:900 - MCP request: tools/call (streaming: False)
2025-12-13 22:10:07 | INFO     | mcp_server_odoo.http_server:call_tool:408 - Tool called: search_records with arguments: {'model': 'res.partner', 'fields': ['id', 'name', 'email', 'phone'], 'limit': 10, 'order': 'id asc'}
2025-12-13 22:10:07 | INFO     | mcp_server_odoo.http_server:call_tool:500 - Searching records in res.partner with domain: []
2025-12-13 22:10:07 | DEBUG    | mcp_server_odoo.services.cache_service:get:89 - Cache hit: model_list
2025-12-13 22:10:07 | DEBUG    | mcp_server_odoo.services.cache_service:get:89 - Cache hit: model_list
2025-12-13 22:10:07 | DEBUG    | mcp_server_odoo.services.cache_service:get:89 - Cache hit: fields_get|res.partner|None|None
2025-12-13 22:10:07 | DEBUG    | mcp_server_odoo.services.cache_service:get:89 - Cache hit: search_read|res.partner|[]|['id', 'name', 'email', 'phone']|0|10|id asc
2025-12-13 22:10:07 | INFO     | mcp_server_odoo.http_server:mcp_endpoint:900 - MCP request: tools/call (streaming: False)
2025-12-13 22:10:07 | INFO     | mcp_server_odoo.http_server:call_tool:408 - Tool called: search_records with arguments: {'model': 'res.partner', 'fields': ['id', 'name'], 'limit': 1000, 'order': 'id asc'}
2025-12-13 22:10:07 | INFO     | mcp_server_odoo.http_server:call_tool:500 - Searching records in res.partner with domain: []
2025-12-13 22:10:07 | DEBUG    | mcp_server_odoo.services.cache_service:get:89 - Cache hit: model_list
2025-12-13 22:10:07 | DEBUG    | mcp_server_odoo.services.cache_service:get:89 - Cache hit: model_list
2025-12-13 22:10:07 | DEBUG    | mcp_server_odoo.services.cache_service:get:89 - Cache hit: fields_get|res.partner|None|None
2025-12-13 22:10:07 | DEBUG    | mcp_server_odoo.services.cache_service:get:89 - Cache hit: search_read|res.partner|[]|['id', 'name']|0|1000|id asc
2025-12-13 22:10:07 | INFO     | mcp_server_odoo.http_server:mcp_endpoint:900 - MCP request: tools/call (streaming: False)
2025-12-13 22:10:07 | INFO     | mcp_server_odoo.http_server:call_tool:408 - Tool called: execute_method with arguments: {'model': 'account.move', 'method': 'read_group', 'args': [[['move_type', 'in', ['out_invoice', 'out_refund', 'in_invoice', 'in_refund']], ['state', '!=', 'cancel'], ['invoice_date', '>=', '2025-09-15']], ['amount_total:sum'], []], 'kwargs': {'lazy': False}}
2025-12-13 22:10:07 | INFO     | mcp_server_odoo.http_server:call_tool:462 - Executing method 'read_group' on account.move with IDs: []
2025-12-13 22:10:07 | DEBUG    | mcp_server_odoo.services.cache_service:get:89 - Cache hit: model_list
2025-12-13 22:10:07 | DEBUG    | mcp_server_odoo.services.cache_service:get:89 - Cache hit: model_list
2025-12-13 22:10:07 | DEBUG    | mcp_server_odoo.services.cache_service:get:89 - Cache hit: fields_get|account.move|None|None
2025-12-13 22:10:07 | ERROR    | mcp_server_odoo.http_server:call_tool:703 - Error handling tool execute_method: Unknown field(s) for model 'account.move': amount_total:sum
2025-12-13 22:10:07 | INFO     | mcp_server_odoo.http_server:mcp_endpoint:900 - MCP request: tools/call (streaming: False)
2025-12-13 22:10:07 | INFO     | mcp_server_odoo.http_server:call_tool:408 - Tool called: search_count with arguments: {'model': 'account.move', 'domain': [['move_type', 'in', ['out_invoice', 'out_refund', 'in_invoice', 'in_refund']], ['state', '!=', 'cancel'], ['invoice_date', '>=', '2025-09-15']]}
2025-12-13 22:10:07 | INFO     | mcp_server_odoo.http_server:call_tool:514 - Counting records in account.move with domain: [['move_type', 'in', ['out_invoice', 'out_refund', 'in_invoice', 'in_refund']], ['state', '!=', 'cancel'], ['invoice_date', '>=', '2025-09-15']]
2025-12-13 22:10:07 | DEBUG    | mcp_server_odoo.services.cache_service:get:89 - Cache hit: model_list
2025-12-13 22:10:07 | DEBUG    | mcp_server_odoo.services.cache_service:get:89 - Cache hit: model_list
2025-12-13 22:10:07 | DEBUG    | mcp_server_odoo.services.cache_service:get:89 - Cache hit: fields_get|account.move|None|None
2025-12-13 22:10:07 | DEBUG    | mcp_server_odoo.services.cache_service:get:89 - Cache hit: search|account.move|[['move_type', 'in', ['out_invoice', 'out_refund', 'in_invoice', 'in_refund']], ['state', '!=', 'cancel'], ['invoice_date', '>=', '2025-09-15']]|0|None|None
2025-12-13 22:10:07 | INFO     | mcp_server_odoo.http_server:mcp_endpoint:900 - MCP request: tools/call (streaming: False)
2025-12-13 22:10:07 | INFO     | mcp_server_odoo.http_server:call_tool:408 - Tool called: execute_method with arguments: {'model': 'account.move', 'method': 'read_group', 'args': [[['move_type', 'in', ['out_invoice', 'out_refund', 'in_invoice', 'in_refund']], ['state', '!=', 'cancel'], ['invoice_date', '>=', '2025-11-01'], ['invoice_date', '<=', '2025-11-30']], ['amount_total:sum'], []], 'kwargs': {'lazy': False}}
2025-12-13 22:10:07 | INFO     | mcp_server_odoo.http_server:call_tool:462 - Executing method 'read_group' on account.move with IDs: []
2025-12-13 22:10:07 | DEBUG    | mcp_server_odoo.services.cache_service:get:89 - Cache hit: model_list
2025-12-13 22:10:07 | DEBUG    | mcp_server_odoo.services.cache_service:get:89 - Cache hit: model_list
2025-12-13 22:10:07 | DEBUG    | mcp_server_odoo.services.cache_service:get:89 - Cache hit: fields_get|account.move|None|None
2025-12-13 22:10:07 | ERROR    | mcp_server_odoo.http_server:call_tool:703 - Error handling tool execute_method: Unknown field(s) for model 'account.move': amount_total:sum
2025-12-13 22:10:07 | INFO     | mcp_server_odoo.http_server:mcp_endpoint:900 - MCP request: tools/call (streaming: False)
2025-12-13 22:10:07 | INFO     | mcp_server_odoo.http_server:call_tool:408 - Tool called: search_count with arguments: {'model': 'account.move', 'domain': [['move_type', 'in', ['out_invoice', 'out_refund', 'in_invoice', 'in_refund']], ['state', '!=', 'cancel'], ['invoice_date', '>=', '2025-11-01'], ['invoice_date', '<=', '2025-11-30']]}
2025-12-13 22:10:07 | INFO     | mcp_server_odoo.http_server:call_tool:514 - Counting records in account.move with domain: [['move_type', 'in', ['out_invoice', 'out_refund', 'in_invoice', 'in_refund']], ['state', '!=', 'cancel'], ['invoice_date', '>=', '2025-11-01'], ['invoice_date', '<=', '2025-11-30']]
2025-12-13 22:10:07 | DEBUG    | mcp_server_odoo.services.cache_service:get:89 - Cache hit: model_list
2025-12-13 22:10:07 | DEBUG    | mcp_server_odoo.services.cache_service:get:89 - Cache hit: model_list
2025-12-13 22:10:07 | DEBUG    | mcp_server_odoo.services.cache_service:get:89 - Cache hit: fields_get|account.move|None|None
2025-12-13 22:10:07 | DEBUG    | mcp_server_odoo.services.cache_service:get:89 - Cache hit: search|account.move|[['move_type', 'in', ['out_invoice', 'out_refund', 'in_invoice', 'in_refund']], ['state', '!=', 'cancel'], ['invoice_date', '>=', '2025-11-01'], ['invoice_date', '<=', '2025-11-30']]|0|None|None
2025-12-13 22:10:07 | INFO     | mcp_server_odoo.http_server:mcp_endpoint:900 - MCP request: tools/call (streaming: False)
2025-12-13 22:10:07 | INFO     | mcp_server_odoo.http_server:call_tool:408 - Tool called: execute_method with arguments: {'model': 'account.move', 'method': 'read_group', 'args': [[['move_type', 'in', ['out_invoice', 'out_refund', 'in_invoice', 'in_refund']], ['state', '!=', 'cancel'], ['invoice_date', '>=', '2025-01-01']], ['amount_total:sum'], []], 'kwargs': {'lazy': False}}
2025-12-13 22:10:07 | INFO     | mcp_server_odoo.http_server:call_tool:462 - Executing method 'read_group' on account.move with IDs: []
2025-12-13 22:10:07 | DEBUG    | mcp_server_odoo.services.cache_service:get:89 - Cache hit: model_list
2025-12-13 22:10:07 | DEBUG    | mcp_server_odoo.services.cache_service:get:89 - Cache hit: model_list
2025-12-13 22:10:07 | DEBUG    | mcp_server_odoo.services.cache_service:get:89 - Cache hit: fields_get|account.move|None|None
2025-12-13 22:10:07 | ERROR    | mcp_server_odoo.http_server:call_tool:703 - Error handling tool execute_method: Unknown field(s) for model 'account.move': amount_total:sum
2025-12-13 22:10:07 | INFO     | mcp_server_odoo.http_server:mcp_endpoint:900 - MCP request: tools/call (streaming: False)
2025-12-13 22:10:07 | INFO     | mcp_server_odoo.http_server:call_tool:408 - Tool called: search_count with arguments: {'model': 'account.move', 'domain': [['move_type', 'in', ['out_invoice', 'out_refund', 'in_invoice', 'in_refund']], ['state', '!=', 'cancel'], ['invoice_date', '>=', '2025-01-01']]}
2025-12-13 22:10:07 | INFO     | mcp_server_odoo.http_server:call_tool:514 - Counting records in account.move with domain: [['move_type', 'in', ['out_invoice', 'out_refund', 'in_invoice', 'in_refund']], ['state', '!=', 'cancel'], ['invoice_date', '>=', '2025-01-01']]
2025-12-13 22:10:07 | DEBUG    | mcp_server_odoo.services.cache_service:get:89 - Cache hit: model_list
2025-12-13 22:10:07 | DEBUG    | mcp_server_odoo.services.cache_service:get:89 - Cache hit: model_list
2025-12-13 22:10:07 | DEBUG    | mcp_server_odoo.services.cache_service:get:89 - Cache hit: fields_get|account.move|None|None
2025-12-13 22:10:07 | DEBUG    | mcp_server_odoo.services.cache_service:get:89 - Cache hit: search|account.move|[['move_type', 'in', ['out_invoice', 'out_refund', 'in_invoice', 'in_refund']], ['state', '!=', 'cancel'], ['invoice_date', '>=', '2025-01-01']]|0|None|None
2025-12-13 22:10:07 | INFO     | mcp_server_odoo.http_server:mcp_endpoint:900 - MCP request: tools/call (streaming: False)
2025-12-13 22:10:07 | INFO     | mcp_server_odoo.http_server:call_tool:408 - Tool called: execute_method with arguments: {'model': 'account.move', 'method': 'read_group', 'args': [[['move_type', '=', 'out_invoice'], ['state', '!=', 'cancel']], ['amount_total:sum'], []], 'kwargs': {'lazy': False}}
2025-12-13 22:10:07 | INFO     | mcp_server_odoo.http_server:call_tool:462 - Executing method 'read_group' on account.move with IDs: []
2025-12-13 22:10:07 | DEBUG    | mcp_server_odoo.services.cache_service:get:89 - Cache hit: model_list
2025-12-13 22:10:07 | DEBUG    | mcp_server_odoo.services.cache_service:get:89 - Cache hit: model_list
2025-12-13 22:10:07 | DEBUG    | mcp_server_odoo.services.cache_service:get:89 - Cache hit: fields_get|account.move|None|None
2025-12-13 22:10:07 | ERROR    | mcp_server_odoo.http_server:call_tool:703 - Error handling tool execute_method: Unknown field(s) for model 'account.move': amount_total:sum
2025-12-13 22:10:07 | INFO     | mcp_server_odoo.http_server:mcp_endpoint:900 - MCP request: tools/call (streaming: False)
2025-12-13 22:10:07 | INFO     | mcp_server_odoo.http_server:call_tool:408 - Tool called: search_count with arguments: {'model': 'account.move', 'domain': [['move_type', '=', 'out_invoice'], ['state', '!=', 'cancel']]}
2025-12-13 22:10:07 | INFO     | mcp_server_odoo.http_server:call_tool:514 - Counting records in account.move with domain: [['move_type', '=', 'out_invoice'], ['state', '!=', 'cancel']]
2025-12-13 22:10:07 | DEBUG    | mcp_server_odoo.services.cache_service:get:89 - Cache hit: model_list
2025-12-13 22:10:07 | DEBUG    | mcp_server_odoo.services.cache_service:get:89 - Cache hit: model_list
2025-12-13 22:10:07 | DEBUG    | mcp_server_odoo.services.cache_service:get:89 - Cache hit: fields_get|account.move|None|None
2025-12-13 22:10:07 | DEBUG    | mcp_server_odoo.services.cache_service:get:89 - Cache hit: search|account.move|[['move_type', '=', 'out_invoice'], ['state', '!=', 'cancel']]|0|None|None
2025-12-13 22:10:07 | INFO     | mcp_server_odoo.http_server:mcp_endpoint:900 - MCP request: tools/call (streaming: False)
2025-12-13 22:10:07 | INFO     | mcp_server_odoo.http_server:call_tool:408 - Tool called: search_records with arguments: {'model': 'account.move', 'domain': [['move_type', '=', 'out_invoice'], ['state', '!=', 'cancel']], 'fields': ['id', 'name', 'invoice_date', 'amount_total'], 'order': 'invoice_date desc', 'limit': 50}
2025-12-13 22:10:07 | INFO     | mcp_server_odoo.http_server:call_tool:500 - Searching records in account.move with domain: [['move_type', '=', 'out_invoice'], ['state', '!=', 'cancel']]
2025-12-13 22:10:07 | DEBUG    | mcp_server_odoo.services.cache_service:get:89 - Cache hit: model_list
2025-12-13 22:10:07 | DEBUG    | mcp_server_odoo.services.cache_service:get:89 - Cache hit: model_list
2025-12-13 22:10:07 | DEBUG    | mcp_server_odoo.services.cache_service:get:89 - Cache hit: fields_get|account.move|None|None
2025-12-13 22:10:07 | DEBUG    | mcp_server_odoo.services.cache_service:get:89 - Cache hit: model_list
2025-12-13 22:10:07 | DEBUG    | mcp_server_odoo.services.cache_service:get:89 - Cache hit: fields_get|account.move|None|None
2025-12-13 22:10:07 | DEBUG    | mcp_server_odoo.services.cache_service:get:89 - Cache hit: search_read|account.move|[['move_type', '=', 'out_invoice'], ['state', '!=', 'cancel']]|['id', 'name', 'invoice_date', 'amount_total']|0|50|invoice_date desc
2025-12-13 22:10:07 | INFO     | mcp_server_odoo.http_server:mcp_endpoint:900 - MCP request: tools/call (streaming: False)
2025-12-13 22:10:07 | INFO     | mcp_server_odoo.http_server:call_tool:408 - Tool called: search_count with arguments: {'model': 'account.move', 'domain': [['move_type', 'in', ['out_invoice', 'out_refund', 'in_invoice', 'in_refund']], ['state', '!=', 'cancel']]}
2025-12-13 22:10:07 | INFO     | mcp_server_odoo.http_server:call_tool:514 - Counting records in account.move with domain: [['move_type', 'in', ['out_invoice', 'out_refund', 'in_invoice', 'in_refund']], ['state', '!=', 'cancel']]
2025-12-13 22:10:07 | DEBUG    | mcp_server_odoo.services.cache_service:get:89 - Cache hit: model_list
2025-12-13 22:10:07 | DEBUG    | mcp_server_odoo.services.cache_service:get:89 - Cache hit: model_list
2025-12-13 22:10:07 | DEBUG    | mcp_server_odoo.services.cache_service:get:89 - Cache hit: fields_get|account.move|None|None
2025-12-13 22:10:07 | DEBUG    | mcp_server_odoo.services.cache_service:get:89 - Cache hit: search|account.move|[['move_type', 'in', ['out_invoice', 'out_refund', 'in_invoice', 'in_refund']], ['state', '!=', 'cancel']]|0|None|None
2025-12-13 22:10:07 | INFO     | mcp_server_odoo.http_server:mcp_endpoint:900 - MCP request: tools/call (streaming: False)
2025-12-13 22:10:07 | INFO     | mcp_server_odoo.http_server:call_tool:408 - Tool called: search_records with arguments: {'model': 'account.move', 'domain': [['move_type', 'in', ['out_invoice', 'out_refund', 'in_invoice', 'in_refund']], ['state', '!=', 'cancel']], 'fields': ['id', 'name', 'move_type', 'invoice_date', 'amount_total'], 'order': 'invoice_date desc', 'limit': 200}
2025-12-13 22:10:07 | INFO     | mcp_server_odoo.http_server:call_tool:500 - Searching records in account.move with domain: [['move_type', 'in', ['out_invoice', 'out_refund', 'in_invoice', 'in_refund']], ['state', '!=', 'cancel']]
2025-12-13 22:10:07 | DEBUG    | mcp_server_odoo.services.cache_service:get:89 - Cache hit: model_list
2025-12-13 22:10:07 | DEBUG    | mcp_server_odoo.services.cache_service:get:89 - Cache hit: model_list
2025-12-13 22:10:07 | DEBUG    | mcp_server_odoo.services.cache_service:get:89 - Cache hit: fields_get|account.move|None|None
2025-12-13 22:10:07 | DEBUG    | mcp_server_odoo.services.cache_service:get:89 - Cache hit: model_list
2025-12-13 22:10:07 | DEBUG    | mcp_server_odoo.services.cache_service:get:89 - Cache hit: fields_get|account.move|None|None
2025-12-13 22:10:07 | DEBUG    | mcp_server_odoo.services.cache_service:get:89 - Cache hit: search_read|account.move|[['move_type', 'in', ['out_invoice', 'out_refund', 'in_invoice', 'in_refund']], ['state', '!=', 'cancel']]|['id', 'name', 'move_type', 'invoice_date', 'amount_total']|0|200|invoice_date desc
2025-12-13 22:10:07 | INFO     | mcp_server_odoo.http_server:mcp_endpoint:900 - MCP request: tools/call (streaming: False)
2025-12-13 22:10:07 | INFO     | mcp_server_odoo.http_server:call_tool:408 - Tool called: search_count with arguments: {'model': 'sale.order', 'domain': [['invoice_status', '!=', 'invoiced']]}
2025-12-13 22:10:07 | INFO     | mcp_server_odoo.http_server:call_tool:514 - Counting records in sale.order with domain: [['invoice_status', '!=', 'invoiced']]
2025-12-13 22:10:07 | DEBUG    | mcp_server_odoo.services.cache_service:get:89 - Cache hit: model_list
2025-12-13 22:10:07 | DEBUG    | mcp_server_odoo.services.cache_service:get:89 - Cache hit: model_list
2025-12-13 22:10:07 | DEBUG    | mcp_server_odoo.services.cache_service:get:89 - Cache hit: fields_get|sale.order|None|None
2025-12-13 22:10:07 | DEBUG    | mcp_server_odoo.services.cache_service:get:89 - Cache hit: search|sale.order|[['invoice_status', '!=', 'invoiced']]|0|None|None
2025-12-13 22:10:07 | INFO     | mcp_server_odoo.http_server:mcp_endpoint:900 - MCP request: tools/call (streaming: False)
2025-12-13 22:10:07 | INFO     | mcp_server_odoo.http_server:call_tool:408 - Tool called: execute_method with arguments: {'model': 'sale.order', 'method': 'read_group', 'args': [[[], ['amount_total:sum'], ['partner_id']]], 'kwargs': {'limit': 5, 'orderby': '__count desc'}}
2025-12-13 22:10:07 | INFO     | mcp_server_odoo.http_server:call_tool:462 - Executing method 'read_group' on sale.order with IDs: []
2025-12-13 22:10:07 | DEBUG    | mcp_server_odoo.services.cache_service:get:89 - Cache hit: model_list
2025-12-13 22:10:07 | ERROR    | mcp_server_odoo.http_server:call_tool:703 - Error handling tool execute_method: Domain clauses must have exactly three items
2025-12-13 22:10:07 | INFO     | mcp_server_odoo.http_server:mcp_endpoint:900 - MCP request: tools/call (streaming: False)
2025-12-13 22:10:07 | INFO     | mcp_server_odoo.http_server:call_tool:408 - Tool called: execute_method with arguments: {'model': 'purchase.order', 'method': 'read_group', 'args': [[[], ['amount_total:sum'], ['partner_id']]], 'kwargs': {'limit': 5, 'orderby': '__count desc'}}
2025-12-13 22:10:07 | INFO     | mcp_server_odoo.http_server:call_tool:462 - Executing method 'read_group' on purchase.order with IDs: []
2025-12-13 22:10:07 | DEBUG    | mcp_server_odoo.services.cache_service:get:89 - Cache hit: model_list
2025-12-13 22:10:07 | ERROR    | mcp_server_odoo.http_server:call_tool:703 - Error handling tool execute_method: Domain clauses must have exactly three items
2025-12-13 22:10:49 | INFO     | mcp_server_odoo.http_server:mcp_endpoint:900 - MCP request: tools/call (streaming: False)
2025-12-13 22:10:49 | INFO     | mcp_server_odoo.http_server:call_tool:408 - Tool called: execute_method with arguments: {'model': 'sale.order', 'method': 'read_group', 'args': [[], ['amount_total:sum'], ['partner_id']], 'kwargs': {'limit': 5, 'orderby': '__count desc'}}
2025-12-13 22:10:49 | INFO     | mcp_server_odoo.http_server:call_tool:462 - Executing method 'read_group' on sale.order with IDs: []
2025-12-13 22:10:49 | DEBUG    | mcp_server_odoo.services.cache_service:get:89 - Cache hit: model_list
2025-12-13 22:10:49 | DEBUG    | mcp_server_odoo.services.cache_service:get:89 - Cache hit: model_list
2025-12-13 22:10:49 | DEBUG    | mcp_server_odoo.services.cache_service:get:89 - Cache hit: fields_get|sale.order|None|None
2025-12-13 22:10:49 | ERROR    | mcp_server_odoo.http_server:call_tool:703 - Error handling tool execute_method: Unknown field(s) for model 'sale.order': amount_total:sum
2025-12-13 22:10:49 | INFO     | mcp_server_odoo.http_server:mcp_endpoint:900 - MCP request: tools/call (streaming: False)
2025-12-13 22:10:49 | INFO     | mcp_server_odoo.http_server:call_tool:408 - Tool called: execute_method with arguments: {'model': 'purchase.order', 'method': 'read_group', 'args': [[], ['amount_total:sum'], ['partner_id']], 'kwargs': {'limit': 5, 'orderby': '__count desc'}}
2025-12-13 22:10:49 | INFO     | mcp_server_odoo.http_server:call_tool:462 - Executing method 'read_group' on purchase.order with IDs: []
2025-12-13 22:10:49 | DEBUG    | mcp_server_odoo.services.cache_service:get:89 - Cache hit: model_list
2025-12-13 22:10:49 | DEBUG    | mcp_server_odoo.services.cache_service:get:89 - Cache hit: model_list
2025-12-13 22:10:49 | DEBUG    | mcp_server_odoo.services.cache_service:get:81 - Cache miss: fields_get|purchase.order|None|None
2025-12-13 22:10:49 | DEBUG    | mcp_server_odoo.services.odoo_service:execute:272 - Executing purchase.order.fields_get with args=(), kwargs={}
2025-12-13 22:10:49 | DEBUG    | mcp_server_odoo.services.odoo_service:execute:284 - Execution successful, result type: <class 'dict'>
2025-12-13 22:10:49 | DEBUG    | mcp_server_odoo.services.cache_service:set:105 - Cache set: fields_get|purchase.order|None|None (TTL: 3600s)
2025-12-13 22:10:49 | ERROR    | mcp_server_odoo.http_server:call_tool:703 - Error handling tool execute_method: Unknown field(s) for model 'purchase.order': amount_total:sum
2025-12-13 22:11:38 | INFO     | mcp_server_odoo.http_server:mcp_endpoint:900 - MCP request: tools/call (streaming: False)
2025-12-13 22:11:38 | INFO     | mcp_server_odoo.http_server:call_tool:408 - Tool called: execute_method with arguments: {'model': 'account.move', 'method': 'read_group', 'args': [[['move_type', 'in', ['out_invoice', 'out_refund', 'in_invoice', 'in_refund']]], ['amount_total:sum'], []], 'kwargs': {'lazy': False}}
2025-12-13 22:11:38 | INFO     | mcp_server_odoo.http_server:call_tool:462 - Executing method 'read_group' on account.move with IDs: []
2025-12-13 22:11:38 | DEBUG    | mcp_server_odoo.services.cache_service:get:89 - Cache hit: model_list
2025-12-13 22:11:38 | DEBUG    | mcp_server_odoo.services.cache_service:get:89 - Cache hit: model_list
2025-12-13 22:11:38 | DEBUG    | mcp_server_odoo.services.cache_service:get:89 - Cache hit: fields_get|account.move|None|None
2025-12-13 22:11:38 | ERROR    | mcp_server_odoo.http_server:call_tool:703 - Error handling tool execute_method: Unknown field(s) for model 'account.move': amount_total:sum
2025-12-13 22:12:35 | INFO     | mcp_server_odoo.http_server:lifespan:809 - Shutting down Odoo MCP HTTP Server...
2025-12-13 22:12:36 | INFO     | mcp_server_odoo.http_server:lifespan:798 - Starting Odoo MCP HTTP Server...
2025-12-13 22:12:36 | INFO     | mcp_server_odoo.services.cache_service:__init__:34 - Cache service initialized - enabled: True, TTL: 300s, max_size: 1000
2025-12-13 22:12:36 | INFO     | mcp_server_odoo.services.odoo_service:__init__:70 - Odoo service initialized for http://host.docker.internal:8069/samayainv (version=18.0, endpoint_mode=xmlrpc2)
2025-12-13 22:12:36 | DEBUG    | mcp_server_odoo.services.cache_service:get:81 - Cache miss: auth:admin:samayainv
2025-12-13 22:12:36 | INFO     | mcp_server_odoo.services.odoo_service:authenticate:243 - Authenticating with Odoo...
2025-12-13 22:12:36 | DEBUG    | mcp_server_odoo.services.cache_service:set:105 - Cache set: auth:admin:samayainv (TTL: 3600s)
2025-12-13 22:12:36 | INFO     | mcp_server_odoo.services.odoo_service:authenticate:264 - Authentication successful, user ID: 2
2025-12-13 22:12:36 | INFO     | mcp_server_odoo.http_server:lifespan:803 - Odoo connection test successful
2025-12-13 22:13:44 | INFO     | mcp_server_odoo.http_server:mcp_endpoint:900 - MCP request: tools/call (streaming: False)
2025-12-13 22:13:44 | INFO     | mcp_server_odoo.http_server:call_tool:408 - Tool called: search_records with arguments: {'model': 'res.partner', 'fields': ['id', 'name', 'email', 'phone'], 'limit': 10, 'order': 'id asc'}
2025-12-13 22:13:44 | INFO     | mcp_server_odoo.http_server:call_tool:500 - Searching records in res.partner with domain: []
2025-12-13 22:13:44 | DEBUG    | mcp_server_odoo.services.cache_service:get:81 - Cache miss: model_list
2025-12-13 22:13:44 | DEBUG    | mcp_server_odoo.services.cache_service:get:81 - Cache miss: fields_get|ir.model|None|None
2025-12-13 22:13:44 | DEBUG    | mcp_server_odoo.services.odoo_service:execute:278 - Executing ir.model.fields_get with args=(), kwargs={}
2025-12-13 22:13:44 | DEBUG    | mcp_server_odoo.services.odoo_service:execute:290 - Execution successful, result type: <class 'dict'>
2025-12-13 22:13:44 | DEBUG    | mcp_server_odoo.services.cache_service:set:105 - Cache set: fields_get|ir.model|None|None (TTL: 3600s)
2025-12-13 22:13:44 | DEBUG    | mcp_server_odoo.services.cache_service:get:81 - Cache miss: search_read|ir.model|[]|['model', 'name', 'transient']|0|None|None
2025-12-13 22:13:44 | DEBUG    | mcp_server_odoo.services.odoo_service:execute:278 - Executing ir.model.search_read with args=([],), kwargs={'offset': 0, 'fields': ['model', 'name', 'transient']}
2025-12-13 22:13:44 | DEBUG    | mcp_server_odoo.services.odoo_service:execute:290 - Execution successful, result type: <class 'list'>
2025-12-13 22:13:44 | DEBUG    | mcp_server_odoo.services.cache_service:set:105 - Cache set: search_read|ir.model|[]|['model', 'name', 'transient']|0|None|None (TTL: 300s)
2025-12-13 22:13:44 | DEBUG    | mcp_server_odoo.services.cache_service:set:105 - Cache set: model_list (TTL: 3600s)
2025-12-13 22:13:44 | DEBUG    | mcp_server_odoo.services.cache_service:get:89 - Cache hit: model_list
2025-12-13 22:13:44 | DEBUG    | mcp_server_odoo.services.cache_service:get:81 - Cache miss: fields_get|res.partner|None|None
2025-12-13 22:13:44 | DEBUG    | mcp_server_odoo.services.odoo_service:execute:278 - Executing res.partner.fields_get with args=(), kwargs={}
2025-12-13 22:13:44 | DEBUG    | mcp_server_odoo.services.odoo_service:execute:290 - Execution successful, result type: <class 'dict'>
2025-12-13 22:13:44 | DEBUG    | mcp_server_odoo.services.cache_service:set:105 - Cache set: fields_get|res.partner|None|None (TTL: 3600s)
2025-12-13 22:13:44 | DEBUG    | mcp_server_odoo.services.cache_service:get:81 - Cache miss: search_read|res.partner|[]|['id', 'name', 'email', 'phone']|0|10|id asc
2025-12-13 22:13:44 | DEBUG    | mcp_server_odoo.services.odoo_service:execute:278 - Executing res.partner.search_read with args=([],), kwargs={'offset': 0, 'fields': ['id', 'name', 'email', 'phone'], 'limit': 10, 'order': 'id asc'}
2025-12-13 22:13:44 | DEBUG    | mcp_server_odoo.services.odoo_service:execute:290 - Execution successful, result type: <class 'list'>
2025-12-13 22:13:44 | DEBUG    | mcp_server_odoo.services.cache_service:set:105 - Cache set: search_read|res.partner|[]|['id', 'name', 'email', 'phone']|0|10|id asc (TTL: 300s)
2025-12-13 22:13:44 | INFO     | mcp_server_odoo.http_server:mcp_endpoint:900 - MCP request: tools/call (streaming: False)
2025-12-13 22:13:44 | INFO     | mcp_server_odoo.http_server:call_tool:408 - Tool called: search_records with arguments: {'model': 'res.partner', 'fields': ['id', 'name'], 'limit': 1000, 'order': 'id asc'}
2025-12-13 22:13:44 | INFO     | mcp_server_odoo.http_server:call_tool:500 - Searching records in res.partner with domain: []
2025-12-13 22:13:44 | DEBUG    | mcp_server_odoo.services.cache_service:get:89 - Cache hit: model_list
2025-12-13 22:13:44 | DEBUG    | mcp_server_odoo.services.cache_service:get:89 - Cache hit: model_list
2025-12-13 22:13:44 | DEBUG    | mcp_server_odoo.services.cache_service:get:89 - Cache hit: fields_get|res.partner|None|None
2025-12-13 22:13:44 | DEBUG    | mcp_server_odoo.services.cache_service:get:81 - Cache miss: search_read|res.partner|[]|['id', 'name']|0|1000|id asc
2025-12-13 22:13:44 | DEBUG    | mcp_server_odoo.services.odoo_service:execute:278 - Executing res.partner.search_read with args=([],), kwargs={'offset': 0, 'fields': ['id', 'name'], 'limit': 1000, 'order': 'id asc'}
2025-12-13 22:13:44 | DEBUG    | mcp_server_odoo.services.odoo_service:execute:290 - Execution successful, result type: <class 'list'>
2025-12-13 22:13:44 | DEBUG    | mcp_server_odoo.services.cache_service:set:105 - Cache set: search_read|res.partner|[]|['id', 'name']|0|1000|id asc (TTL: 300s)
2025-12-13 22:13:44 | INFO     | mcp_server_odoo.http_server:mcp_endpoint:900 - MCP request: tools/call (streaming: False)
2025-12-13 22:13:44 | INFO     | mcp_server_odoo.http_server:call_tool:408 - Tool called: execute_method with arguments: {'model': 'account.move', 'method': 'read_group', 'args': [[['move_type', 'in', ['out_invoice', 'out_refund', 'in_invoice', 'in_refund']], ['state', '!=', 'cancel'], ['invoice_date', '>=', '2025-09-15']], ['amount_total:sum'], []], 'kwargs': {'lazy': False}}
2025-12-13 22:13:44 | INFO     | mcp_server_odoo.http_server:call_tool:462 - Executing method 'read_group' on account.move with IDs: []
2025-12-13 22:13:44 | DEBUG    | mcp_server_odoo.services.cache_service:get:89 - Cache hit: model_list
2025-12-13 22:13:44 | DEBUG    | mcp_server_odoo.services.cache_service:get:89 - Cache hit: model_list
2025-12-13 22:13:44 | DEBUG    | mcp_server_odoo.services.cache_service:get:81 - Cache miss: fields_get|account.move|None|None
2025-12-13 22:13:44 | DEBUG    | mcp_server_odoo.services.odoo_service:execute:278 - Executing account.move.fields_get with args=(), kwargs={}
2025-12-13 22:13:44 | DEBUG    | mcp_server_odoo.services.odoo_service:execute:290 - Execution successful, result type: <class 'dict'>
2025-12-13 22:13:44 | DEBUG    | mcp_server_odoo.services.cache_service:set:105 - Cache set: fields_get|account.move|None|None (TTL: 3600s)
2025-12-13 22:13:44 | DEBUG    | mcp_server_odoo.services.cache_service:get:89 - Cache hit: model_list
2025-12-13 22:13:44 | DEBUG    | mcp_server_odoo.services.cache_service:get:89 - Cache hit: fields_get|account.move|None|None
2025-12-13 22:13:44 | DEBUG    | mcp_server_odoo.services.odoo_service:execute:278 - Executing account.move.read_group with args=([['move_type', 'in', ['out_invoice', 'out_refund', 'in_invoice', 'in_refund']], ['state', '!=', 'cancel'], ['invoice_date', '>=', '2025-09-15']], ['amount_total:sum'], []), kwargs={'lazy': False}
2025-12-13 22:13:44 | DEBUG    | mcp_server_odoo.services.odoo_service:execute:290 - Execution successful, result type: <class 'list'>
2025-12-13 22:14:32 | INFO     | mcp_server_odoo.http_server:mcp_endpoint:900 - MCP request: tools/call (streaming: False)
2025-12-13 22:14:32 | INFO     | mcp_server_odoo.http_server:call_tool:408 - Tool called: search_records with arguments: {'model': 'res.partner', 'fields': ['id', 'name', 'email', 'phone'], 'limit': 10, 'order': 'id asc'}
2025-12-13 22:14:32 | INFO     | mcp_server_odoo.http_server:call_tool:500 - Searching records in res.partner with domain: []
2025-12-13 22:14:32 | DEBUG    | mcp_server_odoo.services.cache_service:get:89 - Cache hit: model_list
2025-12-13 22:14:32 | DEBUG    | mcp_server_odoo.services.cache_service:get:89 - Cache hit: model_list
2025-12-13 22:14:32 | DEBUG    | mcp_server_odoo.services.cache_service:get:89 - Cache hit: fields_get|res.partner|None|None
2025-12-13 22:14:32 | DEBUG    | mcp_server_odoo.services.cache_service:get:89 - Cache hit: search_read|res.partner|[]|['id', 'name', 'email', 'phone']|0|10|id asc
2025-12-13 22:14:32 | INFO     | mcp_server_odoo.http_server:mcp_endpoint:900 - MCP request: tools/call (streaming: False)
2025-12-13 22:14:32 | INFO     | mcp_server_odoo.http_server:call_tool:408 - Tool called: search_records with arguments: {'model': 'res.partner', 'fields': ['id', 'name'], 'limit': 1000, 'order': 'id asc'}
2025-12-13 22:14:32 | INFO     | mcp_server_odoo.http_server:call_tool:500 - Searching records in res.partner with domain: []
2025-12-13 22:14:32 | DEBUG    | mcp_server_odoo.services.cache_service:get:89 - Cache hit: model_list
2025-12-13 22:14:32 | DEBUG    | mcp_server_odoo.services.cache_service:get:89 - Cache hit: model_list
2025-12-13 22:14:32 | DEBUG    | mcp_server_odoo.services.cache_service:get:89 - Cache hit: fields_get|res.partner|None|None
2025-12-13 22:14:32 | DEBUG    | mcp_server_odoo.services.cache_service:get:89 - Cache hit: search_read|res.partner|[]|['id', 'name']|0|1000|id asc
2025-12-13 22:14:32 | INFO     | mcp_server_odoo.http_server:mcp_endpoint:900 - MCP request: tools/call (streaming: False)
2025-12-13 22:14:32 | INFO     | mcp_server_odoo.http_server:call_tool:408 - Tool called: execute_method with arguments: {'model': 'account.move', 'method': 'read_group', 'args': [[['move_type', 'in', ['out_invoice', 'out_refund', 'in_invoice', 'in_refund']], ['state', '!=', 'cancel'], ['invoice_date', '>=', '2025-09-15']], ['amount_total:sum'], []], 'kwargs': {'lazy': False}}
2025-12-13 22:14:32 | INFO     | mcp_server_odoo.http_server:call_tool:462 - Executing method 'read_group' on account.move with IDs: []
2025-12-13 22:14:32 | DEBUG    | mcp_server_odoo.services.cache_service:get:89 - Cache hit: model_list
2025-12-13 22:14:32 | DEBUG    | mcp_server_odoo.services.cache_service:get:89 - Cache hit: model_list
2025-12-13 22:14:32 | DEBUG    | mcp_server_odoo.services.cache_service:get:89 - Cache hit: fields_get|account.move|None|None
2025-12-13 22:14:32 | DEBUG    | mcp_server_odoo.services.cache_service:get:89 - Cache hit: model_list
2025-12-13 22:14:32 | DEBUG    | mcp_server_odoo.services.cache_service:get:89 - Cache hit: fields_get|account.move|None|None
2025-12-13 22:14:32 | DEBUG    | mcp_server_odoo.services.odoo_service:execute:278 - Executing account.move.read_group with args=([['move_type', 'in', ['out_invoice', 'out_refund', 'in_invoice', 'in_refund']], ['state', '!=', 'cancel'], ['invoice_date', '>=', '2025-09-15']], ['amount_total:sum'], []), kwargs={'lazy': False}
2025-12-13 22:14:32 | DEBUG    | mcp_server_odoo.services.odoo_service:execute:290 - Execution successful, result type: <class 'list'>
2025-12-13 22:14:32 | INFO     | mcp_server_odoo.http_server:mcp_endpoint:900 - MCP request: tools/call (streaming: False)
2025-12-13 22:14:32 | INFO     | mcp_server_odoo.http_server:call_tool:408 - Tool called: search_count with arguments: {'model': 'account.move', 'domain': [['move_type', 'in', ['out_invoice', 'out_refund', 'in_invoice', 'in_refund']], ['state', '!=', 'cancel'], ['invoice_date', '>=', '2025-09-15']]}
2025-12-13 22:14:32 | INFO     | mcp_server_odoo.http_server:call_tool:514 - Counting records in account.move with domain: [['move_type', 'in', ['out_invoice', 'out_refund', 'in_invoice', 'in_refund']], ['state', '!=', 'cancel'], ['invoice_date', '>=', '2025-09-15']]
2025-12-13 22:14:32 | DEBUG    | mcp_server_odoo.services.cache_service:get:89 - Cache hit: model_list
2025-12-13 22:14:32 | DEBUG    | mcp_server_odoo.services.cache_service:get:89 - Cache hit: model_list
2025-12-13 22:14:32 | DEBUG    | mcp_server_odoo.services.cache_service:get:89 - Cache hit: fields_get|account.move|None|None
2025-12-13 22:14:32 | DEBUG    | mcp_server_odoo.services.cache_service:get:81 - Cache miss: search|account.move|[['move_type', 'in', ['out_invoice', 'out_refund', 'in_invoice', 'in_refund']], ['state', '!=', 'cancel'], ['invoice_date', '>=', '2025-09-15']]|0|None|None
2025-12-13 22:14:32 | DEBUG    | mcp_server_odoo.services.odoo_service:execute:278 - Executing account.move.search with args=([['move_type', 'in', ['out_invoice', 'out_refund', 'in_invoice', 'in_refund']], ['state', '!=', 'cancel'], ['invoice_date', '>=', '2025-09-15']],), kwargs={'offset': 0}
2025-12-13 22:14:32 | DEBUG    | mcp_server_odoo.services.odoo_service:execute:290 - Execution successful, result type: <class 'list'>
2025-12-13 22:14:32 | DEBUG    | mcp_server_odoo.services.cache_service:set:105 - Cache set: search|account.move|[['move_type', 'in', ['out_invoice', 'out_refund', 'in_invoice', 'in_refund']], ['state', '!=', 'cancel'], ['invoice_date', '>=', '2025-09-15']]|0|None|None (TTL: 300s)
2025-12-13 22:14:32 | INFO     | mcp_server_odoo.http_server:mcp_endpoint:900 - MCP request: tools/call (streaming: False)
2025-12-13 22:14:32 | INFO     | mcp_server_odoo.http_server:call_tool:408 - Tool called: execute_method with arguments: {'model': 'account.move', 'method': 'read_group', 'args': [[['move_type', 'in', ['out_invoice', 'out_refund', 'in_invoice', 'in_refund']], ['state', '!=', 'cancel'], ['invoice_date', '>=', '2025-11-01'], ['invoice_date', '<=', '2025-11-30']], ['amount_total:sum'], []], 'kwargs': {'lazy': False}}
2025-12-13 22:14:32 | INFO     | mcp_server_odoo.http_server:call_tool:462 - Executing method 'read_group' on account.move with IDs: []
2025-12-13 22:14:32 | DEBUG    | mcp_server_odoo.services.cache_service:get:89 - Cache hit: model_list
2025-12-13 22:14:32 | DEBUG    | mcp_server_odoo.services.cache_service:get:89 - Cache hit: model_list
2025-12-13 22:14:32 | DEBUG    | mcp_server_odoo.services.cache_service:get:89 - Cache hit: fields_get|account.move|None|None
2025-12-13 22:14:32 | DEBUG    | mcp_server_odoo.services.cache_service:get:89 - Cache hit: model_list
2025-12-13 22:14:32 | DEBUG    | mcp_server_odoo.services.cache_service:get:89 - Cache hit: fields_get|account.move|None|None
2025-12-13 22:14:32 | DEBUG    | mcp_server_odoo.services.odoo_service:execute:278 - Executing account.move.read_group with args=([['move_type', 'in', ['out_invoice', 'out_refund', 'in_invoice', 'in_refund']], ['state', '!=', 'cancel'], ['invoice_date', '>=', '2025-11-01'], ['invoice_date', '<=', '2025-11-30']], ['amount_total:sum'], []), kwargs={'lazy': False}
2025-12-13 22:14:32 | DEBUG    | mcp_server_odoo.services.odoo_service:execute:290 - Execution successful, result type: <class 'list'>
2025-12-13 22:14:32 | INFO     | mcp_server_odoo.http_server:mcp_endpoint:900 - MCP request: tools/call (streaming: False)
2025-12-13 22:14:32 | INFO     | mcp_server_odoo.http_server:call_tool:408 - Tool called: search_count with arguments: {'model': 'account.move', 'domain': [['move_type', 'in', ['out_invoice', 'out_refund', 'in_invoice', 'in_refund']], ['state', '!=', 'cancel'], ['invoice_date', '>=', '2025-11-01'], ['invoice_date', '<=', '2025-11-30']]}
2025-12-13 22:14:32 | INFO     | mcp_server_odoo.http_server:call_tool:514 - Counting records in account.move with domain: [['move_type', 'in', ['out_invoice', 'out_refund', 'in_invoice', 'in_refund']], ['state', '!=', 'cancel'], ['invoice_date', '>=', '2025-11-01'], ['invoice_date', '<=', '2025-11-30']]
2025-12-13 22:14:32 | DEBUG    | mcp_server_odoo.services.cache_service:get:89 - Cache hit: model_list
2025-12-13 22:14:32 | DEBUG    | mcp_server_odoo.services.cache_service:get:89 - Cache hit: model_list
2025-12-13 22:14:32 | DEBUG    | mcp_server_odoo.services.cache_service:get:89 - Cache hit: fields_get|account.move|None|None
2025-12-13 22:14:32 | DEBUG    | mcp_server_odoo.services.cache_service:get:81 - Cache miss: search|account.move|[['move_type', 'in', ['out_invoice', 'out_refund', 'in_invoice', 'in_refund']], ['state', '!=', 'cancel'], ['invoice_date', '>=', '2025-11-01'], ['invoice_date', '<=', '2025-11-30']]|0|None|None
2025-12-13 22:14:32 | DEBUG    | mcp_server_odoo.services.odoo_service:execute:278 - Executing account.move.search with args=([['move_type', 'in', ['out_invoice', 'out_refund', 'in_invoice', 'in_refund']], ['state', '!=', 'cancel'], ['invoice_date', '>=', '2025-11-01'], ['invoice_date', '<=', '2025-11-30']],), kwargs={'offset': 0}
2025-12-13 22:14:32 | DEBUG    | mcp_server_odoo.services.odoo_service:execute:290 - Execution successful, result type: <class 'list'>
2025-12-13 22:14:32 | DEBUG    | mcp_server_odoo.services.cache_service:set:105 - Cache set: search|account.move|[['move_type', 'in', ['out_invoice', 'out_refund', 'in_invoice', 'in_refund']], ['state', '!=', 'cancel'], ['invoice_date', '>=', '2025-11-01'], ['invoice_date', '<=', '2025-11-30']]|0|None|None (TTL: 300s)
2025-12-13 22:14:32 | INFO     | mcp_server_odoo.http_server:mcp_endpoint:900 - MCP request: tools/call (streaming: False)
2025-12-13 22:14:32 | INFO     | mcp_server_odoo.http_server:call_tool:408 - Tool called: execute_method with arguments: {'model': 'account.move', 'method': 'read_group', 'args': [[['move_type', 'in', ['out_invoice', 'out_refund', 'in_invoice', 'in_refund']], ['state', '!=', 'cancel'], ['invoice_date', '>=', '2025-01-01']], ['amount_total:sum'], []], 'kwargs': {'lazy': False}}
2025-12-13 22:14:32 | INFO     | mcp_server_odoo.http_server:call_tool:462 - Executing method 'read_group' on account.move with IDs: []
2025-12-13 22:14:32 | DEBUG    | mcp_server_odoo.services.cache_service:get:89 - Cache hit: model_list
2025-12-13 22:14:32 | DEBUG    | mcp_server_odoo.services.cache_service:get:89 - Cache hit: model_list
2025-12-13 22:14:32 | DEBUG    | mcp_server_odoo.services.cache_service:get:89 - Cache hit: fields_get|account.move|None|None
2025-12-13 22:14:32 | DEBUG    | mcp_server_odoo.services.cache_service:get:89 - Cache hit: model_list
2025-12-13 22:14:32 | DEBUG    | mcp_server_odoo.services.cache_service:get:89 - Cache hit: fields_get|account.move|None|None
2025-12-13 22:14:32 | DEBUG    | mcp_server_odoo.services.odoo_service:execute:278 - Executing account.move.read_group with args=([['move_type', 'in', ['out_invoice', 'out_refund', 'in_invoice', 'in_refund']], ['state', '!=', 'cancel'], ['invoice_date', '>=', '2025-01-01']], ['amount_total:sum'], []), kwargs={'lazy': False}
2025-12-13 22:14:32 | DEBUG    | mcp_server_odoo.services.odoo_service:execute:290 - Execution successful, result type: <class 'list'>
2025-12-13 22:14:32 | INFO     | mcp_server_odoo.http_server:mcp_endpoint:900 - MCP request: tools/call (streaming: False)
2025-12-13 22:14:32 | INFO     | mcp_server_odoo.http_server:call_tool:408 - Tool called: search_count with arguments: {'model': 'account.move', 'domain': [['move_type', 'in', ['out_invoice', 'out_refund', 'in_invoice', 'in_refund']], ['state', '!=', 'cancel'], ['invoice_date', '>=', '2025-01-01']]}
2025-12-13 22:14:32 | INFO     | mcp_server_odoo.http_server:call_tool:514 - Counting records in account.move with domain: [['move_type', 'in', ['out_invoice', 'out_refund', 'in_invoice', 'in_refund']], ['state', '!=', 'cancel'], ['invoice_date', '>=', '2025-01-01']]
2025-12-13 22:14:32 | DEBUG    | mcp_server_odoo.services.cache_service:get:89 - Cache hit: model_list
2025-12-13 22:14:32 | DEBUG    | mcp_server_odoo.services.cache_service:get:89 - Cache hit: model_list
2025-12-13 22:14:32 | DEBUG    | mcp_server_odoo.services.cache_service:get:89 - Cache hit: fields_get|account.move|None|None
2025-12-13 22:14:32 | DEBUG    | mcp_server_odoo.services.cache_service:get:81 - Cache miss: search|account.move|[['move_type', 'in', ['out_invoice', 'out_refund', 'in_invoice', 'in_refund']], ['state', '!=', 'cancel'], ['invoice_date', '>=', '2025-01-01']]|0|None|None
2025-12-13 22:14:32 | DEBUG    | mcp_server_odoo.services.odoo_service:execute:278 - Executing account.move.search with args=([['move_type', 'in', ['out_invoice', 'out_refund', 'in_invoice', 'in_refund']], ['state', '!=', 'cancel'], ['invoice_date', '>=', '2025-01-01']],), kwargs={'offset': 0}
2025-12-13 22:14:32 | DEBUG    | mcp_server_odoo.services.odoo_service:execute:290 - Execution successful, result type: <class 'list'>
2025-12-13 22:14:32 | DEBUG    | mcp_server_odoo.services.cache_service:set:105 - Cache set: search|account.move|[['move_type', 'in', ['out_invoice', 'out_refund', 'in_invoice', 'in_refund']], ['state', '!=', 'cancel'], ['invoice_date', '>=', '2025-01-01']]|0|None|None (TTL: 300s)
2025-12-13 22:14:32 | INFO     | mcp_server_odoo.http_server:mcp_endpoint:900 - MCP request: tools/call (streaming: False)
2025-12-13 22:14:32 | INFO     | mcp_server_odoo.http_server:call_tool:408 - Tool called: execute_method with arguments: {'model': 'account.move', 'method': 'read_group', 'args': [[['move_type', '=', 'out_invoice'], ['state', '!=', 'cancel']], ['amount_total:sum'], []], 'kwargs': {'lazy': False}}
2025-12-13 22:14:32 | INFO     | mcp_server_odoo.http_server:call_tool:462 - Executing method 'read_group' on account.move with IDs: []
2025-12-13 22:14:32 | DEBUG    | mcp_server_odoo.services.cache_service:get:89 - Cache hit: model_list
2025-12-13 22:14:32 | DEBUG    | mcp_server_odoo.services.cache_service:get:89 - Cache hit: model_list
2025-12-13 22:14:32 | DEBUG    | mcp_server_odoo.services.cache_service:get:89 - Cache hit: fields_get|account.move|None|None
2025-12-13 22:14:32 | DEBUG    | mcp_server_odoo.services.cache_service:get:89 - Cache hit: model_list
2025-12-13 22:14:32 | DEBUG    | mcp_server_odoo.services.cache_service:get:89 - Cache hit: fields_get|account.move|None|None
2025-12-13 22:14:32 | DEBUG    | mcp_server_odoo.services.odoo_service:execute:278 - Executing account.move.read_group with args=([['move_type', '=', 'out_invoice'], ['state', '!=', 'cancel']], ['amount_total:sum'], []), kwargs={'lazy': False}
2025-12-13 22:14:32 | DEBUG    | mcp_server_odoo.services.odoo_service:execute:290 - Execution successful, result type: <class 'list'>
2025-12-13 22:14:32 | INFO     | mcp_server_odoo.http_server:mcp_endpoint:900 - MCP request: tools/call (streaming: False)
2025-12-13 22:14:32 | INFO     | mcp_server_odoo.http_server:call_tool:408 - Tool called: search_count with arguments: {'model': 'account.move', 'domain': [['move_type', '=', 'out_invoice'], ['state', '!=', 'cancel']]}
2025-12-13 22:14:32 | INFO     | mcp_server_odoo.http_server:call_tool:514 - Counting records in account.move with domain: [['move_type', '=', 'out_invoice'], ['state', '!=', 'cancel']]
2025-12-13 22:14:32 | DEBUG    | mcp_server_odoo.services.cache_service:get:89 - Cache hit: model_list
2025-12-13 22:14:32 | DEBUG    | mcp_server_odoo.services.cache_service:get:89 - Cache hit: model_list
2025-12-13 22:14:32 | DEBUG    | mcp_server_odoo.services.cache_service:get:89 - Cache hit: fields_get|account.move|None|None
2025-12-13 22:14:32 | DEBUG    | mcp_server_odoo.services.cache_service:get:81 - Cache miss: search|account.move|[['move_type', '=', 'out_invoice'], ['state', '!=', 'cancel']]|0|None|None
2025-12-13 22:14:32 | DEBUG    | mcp_server_odoo.services.odoo_service:execute:278 - Executing account.move.search with args=([['move_type', '=', 'out_invoice'], ['state', '!=', 'cancel']],), kwargs={'offset': 0}
2025-12-13 22:14:32 | DEBUG    | mcp_server_odoo.services.odoo_service:execute:290 - Execution successful, result type: <class 'list'>
2025-12-13 22:14:32 | DEBUG    | mcp_server_odoo.services.cache_service:set:105 - Cache set: search|account.move|[['move_type', '=', 'out_invoice'], ['state', '!=', 'cancel']]|0|None|None (TTL: 300s)
2025-12-13 22:14:32 | INFO     | mcp_server_odoo.http_server:mcp_endpoint:900 - MCP request: tools/call (streaming: False)
2025-12-13 22:14:32 | INFO     | mcp_server_odoo.http_server:call_tool:408 - Tool called: search_records with arguments: {'model': 'account.move', 'domain': [['move_type', '=', 'out_invoice'], ['state', '!=', 'cancel']], 'fields': ['id', 'name', 'invoice_date', 'amount_total'], 'order': 'invoice_date desc', 'limit': 20}
2025-12-13 22:14:32 | INFO     | mcp_server_odoo.http_server:call_tool:500 - Searching records in account.move with domain: [['move_type', '=', 'out_invoice'], ['state', '!=', 'cancel']]
2025-12-13 22:14:32 | DEBUG    | mcp_server_odoo.services.cache_service:get:89 - Cache hit: model_list
2025-12-13 22:14:32 | DEBUG    | mcp_server_odoo.services.cache_service:get:89 - Cache hit: model_list
2025-12-13 22:14:32 | DEBUG    | mcp_server_odoo.services.cache_service:get:89 - Cache hit: fields_get|account.move|None|None
2025-12-13 22:14:32 | DEBUG    | mcp_server_odoo.services.cache_service:get:89 - Cache hit: model_list
2025-12-13 22:14:32 | DEBUG    | mcp_server_odoo.services.cache_service:get:89 - Cache hit: fields_get|account.move|None|None
2025-12-13 22:14:32 | DEBUG    | mcp_server_odoo.services.cache_service:get:81 - Cache miss: search_read|account.move|[['move_type', '=', 'out_invoice'], ['state', '!=', 'cancel']]|['id', 'name', 'invoice_date', 'amount_total']|0|20|invoice_date desc
2025-12-13 22:14:32 | DEBUG    | mcp_server_odoo.services.odoo_service:execute:278 - Executing account.move.search_read with args=([['move_type', '=', 'out_invoice'], ['state', '!=', 'cancel']],), kwargs={'offset': 0, 'fields': ['id', 'name', 'invoice_date', 'amount_total'], 'limit': 20, 'order': 'invoice_date desc'}
2025-12-13 22:14:32 | DEBUG    | mcp_server_odoo.services.odoo_service:execute:290 - Execution successful, result type: <class 'list'>
2025-12-13 22:14:32 | DEBUG    | mcp_server_odoo.services.cache_service:set:105 - Cache set: search_read|account.move|[['move_type', '=', 'out_invoice'], ['state', '!=', 'cancel']]|['id', 'name', 'invoice_date', 'amount_total']|0|20|invoice_date desc (TTL: 300s)
2025-12-13 22:14:32 | INFO     | mcp_server_odoo.http_server:mcp_endpoint:900 - MCP request: tools/call (streaming: False)
2025-12-13 22:14:32 | INFO     | mcp_server_odoo.http_server:call_tool:408 - Tool called: search_records with arguments: {'model': 'account.move', 'domain': [['move_type', 'in', ['out_invoice', 'out_refund', 'in_invoice', 'in_refund']], ['state', '!=', 'cancel']], 'fields': ['id', 'name', 'move_type', 'invoice_date', 'amount_total'], 'order': 'invoice_date desc', 'limit': 50}
2025-12-13 22:14:32 | INFO     | mcp_server_odoo.http_server:call_tool:500 - Searching records in account.move with domain: [['move_type', 'in', ['out_invoice', 'out_refund', 'in_invoice', 'in_refund']], ['state', '!=', 'cancel']]
2025-12-13 22:14:32 | DEBUG    | mcp_server_odoo.services.cache_service:get:89 - Cache hit: model_list
2025-12-13 22:14:32 | DEBUG    | mcp_server_odoo.services.cache_service:get:89 - Cache hit: model_list
2025-12-13 22:14:32 | DEBUG    | mcp_server_odoo.services.cache_service:get:89 - Cache hit: fields_get|account.move|None|None
2025-12-13 22:14:32 | DEBUG    | mcp_server_odoo.services.cache_service:get:89 - Cache hit: model_list
2025-12-13 22:14:32 | DEBUG    | mcp_server_odoo.services.cache_service:get:89 - Cache hit: fields_get|account.move|None|None
2025-12-13 22:14:32 | DEBUG    | mcp_server_odoo.services.cache_service:get:81 - Cache miss: search_read|account.move|[['move_type', 'in', ['out_invoice', 'out_refund', 'in_invoice', 'in_refund']], ['state', '!=', 'cancel']]|['id', 'name', 'move_type', 'invoice_date', 'amount_total']|0|50|invoice_date desc
2025-12-13 22:14:32 | DEBUG    | mcp_server_odoo.services.odoo_service:execute:278 - Executing account.move.search_read with args=([['move_type', 'in', ['out_invoice', 'out_refund', 'in_invoice', 'in_refund']], ['state', '!=', 'cancel']],), kwargs={'offset': 0, 'fields': ['id', 'name', 'move_type', 'invoice_date', 'amount_total'], 'limit': 50, 'order': 'invoice_date desc'}
2025-12-13 22:14:32 | DEBUG    | mcp_server_odoo.services.odoo_service:execute:290 - Execution successful, result type: <class 'list'>
2025-12-13 22:14:32 | DEBUG    | mcp_server_odoo.services.cache_service:set:105 - Cache set: search_read|account.move|[['move_type', 'in', ['out_invoice', 'out_refund', 'in_invoice', 'in_refund']], ['state', '!=', 'cancel']]|['id', 'name', 'move_type', 'invoice_date', 'amount_total']|0|50|invoice_date desc (TTL: 300s)
2025-12-13 22:14:32 | INFO     | mcp_server_odoo.http_server:mcp_endpoint:900 - MCP request: tools/call (streaming: False)
2025-12-13 22:14:32 | INFO     | mcp_server_odoo.http_server:call_tool:408 - Tool called: search_count with arguments: {'model': 'account.move', 'domain': [['move_type', 'in', ['out_invoice', 'out_refund', 'in_invoice', 'in_refund']], ['state', '!=', 'cancel']]}
2025-12-13 22:14:32 | INFO     | mcp_server_odoo.http_server:call_tool:514 - Counting records in account.move with domain: [['move_type', 'in', ['out_invoice', 'out_refund', 'in_invoice', 'in_refund']], ['state', '!=', 'cancel']]
2025-12-13 22:14:32 | DEBUG    | mcp_server_odoo.services.cache_service:get:89 - Cache hit: model_list
2025-12-13 22:14:32 | DEBUG    | mcp_server_odoo.services.cache_service:get:89 - Cache hit: model_list
2025-12-13 22:14:32 | DEBUG    | mcp_server_odoo.services.cache_service:get:89 - Cache hit: fields_get|account.move|None|None
2025-12-13 22:14:32 | DEBUG    | mcp_server_odoo.services.cache_service:get:81 - Cache miss: search|account.move|[['move_type', 'in', ['out_invoice', 'out_refund', 'in_invoice', 'in_refund']], ['state', '!=', 'cancel']]|0|None|None
2025-12-13 22:14:32 | DEBUG    | mcp_server_odoo.services.odoo_service:execute:278 - Executing account.move.search with args=([['move_type', 'in', ['out_invoice', 'out_refund', 'in_invoice', 'in_refund']], ['state', '!=', 'cancel']],), kwargs={'offset': 0}
2025-12-13 22:14:32 | DEBUG    | mcp_server_odoo.services.odoo_service:execute:290 - Execution successful, result type: <class 'list'>
2025-12-13 22:14:32 | DEBUG    | mcp_server_odoo.services.cache_service:set:105 - Cache set: search|account.move|[['move_type', 'in', ['out_invoice', 'out_refund', 'in_invoice', 'in_refund']], ['state', '!=', 'cancel']]|0|None|None (TTL: 300s)
2025-12-13 22:14:32 | INFO     | mcp_server_odoo.http_server:mcp_endpoint:900 - MCP request: tools/call (streaming: False)
2025-12-13 22:14:32 | INFO     | mcp_server_odoo.http_server:call_tool:408 - Tool called: execute_method with arguments: {'model': 'sale.order', 'method': 'read_group', 'args': [[], ['amount_total:sum'], ['partner_id']], 'kwargs': {'lazy': False}}
2025-12-13 22:14:32 | INFO     | mcp_server_odoo.http_server:call_tool:462 - Executing method 'read_group' on sale.order with IDs: []
2025-12-13 22:14:32 | DEBUG    | mcp_server_odoo.services.cache_service:get:89 - Cache hit: model_list
2025-12-13 22:14:32 | DEBUG    | mcp_server_odoo.services.cache_service:get:89 - Cache hit: model_list
2025-12-13 22:14:32 | DEBUG    | mcp_server_odoo.services.cache_service:get:81 - Cache miss: fields_get|sale.order|None|None
2025-12-13 22:14:32 | DEBUG    | mcp_server_odoo.services.odoo_service:execute:278 - Executing sale.order.fields_get with args=(), kwargs={}
2025-12-13 22:14:32 | DEBUG    | mcp_server_odoo.services.odoo_service:execute:290 - Execution successful, result type: <class 'dict'>
2025-12-13 22:14:32 | DEBUG    | mcp_server_odoo.services.cache_service:set:105 - Cache set: fields_get|sale.order|None|None (TTL: 3600s)
2025-12-13 22:14:32 | DEBUG    | mcp_server_odoo.services.cache_service:get:89 - Cache hit: model_list
2025-12-13 22:14:32 | DEBUG    | mcp_server_odoo.services.cache_service:get:89 - Cache hit: fields_get|sale.order|None|None
2025-12-13 22:14:32 | DEBUG    | mcp_server_odoo.services.odoo_service:execute:278 - Executing sale.order.read_group with args=([], ['amount_total:sum'], ['partner_id']), kwargs={'lazy': False}
2025-12-13 22:14:32 | DEBUG    | mcp_server_odoo.services.odoo_service:execute:290 - Execution successful, result type: <class 'list'>
2025-12-13 22:14:32 | INFO     | mcp_server_odoo.http_server:mcp_endpoint:900 - MCP request: tools/call (streaming: False)
2025-12-13 22:14:32 | INFO     | mcp_server_odoo.http_server:call_tool:408 - Tool called: execute_method with arguments: {'model': 'purchase.order', 'method': 'read_group', 'args': [[], ['amount_total:sum'], ['partner_id']], 'kwargs': {'lazy': False}}
2025-12-13 22:14:32 | INFO     | mcp_server_odoo.http_server:call_tool:462 - Executing method 'read_group' on purchase.order with IDs: []
2025-12-13 22:14:32 | DEBUG    | mcp_server_odoo.services.cache_service:get:89 - Cache hit: model_list
2025-12-13 22:14:32 | DEBUG    | mcp_server_odoo.services.cache_service:get:89 - Cache hit: model_list
2025-12-13 22:14:32 | DEBUG    | mcp_server_odoo.services.cache_service:get:81 - Cache miss: fields_get|purchase.order|None|None
2025-12-13 22:14:32 | DEBUG    | mcp_server_odoo.services.odoo_service:execute:278 - Executing purchase.order.fields_get with args=(), kwargs={}
2025-12-13 22:14:32 | DEBUG    | mcp_server_odoo.services.odoo_service:execute:290 - Execution successful, result type: <class 'dict'>
2025-12-13 22:14:32 | DEBUG    | mcp_server_odoo.services.cache_service:set:105 - Cache set: fields_get|purchase.order|None|None (TTL: 3600s)
2025-12-13 22:14:32 | DEBUG    | mcp_server_odoo.services.cache_service:get:89 - Cache hit: model_list
2025-12-13 22:14:32 | DEBUG    | mcp_server_odoo.services.cache_service:get:89 - Cache hit: fields_get|purchase.order|None|None
2025-12-13 22:14:32 | DEBUG    | mcp_server_odoo.services.odoo_service:execute:278 - Executing purchase.order.read_group with args=([], ['amount_total:sum'], ['partner_id']), kwargs={'lazy': False}
2025-12-13 22:14:32 | DEBUG    | mcp_server_odoo.services.odoo_service:execute:290 - Execution successful, result type: <class 'list'>
2025-12-13 22:14:32 | INFO     | mcp_server_odoo.http_server:mcp_endpoint:900 - MCP request: tools/call (streaming: False)
2025-12-13 22:14:32 | INFO     | mcp_server_odoo.http_server:call_tool:408 - Tool called: search_count with arguments: {'model': 'hr.employee', 'domain': [['birthday', '=', False]]}
2025-12-13 22:14:32 | INFO     | mcp_server_odoo.http_server:call_tool:514 - Counting records in hr.employee with domain: [['birthday', '=', False]]
2025-12-13 22:14:32 | DEBUG    | mcp_server_odoo.services.cache_service:get:89 - Cache hit: model_list
2025-12-13 22:14:32 | DEBUG    | mcp_server_odoo.services.cache_service:get:89 - Cache hit: model_list
2025-12-13 22:14:32 | DEBUG    | mcp_server_odoo.services.cache_service:get:81 - Cache miss: fields_get|hr.employee|None|None
2025-12-13 22:14:32 | DEBUG    | mcp_server_odoo.services.odoo_service:execute:278 - Executing hr.employee.fields_get with args=(), kwargs={}
2025-12-13 22:14:32 | DEBUG    | mcp_server_odoo.services.odoo_service:execute:290 - Execution successful, result type: <class 'dict'>
2025-12-13 22:14:32 | DEBUG    | mcp_server_odoo.services.cache_service:set:105 - Cache set: fields_get|hr.employee|None|None (TTL: 3600s)
2025-12-13 22:14:32 | DEBUG    | mcp_server_odoo.services.cache_service:get:81 - Cache miss: search|hr.employee|[['birthday', '=', False]]|0|None|None
2025-12-13 22:14:32 | DEBUG    | mcp_server_odoo.services.odoo_service:execute:278 - Executing hr.employee.search with args=([['birthday', '=', False]],), kwargs={'offset': 0}
2025-12-13 22:14:32 | DEBUG    | mcp_server_odoo.services.odoo_service:execute:290 - Execution successful, result type: <class 'list'>
2025-12-13 22:14:32 | DEBUG    | mcp_server_odoo.services.cache_service:set:105 - Cache set: search|hr.employee|[['birthday', '=', False]]|0|None|None (TTL: 300s)
2025-12-13 22:14:32 | INFO     | mcp_server_odoo.http_server:mcp_endpoint:900 - MCP request: tools/call (streaming: False)
2025-12-13 22:14:32 | INFO     | mcp_server_odoo.http_server:call_tool:408 - Tool called: search_count with arguments: {'model': 'hr.employee', 'domain': [['birthday', '!=', False], ['birthday', '<=', '1985-12-14']]}
2025-12-13 22:14:32 | INFO     | mcp_server_odoo.http_server:call_tool:514 - Counting records in hr.employee with domain: [['birthday', '!=', False], ['birthday', '<=', '1985-12-14']]
2025-12-13 22:14:32 | DEBUG    | mcp_server_odoo.services.cache_service:get:89 - Cache hit: model_list
2025-12-13 22:14:32 | DEBUG    | mcp_server_odoo.services.cache_service:get:89 - Cache hit: model_list
2025-12-13 22:14:32 | DEBUG    | mcp_server_odoo.services.cache_service:get:89 - Cache hit: fields_get|hr.employee|None|None
2025-12-13 22:14:32 | DEBUG    | mcp_server_odoo.services.cache_service:get:81 - Cache miss: search|hr.employee|[['birthday', '!=', False], ['birthday', '<=', '1985-12-14']]|0|None|None
2025-12-13 22:14:32 | DEBUG    | mcp_server_odoo.services.odoo_service:execute:278 - Executing hr.employee.search with args=([['birthday', '!=', False], ['birthday', '<=', '1985-12-14']],), kwargs={'offset': 0}
2025-12-13 22:14:32 | DEBUG    | mcp_server_odoo.services.odoo_service:execute:290 - Execution successful, result type: <class 'list'>
2025-12-13 22:14:32 | DEBUG    | mcp_server_odoo.services.cache_service:set:105 - Cache set: search|hr.employee|[['birthday', '!=', False], ['birthday', '<=', '1985-12-14']]|0|None|None (TTL: 300s)
2025-12-13 22:14:32 | INFO     | mcp_server_odoo.http_server:mcp_endpoint:900 - MCP request: tools/call (streaming: False)
2025-12-13 22:14:32 | INFO     | mcp_server_odoo.http_server:call_tool:408 - Tool called: search_count with arguments: {'model': 'hr.employee', 'domain': [['birthday', '!=', False], ['birthday', '<=', '1995-12-14']]}
2025-12-13 22:14:32 | INFO     | mcp_server_odoo.http_server:call_tool:514 - Counting records in hr.employee with domain: [['birthday', '!=', False], ['birthday', '<=', '1995-12-14']]
2025-12-13 22:14:32 | DEBUG    | mcp_server_odoo.services.cache_service:get:89 - Cache hit: model_list
2025-12-13 22:14:32 | DEBUG    | mcp_server_odoo.services.cache_service:get:89 - Cache hit: model_list
2025-12-13 22:14:32 | DEBUG    | mcp_server_odoo.services.cache_service:get:89 - Cache hit: fields_get|hr.employee|None|None
2025-12-13 22:14:32 | DEBUG    | mcp_server_odoo.services.cache_service:get:81 - Cache miss: search|hr.employee|[['birthday', '!=', False], ['birthday', '<=', '1995-12-14']]|0|None|None
2025-12-13 22:14:32 | DEBUG    | mcp_server_odoo.services.odoo_service:execute:278 - Executing hr.employee.search with args=([['birthday', '!=', False], ['birthday', '<=', '1995-12-14']],), kwargs={'offset': 0}
2025-12-13 22:14:32 | DEBUG    | mcp_server_odoo.services.odoo_service:execute:290 - Execution successful, result type: <class 'list'>
2025-12-13 22:14:32 | DEBUG    | mcp_server_odoo.services.cache_service:set:105 - Cache set: search|hr.employee|[['birthday', '!=', False], ['birthday', '<=', '1995-12-14']]|0|None|None (TTL: 300s)
2025-12-13 22:14:32 | INFO     | mcp_server_odoo.http_server:mcp_endpoint:900 - MCP request: tools/call (streaming: False)
2025-12-13 22:14:32 | INFO     | mcp_server_odoo.http_server:call_tool:408 - Tool called: search_count with arguments: {'model': 'hr.employee', 'domain': [['birthday', '!=', False]]}
2025-12-13 22:14:32 | INFO     | mcp_server_odoo.http_server:call_tool:514 - Counting records in hr.employee with domain: [['birthday', '!=', False]]
2025-12-13 22:14:32 | DEBUG    | mcp_server_odoo.services.cache_service:get:89 - Cache hit: model_list
2025-12-13 22:14:32 | DEBUG    | mcp_server_odoo.services.cache_service:get:89 - Cache hit: model_list
2025-12-13 22:14:32 | DEBUG    | mcp_server_odoo.services.cache_service:get:89 - Cache hit: fields_get|hr.employee|None|None
2025-12-13 22:14:32 | DEBUG    | mcp_server_odoo.services.cache_service:get:81 - Cache miss: search|hr.employee|[['birthday', '!=', False]]|0|None|None
2025-12-13 22:14:32 | DEBUG    | mcp_server_odoo.services.odoo_service:execute:278 - Executing hr.employee.search with args=([['birthday', '!=', False]],), kwargs={'offset': 0}
2025-12-13 22:14:32 | DEBUG    | mcp_server_odoo.services.odoo_service:execute:290 - Execution successful, result type: <class 'list'>
2025-12-13 22:14:32 | DEBUG    | mcp_server_odoo.services.cache_service:set:105 - Cache set: search|hr.employee|[['birthday', '!=', False]]|0|None|None (TTL: 300s)
2025-12-13 22:14:32 | INFO     | mcp_server_odoo.http_server:mcp_endpoint:900 - MCP request: tools/call (streaming: False)
2025-12-13 22:14:32 | INFO     | mcp_server_odoo.http_server:call_tool:408 - Tool called: search_records with arguments: {'model': 'hr.employee', 'domain': [['birthday', '!=', False]], 'fields': ['id', 'name', 'birthday'], 'order': 'birthday', 'limit': 200}
2025-12-13 22:14:32 | INFO     | mcp_server_odoo.http_server:call_tool:500 - Searching records in hr.employee with domain: [['birthday', '!=', False]]
2025-12-13 22:14:32 | DEBUG    | mcp_server_odoo.services.cache_service:get:89 - Cache hit: model_list
2025-12-13 22:14:32 | DEBUG    | mcp_server_odoo.services.cache_service:get:89 - Cache hit: model_list
2025-12-13 22:14:32 | DEBUG    | mcp_server_odoo.services.cache_service:get:89 - Cache hit: fields_get|hr.employee|None|None
2025-12-13 22:14:32 | DEBUG    | mcp_server_odoo.services.cache_service:get:89 - Cache hit: model_list
2025-12-13 22:14:32 | DEBUG    | mcp_server_odoo.services.cache_service:get:89 - Cache hit: fields_get|hr.employee|None|None
2025-12-13 22:14:32 | DEBUG    | mcp_server_odoo.services.cache_service:get:81 - Cache miss: search_read|hr.employee|[['birthday', '!=', False]]|['id', 'name', 'birthday']|0|200|birthday
2025-12-13 22:14:32 | DEBUG    | mcp_server_odoo.services.odoo_service:execute:278 - Executing hr.employee.search_read with args=([['birthday', '!=', False]],), kwargs={'offset': 0, 'fields': ['id', 'name', 'birthday'], 'limit': 200, 'order': 'birthday'}
2025-12-13 22:14:32 | DEBUG    | mcp_server_odoo.services.odoo_service:execute:290 - Execution successful, result type: <class 'list'>
2025-12-13 22:14:32 | DEBUG    | mcp_server_odoo.services.cache_service:set:105 - Cache set: search_read|hr.employee|[['birthday', '!=', False]]|['id', 'name', 'birthday']|0|200|birthday (TTL: 300s)
2025-12-13 22:14:32 | INFO     | mcp_server_odoo.http_server:mcp_endpoint:900 - MCP request: tools/call (streaming: False)
2025-12-13 22:14:32 | INFO     | mcp_server_odoo.http_server:call_tool:408 - Tool called: list_reports with arguments: {}
2025-12-13 22:14:32 | INFO     | mcp_server_odoo.http_server:call_tool:665 - Listing reports (model=None, search=None)
2025-12-13 22:14:32 | DEBUG    | mcp_server_odoo.services.cache_service:get:89 - Cache hit: model_list
2025-12-13 22:14:32 | DEBUG    | mcp_server_odoo.services.cache_service:get:89 - Cache hit: model_list
2025-12-13 22:14:32 | DEBUG    | mcp_server_odoo.services.cache_service:get:81 - Cache miss: fields_get|ir.actions.report|None|None
2025-12-13 22:14:32 | DEBUG    | mcp_server_odoo.services.odoo_service:execute:278 - Executing ir.actions.report.fields_get with args=(), kwargs={}
2025-12-13 22:14:32 | DEBUG    | mcp_server_odoo.services.odoo_service:execute:290 - Execution successful, result type: <class 'dict'>
2025-12-13 22:14:32 | DEBUG    | mcp_server_odoo.services.cache_service:set:105 - Cache set: fields_get|ir.actions.report|None|None (TTL: 3600s)
2025-12-13 22:14:32 | DEBUG    | mcp_server_odoo.services.cache_service:get:89 - Cache hit: model_list
2025-12-13 22:14:32 | DEBUG    | mcp_server_odoo.services.cache_service:get:89 - Cache hit: fields_get|ir.actions.report|None|None
2025-12-13 22:14:32 | DEBUG    | mcp_server_odoo.services.cache_service:get:81 - Cache miss: search_read|ir.actions.report|[['report_type', '=', 'qweb-pdf']]|['id', 'name', 'report_name', 'model', 'report_type']|0|None|None
2025-12-13 22:14:32 | DEBUG    | mcp_server_odoo.services.odoo_service:execute:278 - Executing ir.actions.report.search_read with args=([['report_type', '=', 'qweb-pdf']],), kwargs={'offset': 0, 'fields': ['id', 'name', 'report_name', 'model', 'report_type']}
2025-12-13 22:14:32 | DEBUG    | mcp_server_odoo.services.odoo_service:execute:290 - Execution successful, result type: <class 'list'>
2025-12-13 22:14:32 | DEBUG    | mcp_server_odoo.services.cache_service:set:105 - Cache set: search_read|ir.actions.report|[['report_type', '=', 'qweb-pdf']]|['id', 'name', 'report_name', 'model', 'report_type']|0|None|None (TTL: 300s)
2025-12-13 22:14:32 | INFO     | mcp_server_odoo.http_server:mcp_endpoint:900 - MCP request: tools/call (streaming: False)
2025-12-13 22:14:32 | INFO     | mcp_server_odoo.http_server:call_tool:408 - Tool called: search_records with arguments: {'model': 'sale.order', 'fields': ['id', 'name'], 'limit': 1, 'order': 'id desc'}
2025-12-13 22:14:32 | INFO     | mcp_server_odoo.http_server:call_tool:500 - Searching records in sale.order with domain: []
2025-12-13 22:14:32 | DEBUG    | mcp_server_odoo.services.cache_service:get:89 - Cache hit: model_list
2025-12-13 22:14:32 | DEBUG    | mcp_server_odoo.services.cache_service:get:89 - Cache hit: model_list
2025-12-13 22:14:32 | DEBUG    | mcp_server_odoo.services.cache_service:get:89 - Cache hit: fields_get|sale.order|None|None
2025-12-13 22:14:32 | DEBUG    | mcp_server_odoo.services.cache_service:get:81 - Cache miss: search_read|sale.order|[]|['id', 'name']|0|1|id desc
2025-12-13 22:14:32 | DEBUG    | mcp_server_odoo.services.odoo_service:execute:278 - Executing sale.order.search_read with args=([],), kwargs={'offset': 0, 'fields': ['id', 'name'], 'limit': 1, 'order': 'id desc'}
2025-12-13 22:14:32 | DEBUG    | mcp_server_odoo.services.odoo_service:execute:290 - Execution successful, result type: <class 'list'>
2025-12-13 22:14:32 | DEBUG    | mcp_server_odoo.services.cache_service:set:105 - Cache set: search_read|sale.order|[]|['id', 'name']|0|1|id desc (TTL: 300s)
2025-12-13 22:14:32 | INFO     | mcp_server_odoo.http_server:mcp_endpoint:900 - MCP request: tools/call (streaming: False)
2025-12-13 22:14:32 | INFO     | mcp_server_odoo.http_server:call_tool:408 - Tool called: generate_report with arguments: {'report_name': 'sale.report_saleorder', 'ids': [63]}
2025-12-13 22:14:32 | INFO     | mcp_server_odoo.http_server:call_tool:673 - Generating report sale.report_saleorder for IDs: [63]
2025-12-13 22:14:32 | DEBUG    | mcp_server_odoo.services.cache_service:get:89 - Cache hit: model_list
2025-12-13 22:14:32 | DEBUG    | mcp_server_odoo.services.cache_service:get:89 - Cache hit: model_list
2025-12-13 22:14:32 | DEBUG    | mcp_server_odoo.services.cache_service:get:89 - Cache hit: fields_get|ir.actions.report|None|None
2025-12-13 22:14:32 | DEBUG    | mcp_server_odoo.services.cache_service:get:89 - Cache hit: model_list
2025-12-13 22:14:32 | DEBUG    | mcp_server_odoo.services.cache_service:get:89 - Cache hit: fields_get|ir.actions.report|None|None
2025-12-13 22:14:32 | DEBUG    | mcp_server_odoo.services.cache_service:get:89 - Cache hit: search_read|ir.actions.report|[['report_type', '=', 'qweb-pdf']]|['id', 'name', 'report_name', 'model', 'report_type']|0|None|None
2025-12-13 22:14:32 | WARNING  | mcp_server_odoo.services.odoo_service:_execute_with_retry:307 - Retryable error (odoo_fault): <Fault 1: 'Traceback (most recent call last):\n  File "/home/mahmoud/odoo/samayainv/odoo/odoo/addons/base/controllers/rpc.py", line 165, in xmlrpc_2\n    response = self._xmlrpc(service)\n               ^^^^^^^^^^^^^^^^^^^^^\n  File "/home/mahmoud/odoo/samayainv/odoo/odoo/addons/base/controllers/rpc.py", line 139, in _xmlrpc\n    result = dispatch_rpc(service, method, params)\n             ^^^^^^^^^^^^^^^^^^^^^^^^^^^^^^^^^^^^^\n  File "/home/mahmoud/odoo/samayainv/odoo/odoo/http.py", line 411, in dispatch_rpc\n    dispatch = rpc_dispatchers[service_name]\n               ~~~~~~~~~~~~~~~^^^^^^^^^^^^^^\nKeyError: \'report\'\n'>. Retrying in 0.20s (attempt 1/3)
2025-12-13 22:14:32 | WARNING  | mcp_server_odoo.services.odoo_service:_execute_with_retry:307 - Retryable error (odoo_fault): <Fault 1: 'Traceback (most recent call last):\n  File "/home/mahmoud/odoo/samayainv/odoo/odoo/addons/base/controllers/rpc.py", line 165, in xmlrpc_2\n    response = self._xmlrpc(service)\n               ^^^^^^^^^^^^^^^^^^^^^\n  File "/home/mahmoud/odoo/samayainv/odoo/odoo/addons/base/controllers/rpc.py", line 139, in _xmlrpc\n    result = dispatch_rpc(service, method, params)\n             ^^^^^^^^^^^^^^^^^^^^^^^^^^^^^^^^^^^^^\n  File "/home/mahmoud/odoo/samayainv/odoo/odoo/http.py", line 411, in dispatch_rpc\n    dispatch = rpc_dispatchers[service_name]\n               ~~~~~~~~~~~~~~~^^^^^^^^^^^^^^\nKeyError: \'report\'\n'>. Retrying in 0.40s (attempt 2/3)
2025-12-13 22:14:33 | ERROR    | mcp_server_odoo.http_server:call_tool:703 - Error handling tool generate_report: <Fault 1: 'Traceback (most recent call last):\n  File "/home/mahmoud/odoo/samayainv/odoo/odoo/addons/base/controllers/rpc.py", line 165, in xmlrpc_2\n    response = self._xmlrpc(service)\n               ^^^^^^^^^^^^^^^^^^^^^\n  File "/home/mahmoud/odoo/samayainv/odoo/odoo/addons/base/controllers/rpc.py", line 139, in _xmlrpc\n    result = dispatch_rpc(service, method, params)\n             ^^^^^^^^^^^^^^^^^^^^^^^^^^^^^^^^^^^^^\n  File "/home/mahmoud/odoo/samayainv/odoo/odoo/http.py", line 411, in dispatch_rpc\n    dispatch = rpc_dispatchers[service_name]\n               ~~~~~~~~~~~~~~~^^^^^^^^^^^^^^\nKeyError: \'report\'\n'>
2025-12-13 22:14:33 | INFO     | mcp_server_odoo.http_server:mcp_endpoint:900 - MCP request: tools/call (streaming: False)
2025-12-13 22:14:33 | INFO     | mcp_server_odoo.http_server:call_tool:408 - Tool called: generate_report with arguments: {'report_name': 'account.report_invoice', 'ids': [1053]}
2025-12-13 22:14:33 | INFO     | mcp_server_odoo.http_server:call_tool:673 - Generating report account.report_invoice for IDs: [1053]
2025-12-13 22:14:33 | DEBUG    | mcp_server_odoo.services.cache_service:get:89 - Cache hit: model_list
2025-12-13 22:14:33 | DEBUG    | mcp_server_odoo.services.cache_service:get:89 - Cache hit: model_list
2025-12-13 22:14:33 | DEBUG    | mcp_server_odoo.services.cache_service:get:89 - Cache hit: fields_get|ir.actions.report|None|None
2025-12-13 22:14:33 | DEBUG    | mcp_server_odoo.services.cache_service:get:89 - Cache hit: model_list
2025-12-13 22:14:33 | DEBUG    | mcp_server_odoo.services.cache_service:get:89 - Cache hit: fields_get|ir.actions.report|None|None
2025-12-13 22:14:33 | DEBUG    | mcp_server_odoo.services.cache_service:get:89 - Cache hit: search_read|ir.actions.report|[['report_type', '=', 'qweb-pdf']]|['id', 'name', 'report_name', 'model', 'report_type']|0|None|None
2025-12-13 22:14:33 | WARNING  | mcp_server_odoo.services.odoo_service:_execute_with_retry:307 - Retryable error (odoo_fault): <Fault 1: 'Traceback (most recent call last):\n  File "/home/mahmoud/odoo/samayainv/odoo/odoo/addons/base/controllers/rpc.py", line 165, in xmlrpc_2\n    response = self._xmlrpc(service)\n               ^^^^^^^^^^^^^^^^^^^^^\n  File "/home/mahmoud/odoo/samayainv/odoo/odoo/addons/base/controllers/rpc.py", line 139, in _xmlrpc\n    result = dispatch_rpc(service, method, params)\n             ^^^^^^^^^^^^^^^^^^^^^^^^^^^^^^^^^^^^^\n  File "/home/mahmoud/odoo/samayainv/odoo/odoo/http.py", line 411, in dispatch_rpc\n    dispatch = rpc_dispatchers[service_name]\n               ~~~~~~~~~~~~~~~^^^^^^^^^^^^^^\nKeyError: \'report\'\n'>. Retrying in 0.20s (attempt 1/3)
2025-12-13 22:14:33 | WARNING  | mcp_server_odoo.services.odoo_service:_execute_with_retry:307 - Retryable error (odoo_fault): <Fault 1: 'Traceback (most recent call last):\n  File "/home/mahmoud/odoo/samayainv/odoo/odoo/addons/base/controllers/rpc.py", line 165, in xmlrpc_2\n    response = self._xmlrpc(service)\n               ^^^^^^^^^^^^^^^^^^^^^\n  File "/home/mahmoud/odoo/samayainv/odoo/odoo/addons/base/controllers/rpc.py", line 139, in _xmlrpc\n    result = dispatch_rpc(service, method, params)\n             ^^^^^^^^^^^^^^^^^^^^^^^^^^^^^^^^^^^^^\n  File "/home/mahmoud/odoo/samayainv/odoo/odoo/http.py", line 411, in dispatch_rpc\n    dispatch = rpc_dispatchers[service_name]\n               ~~~~~~~~~~~~~~~^^^^^^^^^^^^^^\nKeyError: \'report\'\n'>. Retrying in 0.40s (attempt 2/3)
2025-12-13 22:14:33 | ERROR    | mcp_server_odoo.http_server:call_tool:703 - Error handling tool generate_report: <Fault 1: 'Traceback (most recent call last):\n  File "/home/mahmoud/odoo/samayainv/odoo/odoo/addons/base/controllers/rpc.py", line 165, in xmlrpc_2\n    response = self._xmlrpc(service)\n               ^^^^^^^^^^^^^^^^^^^^^\n  File "/home/mahmoud/odoo/samayainv/odoo/odoo/addons/base/controllers/rpc.py", line 139, in _xmlrpc\n    result = dispatch_rpc(service, method, params)\n             ^^^^^^^^^^^^^^^^^^^^^^^^^^^^^^^^^^^^^\n  File "/home/mahmoud/odoo/samayainv/odoo/odoo/http.py", line 411, in dispatch_rpc\n    dispatch = rpc_dispatchers[service_name]\n               ~~~~~~~~~~~~~~~^^^^^^^^^^^^^^\nKeyError: \'report\'\n'>
2025-12-13 22:15:27 | INFO     | mcp_server_odoo.http_server:mcp_endpoint:900 - MCP request: tools/call (streaming: False)
2025-12-13 22:15:27 | INFO     | mcp_server_odoo.http_server:call_tool:408 - Tool called: search_records with arguments: {'model': 'res.partner', 'fields': ['id', 'name', 'email', 'phone'], 'limit': 10, 'order': 'id asc'}
2025-12-13 22:15:27 | INFO     | mcp_server_odoo.http_server:call_tool:500 - Searching records in res.partner with domain: []
2025-12-13 22:15:27 | DEBUG    | mcp_server_odoo.services.cache_service:get:89 - Cache hit: model_list
2025-12-13 22:15:27 | DEBUG    | mcp_server_odoo.services.cache_service:get:89 - Cache hit: model_list
2025-12-13 22:15:27 | DEBUG    | mcp_server_odoo.services.cache_service:get:89 - Cache hit: fields_get|res.partner|None|None
2025-12-13 22:15:27 | DEBUG    | mcp_server_odoo.services.cache_service:get:89 - Cache hit: search_read|res.partner|[]|['id', 'name', 'email', 'phone']|0|10|id asc
2025-12-13 22:15:27 | INFO     | mcp_server_odoo.http_server:mcp_endpoint:900 - MCP request: tools/call (streaming: False)
2025-12-13 22:15:27 | INFO     | mcp_server_odoo.http_server:call_tool:408 - Tool called: search_records with arguments: {'model': 'res.partner', 'fields': ['id'], 'limit': 1000}
2025-12-13 22:15:27 | INFO     | mcp_server_odoo.http_server:call_tool:500 - Searching records in res.partner with domain: []
2025-12-13 22:15:27 | DEBUG    | mcp_server_odoo.services.cache_service:get:89 - Cache hit: model_list
2025-12-13 22:15:27 | DEBUG    | mcp_server_odoo.services.cache_service:get:89 - Cache hit: model_list
2025-12-13 22:15:27 | DEBUG    | mcp_server_odoo.services.cache_service:get:89 - Cache hit: fields_get|res.partner|None|None
2025-12-13 22:15:27 | DEBUG    | mcp_server_odoo.services.cache_service:get:81 - Cache miss: search_read|res.partner|[]|['id']|0|1000|None
2025-12-13 22:15:27 | DEBUG    | mcp_server_odoo.services.odoo_service:execute:278 - Executing res.partner.search_read with args=([],), kwargs={'offset': 0, 'fields': ['id'], 'limit': 1000}
2025-12-13 22:15:27 | DEBUG    | mcp_server_odoo.services.odoo_service:execute:290 - Execution successful, result type: <class 'list'>
2025-12-13 22:15:27 | DEBUG    | mcp_server_odoo.services.cache_service:set:105 - Cache set: search_read|res.partner|[]|['id']|0|1000|None (TTL: 300s)
2025-12-13 22:15:27 | INFO     | mcp_server_odoo.http_server:mcp_endpoint:900 - MCP request: tools/call (streaming: False)
2025-12-13 22:15:27 | INFO     | mcp_server_odoo.http_server:call_tool:408 - Tool called: execute_method with arguments: {'model': 'account.move', 'method': 'read_group', 'args': [[['move_type', 'in', ['out_invoice', 'out_refund', 'in_invoice', 'in_refund']], ['state', '!=', 'cancel'], ['invoice_date', '>=', '2025-09-15']], ['amount_total:sum'], []], 'kwargs': {'lazy': False}}
2025-12-13 22:15:27 | INFO     | mcp_server_odoo.http_server:call_tool:462 - Executing method 'read_group' on account.move with IDs: []
2025-12-13 22:15:27 | DEBUG    | mcp_server_odoo.services.cache_service:get:89 - Cache hit: model_list
2025-12-13 22:15:27 | DEBUG    | mcp_server_odoo.services.cache_service:get:89 - Cache hit: model_list
2025-12-13 22:15:27 | DEBUG    | mcp_server_odoo.services.cache_service:get:89 - Cache hit: fields_get|account.move|None|None
2025-12-13 22:15:27 | DEBUG    | mcp_server_odoo.services.cache_service:get:89 - Cache hit: model_list
2025-12-13 22:15:27 | DEBUG    | mcp_server_odoo.services.cache_service:get:89 - Cache hit: fields_get|account.move|None|None
2025-12-13 22:15:27 | DEBUG    | mcp_server_odoo.services.odoo_service:execute:278 - Executing account.move.read_group with args=([['move_type', 'in', ['out_invoice', 'out_refund', 'in_invoice', 'in_refund']], ['state', '!=', 'cancel'], ['invoice_date', '>=', '2025-09-15']], ['amount_total:sum'], []), kwargs={'lazy': False}
2025-12-13 22:15:27 | DEBUG    | mcp_server_odoo.services.odoo_service:execute:290 - Execution successful, result type: <class 'list'>
2025-12-13 22:15:27 | INFO     | mcp_server_odoo.http_server:mcp_endpoint:900 - MCP request: tools/call (streaming: False)
2025-12-13 22:15:27 | INFO     | mcp_server_odoo.http_server:call_tool:408 - Tool called: execute_method with arguments: {'model': 'account.move', 'method': 'read_group', 'args': [[['move_type', 'in', ['out_invoice', 'out_refund', 'in_invoice', 'in_refund']], ['state', '!=', 'cancel'], ['invoice_date', '>=', '2025-11-01'], ['invoice_date', '<=', '2025-11-30']], ['amount_total:sum'], []], 'kwargs': {'lazy': False}}
2025-12-13 22:15:27 | INFO     | mcp_server_odoo.http_server:call_tool:462 - Executing method 'read_group' on account.move with IDs: []
2025-12-13 22:15:27 | DEBUG    | mcp_server_odoo.services.cache_service:get:89 - Cache hit: model_list
2025-12-13 22:15:27 | DEBUG    | mcp_server_odoo.services.cache_service:get:89 - Cache hit: model_list
2025-12-13 22:15:27 | DEBUG    | mcp_server_odoo.services.cache_service:get:89 - Cache hit: fields_get|account.move|None|None
2025-12-13 22:15:27 | DEBUG    | mcp_server_odoo.services.cache_service:get:89 - Cache hit: model_list
2025-12-13 22:15:27 | DEBUG    | mcp_server_odoo.services.cache_service:get:89 - Cache hit: fields_get|account.move|None|None
2025-12-13 22:15:27 | DEBUG    | mcp_server_odoo.services.odoo_service:execute:278 - Executing account.move.read_group with args=([['move_type', 'in', ['out_invoice', 'out_refund', 'in_invoice', 'in_refund']], ['state', '!=', 'cancel'], ['invoice_date', '>=', '2025-11-01'], ['invoice_date', '<=', '2025-11-30']], ['amount_total:sum'], []), kwargs={'lazy': False}
2025-12-13 22:15:27 | DEBUG    | mcp_server_odoo.services.odoo_service:execute:290 - Execution successful, result type: <class 'list'>
2025-12-13 22:15:27 | INFO     | mcp_server_odoo.http_server:mcp_endpoint:900 - MCP request: tools/call (streaming: False)
2025-12-13 22:15:27 | INFO     | mcp_server_odoo.http_server:call_tool:408 - Tool called: execute_method with arguments: {'model': 'account.move', 'method': 'read_group', 'args': [[['move_type', 'in', ['out_invoice', 'out_refund', 'in_invoice', 'in_refund']], ['state', '!=', 'cancel'], ['invoice_date', '>=', '2025-01-01']], ['amount_total:sum'], []], 'kwargs': {'lazy': False}}
2025-12-13 22:15:27 | INFO     | mcp_server_odoo.http_server:call_tool:462 - Executing method 'read_group' on account.move with IDs: []
2025-12-13 22:15:27 | DEBUG    | mcp_server_odoo.services.cache_service:get:89 - Cache hit: model_list
2025-12-13 22:15:27 | DEBUG    | mcp_server_odoo.services.cache_service:get:89 - Cache hit: model_list
2025-12-13 22:15:27 | DEBUG    | mcp_server_odoo.services.cache_service:get:89 - Cache hit: fields_get|account.move|None|None
2025-12-13 22:15:27 | DEBUG    | mcp_server_odoo.services.cache_service:get:89 - Cache hit: model_list
2025-12-13 22:15:27 | DEBUG    | mcp_server_odoo.services.cache_service:get:89 - Cache hit: fields_get|account.move|None|None
2025-12-13 22:15:27 | DEBUG    | mcp_server_odoo.services.odoo_service:execute:278 - Executing account.move.read_group with args=([['move_type', 'in', ['out_invoice', 'out_refund', 'in_invoice', 'in_refund']], ['state', '!=', 'cancel'], ['invoice_date', '>=', '2025-01-01']], ['amount_total:sum'], []), kwargs={'lazy': False}
2025-12-13 22:15:27 | DEBUG    | mcp_server_odoo.services.odoo_service:execute:290 - Execution successful, result type: <class 'list'>
2025-12-13 22:15:27 | INFO     | mcp_server_odoo.http_server:mcp_endpoint:900 - MCP request: tools/call (streaming: False)
2025-12-13 22:15:27 | INFO     | mcp_server_odoo.http_server:call_tool:408 - Tool called: search_count with arguments: {'model': 'account.move', 'domain': [['move_type', 'in', ['out_invoice', 'out_refund', 'in_invoice', 'in_refund']], ['state', '!=', 'cancel'], ['invoice_date', '>=', '2025-09-15']]}
2025-12-13 22:15:27 | INFO     | mcp_server_odoo.http_server:call_tool:514 - Counting records in account.move with domain: [['move_type', 'in', ['out_invoice', 'out_refund', 'in_invoice', 'in_refund']], ['state', '!=', 'cancel'], ['invoice_date', '>=', '2025-09-15']]
2025-12-13 22:15:27 | DEBUG    | mcp_server_odoo.services.cache_service:get:89 - Cache hit: model_list
2025-12-13 22:15:27 | DEBUG    | mcp_server_odoo.services.cache_service:get:89 - Cache hit: model_list
2025-12-13 22:15:27 | DEBUG    | mcp_server_odoo.services.cache_service:get:89 - Cache hit: fields_get|account.move|None|None
2025-12-13 22:15:27 | DEBUG    | mcp_server_odoo.services.cache_service:get:89 - Cache hit: search|account.move|[['move_type', 'in', ['out_invoice', 'out_refund', 'in_invoice', 'in_refund']], ['state', '!=', 'cancel'], ['invoice_date', '>=', '2025-09-15']]|0|None|None
2025-12-13 22:15:27 | INFO     | mcp_server_odoo.http_server:mcp_endpoint:900 - MCP request: tools/call (streaming: False)
2025-12-13 22:15:27 | INFO     | mcp_server_odoo.http_server:call_tool:408 - Tool called: search_count with arguments: {'model': 'account.move', 'domain': [['move_type', 'in', ['out_invoice', 'out_refund', 'in_invoice', 'in_refund']], ['state', '!=', 'cancel'], ['invoice_date', '>=', '2025-11-01'], ['invoice_date', '<=', '2025-11-30']]}
2025-12-13 22:15:27 | INFO     | mcp_server_odoo.http_server:call_tool:514 - Counting records in account.move with domain: [['move_type', 'in', ['out_invoice', 'out_refund', 'in_invoice', 'in_refund']], ['state', '!=', 'cancel'], ['invoice_date', '>=', '2025-11-01'], ['invoice_date', '<=', '2025-11-30']]
2025-12-13 22:15:27 | DEBUG    | mcp_server_odoo.services.cache_service:get:89 - Cache hit: model_list
2025-12-13 22:15:27 | DEBUG    | mcp_server_odoo.services.cache_service:get:89 - Cache hit: model_list
2025-12-13 22:15:27 | DEBUG    | mcp_server_odoo.services.cache_service:get:89 - Cache hit: fields_get|account.move|None|None
2025-12-13 22:15:27 | DEBUG    | mcp_server_odoo.services.cache_service:get:89 - Cache hit: search|account.move|[['move_type', 'in', ['out_invoice', 'out_refund', 'in_invoice', 'in_refund']], ['state', '!=', 'cancel'], ['invoice_date', '>=', '2025-11-01'], ['invoice_date', '<=', '2025-11-30']]|0|None|None
2025-12-13 22:15:27 | INFO     | mcp_server_odoo.http_server:mcp_endpoint:900 - MCP request: tools/call (streaming: False)
2025-12-13 22:15:27 | INFO     | mcp_server_odoo.http_server:call_tool:408 - Tool called: search_count with arguments: {'model': 'account.move', 'domain': [['move_type', 'in', ['out_invoice', 'out_refund', 'in_invoice', 'in_refund']], ['state', '!=', 'cancel'], ['invoice_date', '>=', '2025-01-01']]}
2025-12-13 22:15:27 | INFO     | mcp_server_odoo.http_server:call_tool:514 - Counting records in account.move with domain: [['move_type', 'in', ['out_invoice', 'out_refund', 'in_invoice', 'in_refund']], ['state', '!=', 'cancel'], ['invoice_date', '>=', '2025-01-01']]
2025-12-13 22:15:27 | DEBUG    | mcp_server_odoo.services.cache_service:get:89 - Cache hit: model_list
2025-12-13 22:15:27 | DEBUG    | mcp_server_odoo.services.cache_service:get:89 - Cache hit: model_list
2025-12-13 22:15:27 | DEBUG    | mcp_server_odoo.services.cache_service:get:89 - Cache hit: fields_get|account.move|None|None
2025-12-13 22:15:27 | DEBUG    | mcp_server_odoo.services.cache_service:get:89 - Cache hit: search|account.move|[['move_type', 'in', ['out_invoice', 'out_refund', 'in_invoice', 'in_refund']], ['state', '!=', 'cancel'], ['invoice_date', '>=', '2025-01-01']]|0|None|None
2025-12-13 22:15:27 | INFO     | mcp_server_odoo.http_server:mcp_endpoint:900 - MCP request: tools/call (streaming: False)
2025-12-13 22:15:27 | INFO     | mcp_server_odoo.http_server:call_tool:408 - Tool called: execute_method with arguments: {'model': 'account.move', 'method': 'read_group', 'args': [[['move_type', '=', 'out_invoice'], ['state', '!=', 'cancel']], ['amount_total:sum'], []], 'kwargs': {'lazy': False}}
2025-12-13 22:15:27 | INFO     | mcp_server_odoo.http_server:call_tool:462 - Executing method 'read_group' on account.move with IDs: []
2025-12-13 22:15:27 | DEBUG    | mcp_server_odoo.services.cache_service:get:89 - Cache hit: model_list
2025-12-13 22:15:27 | DEBUG    | mcp_server_odoo.services.cache_service:get:89 - Cache hit: model_list
2025-12-13 22:15:27 | DEBUG    | mcp_server_odoo.services.cache_service:get:89 - Cache hit: fields_get|account.move|None|None
2025-12-13 22:15:27 | DEBUG    | mcp_server_odoo.services.cache_service:get:89 - Cache hit: model_list
2025-12-13 22:15:27 | DEBUG    | mcp_server_odoo.services.cache_service:get:89 - Cache hit: fields_get|account.move|None|None
2025-12-13 22:15:27 | DEBUG    | mcp_server_odoo.services.odoo_service:execute:278 - Executing account.move.read_group with args=([['move_type', '=', 'out_invoice'], ['state', '!=', 'cancel']], ['amount_total:sum'], []), kwargs={'lazy': False}
2025-12-13 22:15:28 | DEBUG    | mcp_server_odoo.services.odoo_service:execute:290 - Execution successful, result type: <class 'list'>
2025-12-13 22:15:28 | INFO     | mcp_server_odoo.http_server:mcp_endpoint:900 - MCP request: tools/call (streaming: False)
2025-12-13 22:15:28 | INFO     | mcp_server_odoo.http_server:call_tool:408 - Tool called: search_count with arguments: {'model': 'account.move', 'domain': [['move_type', '=', 'out_invoice'], ['state', '!=', 'cancel']]}
2025-12-13 22:15:28 | INFO     | mcp_server_odoo.http_server:call_tool:514 - Counting records in account.move with domain: [['move_type', '=', 'out_invoice'], ['state', '!=', 'cancel']]
2025-12-13 22:15:28 | DEBUG    | mcp_server_odoo.services.cache_service:get:89 - Cache hit: model_list
2025-12-13 22:15:28 | DEBUG    | mcp_server_odoo.services.cache_service:get:89 - Cache hit: model_list
2025-12-13 22:15:28 | DEBUG    | mcp_server_odoo.services.cache_service:get:89 - Cache hit: fields_get|account.move|None|None
2025-12-13 22:15:28 | DEBUG    | mcp_server_odoo.services.cache_service:get:89 - Cache hit: search|account.move|[['move_type', '=', 'out_invoice'], ['state', '!=', 'cancel']]|0|None|None
2025-12-13 22:15:28 | INFO     | mcp_server_odoo.http_server:mcp_endpoint:900 - MCP request: tools/call (streaming: False)
2025-12-13 22:15:28 | INFO     | mcp_server_odoo.http_server:call_tool:408 - Tool called: search_records with arguments: {'model': 'account.move', 'domain': [['move_type', '=', 'out_invoice'], ['state', '!=', 'cancel']], 'fields': ['name', 'invoice_date', 'amount_total'], 'order': 'invoice_date desc', 'limit': 5}
2025-12-13 22:15:28 | INFO     | mcp_server_odoo.http_server:call_tool:500 - Searching records in account.move with domain: [['move_type', '=', 'out_invoice'], ['state', '!=', 'cancel']]
2025-12-13 22:15:28 | DEBUG    | mcp_server_odoo.services.cache_service:get:89 - Cache hit: model_list
2025-12-13 22:15:28 | DEBUG    | mcp_server_odoo.services.cache_service:get:89 - Cache hit: model_list
2025-12-13 22:15:28 | DEBUG    | mcp_server_odoo.services.cache_service:get:89 - Cache hit: fields_get|account.move|None|None
2025-12-13 22:15:28 | DEBUG    | mcp_server_odoo.services.cache_service:get:89 - Cache hit: model_list
2025-12-13 22:15:28 | DEBUG    | mcp_server_odoo.services.cache_service:get:89 - Cache hit: fields_get|account.move|None|None
2025-12-13 22:15:28 | DEBUG    | mcp_server_odoo.services.cache_service:get:81 - Cache miss: search_read|account.move|[['move_type', '=', 'out_invoice'], ['state', '!=', 'cancel']]|['name', 'invoice_date', 'amount_total']|0|5|invoice_date desc
2025-12-13 22:15:28 | DEBUG    | mcp_server_odoo.services.odoo_service:execute:278 - Executing account.move.search_read with args=([['move_type', '=', 'out_invoice'], ['state', '!=', 'cancel']],), kwargs={'offset': 0, 'fields': ['name', 'invoice_date', 'amount_total'], 'limit': 5, 'order': 'invoice_date desc'}
2025-12-13 22:15:28 | DEBUG    | mcp_server_odoo.services.odoo_service:execute:290 - Execution successful, result type: <class 'list'>
2025-12-13 22:15:28 | DEBUG    | mcp_server_odoo.services.cache_service:set:105 - Cache set: search_read|account.move|[['move_type', '=', 'out_invoice'], ['state', '!=', 'cancel']]|['name', 'invoice_date', 'amount_total']|0|5|invoice_date desc (TTL: 300s)
2025-12-13 22:15:28 | INFO     | mcp_server_odoo.http_server:mcp_endpoint:900 - MCP request: tools/call (streaming: False)
2025-12-13 22:15:28 | INFO     | mcp_server_odoo.http_server:call_tool:408 - Tool called: search_count with arguments: {'model': 'account.move', 'domain': [['move_type', 'in', ['out_invoice', 'out_refund', 'in_invoice', 'in_refund']], ['state', '!=', 'cancel']]}
2025-12-13 22:15:28 | INFO     | mcp_server_odoo.http_server:call_tool:514 - Counting records in account.move with domain: [['move_type', 'in', ['out_invoice', 'out_refund', 'in_invoice', 'in_refund']], ['state', '!=', 'cancel']]
2025-12-13 22:15:28 | DEBUG    | mcp_server_odoo.services.cache_service:get:89 - Cache hit: model_list
2025-12-13 22:15:28 | DEBUG    | mcp_server_odoo.services.cache_service:get:89 - Cache hit: model_list
2025-12-13 22:15:28 | DEBUG    | mcp_server_odoo.services.cache_service:get:89 - Cache hit: fields_get|account.move|None|None
2025-12-13 22:15:28 | DEBUG    | mcp_server_odoo.services.cache_service:get:89 - Cache hit: search|account.move|[['move_type', 'in', ['out_invoice', 'out_refund', 'in_invoice', 'in_refund']], ['state', '!=', 'cancel']]|0|None|None
2025-12-13 22:15:28 | INFO     | mcp_server_odoo.http_server:mcp_endpoint:900 - MCP request: tools/call (streaming: False)
2025-12-13 22:15:28 | INFO     | mcp_server_odoo.http_server:call_tool:408 - Tool called: search_count with arguments: {'model': 'sale.order', 'domain': [['invoice_status', '!=', 'invoiced']]}
2025-12-13 22:15:28 | INFO     | mcp_server_odoo.http_server:call_tool:514 - Counting records in sale.order with domain: [['invoice_status', '!=', 'invoiced']]
2025-12-13 22:15:28 | DEBUG    | mcp_server_odoo.services.cache_service:get:89 - Cache hit: model_list
2025-12-13 22:15:28 | DEBUG    | mcp_server_odoo.services.cache_service:get:89 - Cache hit: model_list
2025-12-13 22:15:28 | DEBUG    | mcp_server_odoo.services.cache_service:get:89 - Cache hit: fields_get|sale.order|None|None
2025-12-13 22:15:28 | DEBUG    | mcp_server_odoo.services.cache_service:get:81 - Cache miss: search|sale.order|[['invoice_status', '!=', 'invoiced']]|0|None|None
2025-12-13 22:15:28 | DEBUG    | mcp_server_odoo.services.odoo_service:execute:278 - Executing sale.order.search with args=([['invoice_status', '!=', 'invoiced']],), kwargs={'offset': 0}
2025-12-13 22:15:28 | DEBUG    | mcp_server_odoo.services.odoo_service:execute:290 - Execution successful, result type: <class 'list'>
2025-12-13 22:15:28 | DEBUG    | mcp_server_odoo.services.cache_service:set:105 - Cache set: search|sale.order|[['invoice_status', '!=', 'invoiced']]|0|None|None (TTL: 300s)
2025-12-13 22:15:28 | INFO     | mcp_server_odoo.http_server:mcp_endpoint:900 - MCP request: tools/call (streaming: False)
2025-12-13 22:15:28 | INFO     | mcp_server_odoo.http_server:call_tool:408 - Tool called: execute_method with arguments: {'model': 'sale.order', 'method': 'read_group', 'args': [[], ['amount_total:sum'], ['partner_id']], 'kwargs': {'lazy': False}}
2025-12-13 22:15:28 | INFO     | mcp_server_odoo.http_server:call_tool:462 - Executing method 'read_group' on sale.order with IDs: []
2025-12-13 22:15:28 | DEBUG    | mcp_server_odoo.services.cache_service:get:89 - Cache hit: model_list
2025-12-13 22:15:28 | DEBUG    | mcp_server_odoo.services.cache_service:get:89 - Cache hit: model_list
2025-12-13 22:15:28 | DEBUG    | mcp_server_odoo.services.cache_service:get:89 - Cache hit: fields_get|sale.order|None|None
2025-12-13 22:15:28 | DEBUG    | mcp_server_odoo.services.cache_service:get:89 - Cache hit: model_list
2025-12-13 22:15:28 | DEBUG    | mcp_server_odoo.services.cache_service:get:89 - Cache hit: fields_get|sale.order|None|None
2025-12-13 22:15:28 | DEBUG    | mcp_server_odoo.services.odoo_service:execute:278 - Executing sale.order.read_group with args=([], ['amount_total:sum'], ['partner_id']), kwargs={'lazy': False}
2025-12-13 22:15:28 | DEBUG    | mcp_server_odoo.services.odoo_service:execute:290 - Execution successful, result type: <class 'list'>
2025-12-13 22:15:28 | INFO     | mcp_server_odoo.http_server:mcp_endpoint:900 - MCP request: tools/call (streaming: False)
2025-12-13 22:15:28 | INFO     | mcp_server_odoo.http_server:call_tool:408 - Tool called: execute_method with arguments: {'model': 'purchase.order', 'method': 'read_group', 'args': [[], ['amount_total:sum'], ['partner_id']], 'kwargs': {'lazy': False}}
2025-12-13 22:15:28 | INFO     | mcp_server_odoo.http_server:call_tool:462 - Executing method 'read_group' on purchase.order with IDs: []
2025-12-13 22:15:28 | DEBUG    | mcp_server_odoo.services.cache_service:get:89 - Cache hit: model_list
2025-12-13 22:15:28 | DEBUG    | mcp_server_odoo.services.cache_service:get:89 - Cache hit: model_list
2025-12-13 22:15:28 | DEBUG    | mcp_server_odoo.services.cache_service:get:89 - Cache hit: fields_get|purchase.order|None|None
2025-12-13 22:15:28 | DEBUG    | mcp_server_odoo.services.cache_service:get:89 - Cache hit: model_list
2025-12-13 22:15:28 | DEBUG    | mcp_server_odoo.services.cache_service:get:89 - Cache hit: fields_get|purchase.order|None|None
2025-12-13 22:15:28 | DEBUG    | mcp_server_odoo.services.odoo_service:execute:278 - Executing purchase.order.read_group with args=([], ['amount_total:sum'], ['partner_id']), kwargs={'lazy': False}
2025-12-13 22:15:28 | DEBUG    | mcp_server_odoo.services.odoo_service:execute:290 - Execution successful, result type: <class 'list'>
2025-12-13 22:15:28 | INFO     | mcp_server_odoo.http_server:mcp_endpoint:900 - MCP request: tools/call (streaming: False)
2025-12-13 22:15:28 | INFO     | mcp_server_odoo.http_server:call_tool:408 - Tool called: search_count with arguments: {'model': 'hr.employee', 'domain': [['birthday', '=', False]]}
2025-12-13 22:15:28 | INFO     | mcp_server_odoo.http_server:call_tool:514 - Counting records in hr.employee with domain: [['birthday', '=', False]]
2025-12-13 22:15:28 | DEBUG    | mcp_server_odoo.services.cache_service:get:89 - Cache hit: model_list
2025-12-13 22:15:28 | DEBUG    | mcp_server_odoo.services.cache_service:get:89 - Cache hit: model_list
2025-12-13 22:15:28 | DEBUG    | mcp_server_odoo.services.cache_service:get:89 - Cache hit: fields_get|hr.employee|None|None
2025-12-13 22:15:28 | DEBUG    | mcp_server_odoo.services.cache_service:get:89 - Cache hit: search|hr.employee|[['birthday', '=', False]]|0|None|None
2025-12-13 22:15:28 | INFO     | mcp_server_odoo.http_server:mcp_endpoint:900 - MCP request: tools/call (streaming: False)
2025-12-13 22:15:28 | INFO     | mcp_server_odoo.http_server:call_tool:408 - Tool called: search_count with arguments: {'model': 'hr.employee', 'domain': [['birthday', '!=', False], ['birthday', '<=', '1985-12-14']]}
2025-12-13 22:15:28 | INFO     | mcp_server_odoo.http_server:call_tool:514 - Counting records in hr.employee with domain: [['birthday', '!=', False], ['birthday', '<=', '1985-12-14']]
2025-12-13 22:15:28 | DEBUG    | mcp_server_odoo.services.cache_service:get:89 - Cache hit: model_list
2025-12-13 22:15:28 | DEBUG    | mcp_server_odoo.services.cache_service:get:89 - Cache hit: model_list
2025-12-13 22:15:28 | DEBUG    | mcp_server_odoo.services.cache_service:get:89 - Cache hit: fields_get|hr.employee|None|None
2025-12-13 22:15:28 | DEBUG    | mcp_server_odoo.services.cache_service:get:89 - Cache hit: search|hr.employee|[['birthday', '!=', False], ['birthday', '<=', '1985-12-14']]|0|None|None
2025-12-13 22:15:28 | INFO     | mcp_server_odoo.http_server:mcp_endpoint:900 - MCP request: tools/call (streaming: False)
2025-12-13 22:15:28 | INFO     | mcp_server_odoo.http_server:call_tool:408 - Tool called: search_count with arguments: {'model': 'hr.employee', 'domain': [['birthday', '!=', False], ['birthday', '<=', '1995-12-14']]}
2025-12-13 22:15:28 | INFO     | mcp_server_odoo.http_server:call_tool:514 - Counting records in hr.employee with domain: [['birthday', '!=', False], ['birthday', '<=', '1995-12-14']]
2025-12-13 22:15:28 | DEBUG    | mcp_server_odoo.services.cache_service:get:89 - Cache hit: model_list
2025-12-13 22:15:28 | DEBUG    | mcp_server_odoo.services.cache_service:get:89 - Cache hit: model_list
2025-12-13 22:15:28 | DEBUG    | mcp_server_odoo.services.cache_service:get:89 - Cache hit: fields_get|hr.employee|None|None
2025-12-13 22:15:28 | DEBUG    | mcp_server_odoo.services.cache_service:get:89 - Cache hit: search|hr.employee|[['birthday', '!=', False], ['birthday', '<=', '1995-12-14']]|0|None|None
2025-12-13 22:15:28 | INFO     | mcp_server_odoo.http_server:mcp_endpoint:900 - MCP request: tools/call (streaming: False)
2025-12-13 22:15:28 | INFO     | mcp_server_odoo.http_server:call_tool:408 - Tool called: search_count with arguments: {'model': 'hr.employee', 'domain': [['birthday', '!=', False]]}
2025-12-13 22:15:28 | INFO     | mcp_server_odoo.http_server:call_tool:514 - Counting records in hr.employee with domain: [['birthday', '!=', False]]
2025-12-13 22:15:28 | DEBUG    | mcp_server_odoo.services.cache_service:get:89 - Cache hit: model_list
2025-12-13 22:15:28 | DEBUG    | mcp_server_odoo.services.cache_service:get:89 - Cache hit: model_list
2025-12-13 22:15:28 | DEBUG    | mcp_server_odoo.services.cache_service:get:89 - Cache hit: fields_get|hr.employee|None|None
2025-12-13 22:15:28 | DEBUG    | mcp_server_odoo.services.cache_service:get:89 - Cache hit: search|hr.employee|[['birthday', '!=', False]]|0|None|None
2025-12-13 22:15:28 | INFO     | mcp_server_odoo.http_server:mcp_endpoint:900 - MCP request: tools/call (streaming: False)
2025-12-13 22:15:28 | INFO     | mcp_server_odoo.http_server:call_tool:408 - Tool called: search_records with arguments: {'model': 'hr.employee', 'domain': [['birthday', '!=', False]], 'fields': ['name', 'birthday'], 'order': 'birthday', 'limit': 10}
2025-12-13 22:15:28 | INFO     | mcp_server_odoo.http_server:call_tool:500 - Searching records in hr.employee with domain: [['birthday', '!=', False]]
2025-12-13 22:15:28 | DEBUG    | mcp_server_odoo.services.cache_service:get:89 - Cache hit: model_list
2025-12-13 22:15:28 | DEBUG    | mcp_server_odoo.services.cache_service:get:89 - Cache hit: model_list
2025-12-13 22:15:28 | DEBUG    | mcp_server_odoo.services.cache_service:get:89 - Cache hit: fields_get|hr.employee|None|None
2025-12-13 22:15:28 | DEBUG    | mcp_server_odoo.services.cache_service:get:89 - Cache hit: model_list
2025-12-13 22:15:28 | DEBUG    | mcp_server_odoo.services.cache_service:get:89 - Cache hit: fields_get|hr.employee|None|None
2025-12-13 22:15:28 | DEBUG    | mcp_server_odoo.services.cache_service:get:81 - Cache miss: search_read|hr.employee|[['birthday', '!=', False]]|['name', 'birthday']|0|10|birthday
2025-12-13 22:15:28 | DEBUG    | mcp_server_odoo.services.odoo_service:execute:278 - Executing hr.employee.search_read with args=([['birthday', '!=', False]],), kwargs={'offset': 0, 'fields': ['name', 'birthday'], 'limit': 10, 'order': 'birthday'}
2025-12-13 22:15:28 | DEBUG    | mcp_server_odoo.services.odoo_service:execute:290 - Execution successful, result type: <class 'list'>
2025-12-13 22:15:28 | DEBUG    | mcp_server_odoo.services.cache_service:set:105 - Cache set: search_read|hr.employee|[['birthday', '!=', False]]|['name', 'birthday']|0|10|birthday (TTL: 300s)
2025-12-13 22:15:28 | INFO     | mcp_server_odoo.http_server:mcp_endpoint:900 - MCP request: tools/call (streaming: False)
2025-12-13 22:15:28 | INFO     | mcp_server_odoo.http_server:call_tool:408 - Tool called: list_reports with arguments: {}
2025-12-13 22:15:28 | INFO     | mcp_server_odoo.http_server:call_tool:665 - Listing reports (model=None, search=None)
2025-12-13 22:15:28 | DEBUG    | mcp_server_odoo.services.cache_service:get:89 - Cache hit: model_list
2025-12-13 22:15:28 | DEBUG    | mcp_server_odoo.services.cache_service:get:89 - Cache hit: model_list
2025-12-13 22:15:28 | DEBUG    | mcp_server_odoo.services.cache_service:get:89 - Cache hit: fields_get|ir.actions.report|None|None
2025-12-13 22:15:28 | DEBUG    | mcp_server_odoo.services.cache_service:get:89 - Cache hit: model_list
2025-12-13 22:15:28 | DEBUG    | mcp_server_odoo.services.cache_service:get:89 - Cache hit: fields_get|ir.actions.report|None|None
2025-12-13 22:15:28 | DEBUG    | mcp_server_odoo.services.cache_service:get:89 - Cache hit: search_read|ir.actions.report|[['report_type', '=', 'qweb-pdf']]|['id', 'name', 'report_name', 'model', 'report_type']|0|None|None
2025-12-13 22:15:28 | INFO     | mcp_server_odoo.http_server:mcp_endpoint:900 - MCP request: tools/call (streaming: False)
2025-12-13 22:15:28 | INFO     | mcp_server_odoo.http_server:call_tool:408 - Tool called: search_records with arguments: {'model': 'sale.order', 'fields': ['id', 'name'], 'limit': 1, 'order': 'id desc'}
2025-12-13 22:15:28 | INFO     | mcp_server_odoo.http_server:call_tool:500 - Searching records in sale.order with domain: []
2025-12-13 22:15:28 | DEBUG    | mcp_server_odoo.services.cache_service:get:89 - Cache hit: model_list
2025-12-13 22:15:28 | DEBUG    | mcp_server_odoo.services.cache_service:get:89 - Cache hit: model_list
2025-12-13 22:15:28 | DEBUG    | mcp_server_odoo.services.cache_service:get:89 - Cache hit: fields_get|sale.order|None|None
2025-12-13 22:15:28 | DEBUG    | mcp_server_odoo.services.cache_service:get:89 - Cache hit: search_read|sale.order|[]|['id', 'name']|0|1|id desc
2025-12-13 22:15:28 | INFO     | mcp_server_odoo.http_server:mcp_endpoint:900 - MCP request: tools/call (streaming: False)
2025-12-13 22:15:28 | INFO     | mcp_server_odoo.http_server:call_tool:408 - Tool called: search_records with arguments: {'model': 'account.move', 'domain': [['move_type', '=', 'out_invoice'], ['state', '!=', 'cancel']], 'fields': ['id', 'name'], 'limit': 1, 'order': 'id desc'}
2025-12-13 22:15:28 | INFO     | mcp_server_odoo.http_server:call_tool:500 - Searching records in account.move with domain: [['move_type', '=', 'out_invoice'], ['state', '!=', 'cancel']]
2025-12-13 22:15:28 | DEBUG    | mcp_server_odoo.services.cache_service:get:89 - Cache hit: model_list
2025-12-13 22:15:28 | DEBUG    | mcp_server_odoo.services.cache_service:get:89 - Cache hit: model_list
2025-12-13 22:15:28 | DEBUG    | mcp_server_odoo.services.cache_service:get:89 - Cache hit: fields_get|account.move|None|None
2025-12-13 22:15:28 | DEBUG    | mcp_server_odoo.services.cache_service:get:89 - Cache hit: model_list
2025-12-13 22:15:28 | DEBUG    | mcp_server_odoo.services.cache_service:get:89 - Cache hit: fields_get|account.move|None|None
2025-12-13 22:15:28 | DEBUG    | mcp_server_odoo.services.cache_service:get:81 - Cache miss: search_read|account.move|[['move_type', '=', 'out_invoice'], ['state', '!=', 'cancel']]|['id', 'name']|0|1|id desc
2025-12-13 22:15:28 | DEBUG    | mcp_server_odoo.services.odoo_service:execute:278 - Executing account.move.search_read with args=([['move_type', '=', 'out_invoice'], ['state', '!=', 'cancel']],), kwargs={'offset': 0, 'fields': ['id', 'name'], 'limit': 1, 'order': 'id desc'}
2025-12-13 22:15:28 | DEBUG    | mcp_server_odoo.services.odoo_service:execute:290 - Execution successful, result type: <class 'list'>
2025-12-13 22:15:28 | DEBUG    | mcp_server_odoo.services.cache_service:set:105 - Cache set: search_read|account.move|[['move_type', '=', 'out_invoice'], ['state', '!=', 'cancel']]|['id', 'name']|0|1|id desc (TTL: 300s)
2025-12-13 22:15:28 | INFO     | mcp_server_odoo.http_server:mcp_endpoint:900 - MCP request: tools/call (streaming: False)
2025-12-13 22:15:28 | INFO     | mcp_server_odoo.http_server:call_tool:408 - Tool called: generate_report with arguments: {'report_name': 'sale.report_saleorder', 'ids': [63]}
2025-12-13 22:15:28 | INFO     | mcp_server_odoo.http_server:call_tool:673 - Generating report sale.report_saleorder for IDs: [63]
2025-12-13 22:15:28 | DEBUG    | mcp_server_odoo.services.cache_service:get:89 - Cache hit: model_list
2025-12-13 22:15:28 | DEBUG    | mcp_server_odoo.services.cache_service:get:89 - Cache hit: model_list
2025-12-13 22:15:28 | DEBUG    | mcp_server_odoo.services.cache_service:get:89 - Cache hit: fields_get|ir.actions.report|None|None
2025-12-13 22:15:28 | DEBUG    | mcp_server_odoo.services.cache_service:get:89 - Cache hit: model_list
2025-12-13 22:15:28 | DEBUG    | mcp_server_odoo.services.cache_service:get:89 - Cache hit: fields_get|ir.actions.report|None|None
2025-12-13 22:15:28 | DEBUG    | mcp_server_odoo.services.cache_service:get:89 - Cache hit: search_read|ir.actions.report|[['report_type', '=', 'qweb-pdf']]|['id', 'name', 'report_name', 'model', 'report_type']|0|None|None
2025-12-13 22:15:28 | WARNING  | mcp_server_odoo.services.odoo_service:_execute_with_retry:307 - Retryable error (odoo_fault): <Fault 1: 'Traceback (most recent call last):\n  File "/home/mahmoud/odoo/samayainv/odoo/odoo/addons/base/controllers/rpc.py", line 165, in xmlrpc_2\n    response = self._xmlrpc(service)\n               ^^^^^^^^^^^^^^^^^^^^^\n  File "/home/mahmoud/odoo/samayainv/odoo/odoo/addons/base/controllers/rpc.py", line 139, in _xmlrpc\n    result = dispatch_rpc(service, method, params)\n             ^^^^^^^^^^^^^^^^^^^^^^^^^^^^^^^^^^^^^\n  File "/home/mahmoud/odoo/samayainv/odoo/odoo/http.py", line 411, in dispatch_rpc\n    dispatch = rpc_dispatchers[service_name]\n               ~~~~~~~~~~~~~~~^^^^^^^^^^^^^^\nKeyError: \'report\'\n'>. Retrying in 0.20s (attempt 1/3)
2025-12-13 22:15:28 | WARNING  | mcp_server_odoo.services.odoo_service:_execute_with_retry:307 - Retryable error (odoo_fault): <Fault 1: 'Traceback (most recent call last):\n  File "/home/mahmoud/odoo/samayainv/odoo/odoo/addons/base/controllers/rpc.py", line 165, in xmlrpc_2\n    response = self._xmlrpc(service)\n               ^^^^^^^^^^^^^^^^^^^^^\n  File "/home/mahmoud/odoo/samayainv/odoo/odoo/addons/base/controllers/rpc.py", line 139, in _xmlrpc\n    result = dispatch_rpc(service, method, params)\n             ^^^^^^^^^^^^^^^^^^^^^^^^^^^^^^^^^^^^^\n  File "/home/mahmoud/odoo/samayainv/odoo/odoo/http.py", line 411, in dispatch_rpc\n    dispatch = rpc_dispatchers[service_name]\n               ~~~~~~~~~~~~~~~^^^^^^^^^^^^^^\nKeyError: \'report\'\n'>. Retrying in 0.40s (attempt 2/3)
2025-12-13 22:15:28 | ERROR    | mcp_server_odoo.http_server:call_tool:703 - Error handling tool generate_report: <Fault 1: 'Traceback (most recent call last):\n  File "/home/mahmoud/odoo/samayainv/odoo/odoo/addons/base/controllers/rpc.py", line 165, in xmlrpc_2\n    response = self._xmlrpc(service)\n               ^^^^^^^^^^^^^^^^^^^^^\n  File "/home/mahmoud/odoo/samayainv/odoo/odoo/addons/base/controllers/rpc.py", line 139, in _xmlrpc\n    result = dispatch_rpc(service, method, params)\n             ^^^^^^^^^^^^^^^^^^^^^^^^^^^^^^^^^^^^^\n  File "/home/mahmoud/odoo/samayainv/odoo/odoo/http.py", line 411, in dispatch_rpc\n    dispatch = rpc_dispatchers[service_name]\n               ~~~~~~~~~~~~~~~^^^^^^^^^^^^^^\nKeyError: \'report\'\n'>
2025-12-13 22:15:28 | INFO     | mcp_server_odoo.http_server:mcp_endpoint:900 - MCP request: tools/call (streaming: False)
2025-12-13 22:15:28 | INFO     | mcp_server_odoo.http_server:call_tool:408 - Tool called: generate_report with arguments: {'report_name': 'account.report_invoice', 'ids': [3847]}
2025-12-13 22:15:28 | INFO     | mcp_server_odoo.http_server:call_tool:673 - Generating report account.report_invoice for IDs: [3847]
2025-12-13 22:15:28 | DEBUG    | mcp_server_odoo.services.cache_service:get:89 - Cache hit: model_list
2025-12-13 22:15:28 | DEBUG    | mcp_server_odoo.services.cache_service:get:89 - Cache hit: model_list
2025-12-13 22:15:28 | DEBUG    | mcp_server_odoo.services.cache_service:get:89 - Cache hit: fields_get|ir.actions.report|None|None
2025-12-13 22:15:28 | DEBUG    | mcp_server_odoo.services.cache_service:get:89 - Cache hit: model_list
2025-12-13 22:15:28 | DEBUG    | mcp_server_odoo.services.cache_service:get:89 - Cache hit: fields_get|ir.actions.report|None|None
2025-12-13 22:15:28 | DEBUG    | mcp_server_odoo.services.cache_service:get:89 - Cache hit: search_read|ir.actions.report|[['report_type', '=', 'qweb-pdf']]|['id', 'name', 'report_name', 'model', 'report_type']|0|None|None
2025-12-13 22:15:28 | WARNING  | mcp_server_odoo.services.odoo_service:_execute_with_retry:307 - Retryable error (odoo_fault): <Fault 1: 'Traceback (most recent call last):\n  File "/home/mahmoud/odoo/samayainv/odoo/odoo/addons/base/controllers/rpc.py", line 165, in xmlrpc_2\n    response = self._xmlrpc(service)\n               ^^^^^^^^^^^^^^^^^^^^^\n  File "/home/mahmoud/odoo/samayainv/odoo/odoo/addons/base/controllers/rpc.py", line 139, in _xmlrpc\n    result = dispatch_rpc(service, method, params)\n             ^^^^^^^^^^^^^^^^^^^^^^^^^^^^^^^^^^^^^\n  File "/home/mahmoud/odoo/samayainv/odoo/odoo/http.py", line 411, in dispatch_rpc\n    dispatch = rpc_dispatchers[service_name]\n               ~~~~~~~~~~~~~~~^^^^^^^^^^^^^^\nKeyError: \'report\'\n'>. Retrying in 0.20s (attempt 1/3)
2025-12-13 22:15:28 | WARNING  | mcp_server_odoo.services.odoo_service:_execute_with_retry:307 - Retryable error (odoo_fault): <Fault 1: 'Traceback (most recent call last):\n  File "/home/mahmoud/odoo/samayainv/odoo/odoo/addons/base/controllers/rpc.py", line 165, in xmlrpc_2\n    response = self._xmlrpc(service)\n               ^^^^^^^^^^^^^^^^^^^^^\n  File "/home/mahmoud/odoo/samayainv/odoo/odoo/addons/base/controllers/rpc.py", line 139, in _xmlrpc\n    result = dispatch_rpc(service, method, params)\n             ^^^^^^^^^^^^^^^^^^^^^^^^^^^^^^^^^^^^^\n  File "/home/mahmoud/odoo/samayainv/odoo/odoo/http.py", line 411, in dispatch_rpc\n    dispatch = rpc_dispatchers[service_name]\n               ~~~~~~~~~~~~~~~^^^^^^^^^^^^^^\nKeyError: \'report\'\n'>. Retrying in 0.40s (attempt 2/3)
2025-12-13 22:15:29 | ERROR    | mcp_server_odoo.http_server:call_tool:703 - Error handling tool generate_report: <Fault 1: 'Traceback (most recent call last):\n  File "/home/mahmoud/odoo/samayainv/odoo/odoo/addons/base/controllers/rpc.py", line 165, in xmlrpc_2\n    response = self._xmlrpc(service)\n               ^^^^^^^^^^^^^^^^^^^^^\n  File "/home/mahmoud/odoo/samayainv/odoo/odoo/addons/base/controllers/rpc.py", line 139, in _xmlrpc\n    result = dispatch_rpc(service, method, params)\n             ^^^^^^^^^^^^^^^^^^^^^^^^^^^^^^^^^^^^^\n  File "/home/mahmoud/odoo/samayainv/odoo/odoo/http.py", line 411, in dispatch_rpc\n    dispatch = rpc_dispatchers[service_name]\n               ~~~~~~~~~~~~~~~^^^^^^^^^^^^^^\nKeyError: \'report\'\n'>
2025-12-13 22:16:48 | INFO     | mcp_server_odoo.http_server:lifespan:809 - Shutting down Odoo MCP HTTP Server...
2025-12-13 22:16:49 | INFO     | mcp_server_odoo.http_server:lifespan:798 - Starting Odoo MCP HTTP Server...
2025-12-13 22:16:49 | INFO     | mcp_server_odoo.services.cache_service:__init__:34 - Cache service initialized - enabled: True, TTL: 300s, max_size: 1000
2025-12-13 22:16:49 | INFO     | mcp_server_odoo.services.odoo_service:__init__:70 - Odoo service initialized for http://host.docker.internal:8069/samayainv (version=18.0, endpoint_mode=xmlrpc2)
2025-12-13 22:16:49 | DEBUG    | mcp_server_odoo.services.cache_service:get:81 - Cache miss: auth:admin:samayainv
2025-12-13 22:16:49 | INFO     | mcp_server_odoo.services.odoo_service:authenticate:243 - Authenticating with Odoo...
2025-12-13 22:16:49 | DEBUG    | mcp_server_odoo.services.cache_service:set:105 - Cache set: auth:admin:samayainv (TTL: 3600s)
2025-12-13 22:16:49 | INFO     | mcp_server_odoo.services.odoo_service:authenticate:264 - Authentication successful, user ID: 2
2025-12-13 22:16:49 | INFO     | mcp_server_odoo.http_server:lifespan:803 - Odoo connection test successful
2025-12-13 22:17:53 | INFO     | mcp_server_odoo.http_server:mcp_endpoint:900 - MCP request: tools/call (streaming: False)
2025-12-13 22:17:53 | INFO     | mcp_server_odoo.http_server:call_tool:408 - Tool called: search_records with arguments: {'model': 'res.partner', 'fields': ['id', 'name', 'email', 'phone'], 'limit': 10, 'order': 'id asc'}
2025-12-13 22:17:53 | INFO     | mcp_server_odoo.http_server:call_tool:500 - Searching records in res.partner with domain: []
2025-12-13 22:17:53 | DEBUG    | mcp_server_odoo.services.cache_service:get:81 - Cache miss: model_list
2025-12-13 22:17:53 | DEBUG    | mcp_server_odoo.services.cache_service:get:81 - Cache miss: fields_get|ir.model|None|None
2025-12-13 22:17:53 | DEBUG    | mcp_server_odoo.services.odoo_service:execute:278 - Executing ir.model.fields_get with args=(), kwargs={}
2025-12-13 22:17:53 | DEBUG    | mcp_server_odoo.services.odoo_service:execute:290 - Execution successful, result type: <class 'dict'>
2025-12-13 22:17:53 | DEBUG    | mcp_server_odoo.services.cache_service:set:105 - Cache set: fields_get|ir.model|None|None (TTL: 3600s)
2025-12-13 22:17:53 | DEBUG    | mcp_server_odoo.services.cache_service:get:81 - Cache miss: search_read|ir.model|[]|['model', 'name', 'transient']|0|None|None
2025-12-13 22:17:53 | DEBUG    | mcp_server_odoo.services.odoo_service:execute:278 - Executing ir.model.search_read with args=([],), kwargs={'offset': 0, 'fields': ['model', 'name', 'transient']}
2025-12-13 22:17:53 | DEBUG    | mcp_server_odoo.services.odoo_service:execute:290 - Execution successful, result type: <class 'list'>
2025-12-13 22:17:53 | DEBUG    | mcp_server_odoo.services.cache_service:set:105 - Cache set: search_read|ir.model|[]|['model', 'name', 'transient']|0|None|None (TTL: 300s)
2025-12-13 22:17:53 | DEBUG    | mcp_server_odoo.services.cache_service:set:105 - Cache set: model_list (TTL: 3600s)
2025-12-13 22:17:53 | DEBUG    | mcp_server_odoo.services.cache_service:get:89 - Cache hit: model_list
2025-12-13 22:17:53 | DEBUG    | mcp_server_odoo.services.cache_service:get:81 - Cache miss: fields_get|res.partner|None|None
2025-12-13 22:17:53 | DEBUG    | mcp_server_odoo.services.odoo_service:execute:278 - Executing res.partner.fields_get with args=(), kwargs={}
2025-12-13 22:17:53 | DEBUG    | mcp_server_odoo.services.odoo_service:execute:290 - Execution successful, result type: <class 'dict'>
2025-12-13 22:17:53 | DEBUG    | mcp_server_odoo.services.cache_service:set:105 - Cache set: fields_get|res.partner|None|None (TTL: 3600s)
2025-12-13 22:17:53 | DEBUG    | mcp_server_odoo.services.cache_service:get:81 - Cache miss: search_read|res.partner|[]|['id', 'name', 'email', 'phone']|0|10|id asc
2025-12-13 22:17:53 | DEBUG    | mcp_server_odoo.services.odoo_service:execute:278 - Executing res.partner.search_read with args=([],), kwargs={'offset': 0, 'fields': ['id', 'name', 'email', 'phone'], 'limit': 10, 'order': 'id asc'}
2025-12-13 22:17:53 | DEBUG    | mcp_server_odoo.services.odoo_service:execute:290 - Execution successful, result type: <class 'list'>
2025-12-13 22:17:53 | DEBUG    | mcp_server_odoo.services.cache_service:set:105 - Cache set: search_read|res.partner|[]|['id', 'name', 'email', 'phone']|0|10|id asc (TTL: 300s)
2025-12-13 22:17:53 | INFO     | mcp_server_odoo.http_server:mcp_endpoint:900 - MCP request: tools/call (streaming: False)
2025-12-13 22:17:53 | INFO     | mcp_server_odoo.http_server:call_tool:408 - Tool called: search_records with arguments: {'model': 'res.partner', 'fields': ['id'], 'limit': 1000}
2025-12-13 22:17:53 | INFO     | mcp_server_odoo.http_server:call_tool:500 - Searching records in res.partner with domain: []
2025-12-13 22:17:53 | DEBUG    | mcp_server_odoo.services.cache_service:get:89 - Cache hit: model_list
2025-12-13 22:17:53 | DEBUG    | mcp_server_odoo.services.cache_service:get:89 - Cache hit: model_list
2025-12-13 22:17:53 | DEBUG    | mcp_server_odoo.services.cache_service:get:89 - Cache hit: fields_get|res.partner|None|None
2025-12-13 22:17:53 | DEBUG    | mcp_server_odoo.services.cache_service:get:81 - Cache miss: search_read|res.partner|[]|['id']|0|1000|None
2025-12-13 22:17:53 | DEBUG    | mcp_server_odoo.services.odoo_service:execute:278 - Executing res.partner.search_read with args=([],), kwargs={'offset': 0, 'fields': ['id'], 'limit': 1000}
2025-12-13 22:17:53 | DEBUG    | mcp_server_odoo.services.odoo_service:execute:290 - Execution successful, result type: <class 'list'>
2025-12-13 22:17:53 | DEBUG    | mcp_server_odoo.services.cache_service:set:105 - Cache set: search_read|res.partner|[]|['id']|0|1000|None (TTL: 300s)
2025-12-13 22:17:53 | INFO     | mcp_server_odoo.http_server:mcp_endpoint:900 - MCP request: tools/call (streaming: False)
2025-12-13 22:17:53 | INFO     | mcp_server_odoo.http_server:call_tool:408 - Tool called: execute_method with arguments: {'model': 'account.move', 'method': 'read_group', 'args': [[['move_type', 'in', ['out_invoice', 'out_refund', 'in_invoice', 'in_refund']], ['state', '!=', 'cancel'], ['invoice_date', '>=', '2025-09-15']], ['amount_total:sum'], []], 'kwargs': {'lazy': False}}
2025-12-13 22:17:53 | INFO     | mcp_server_odoo.http_server:call_tool:462 - Executing method 'read_group' on account.move with IDs: []
2025-12-13 22:17:53 | DEBUG    | mcp_server_odoo.services.cache_service:get:89 - Cache hit: model_list
2025-12-13 22:17:53 | DEBUG    | mcp_server_odoo.services.cache_service:get:89 - Cache hit: model_list
2025-12-13 22:17:53 | DEBUG    | mcp_server_odoo.services.cache_service:get:81 - Cache miss: fields_get|account.move|None|None
2025-12-13 22:17:53 | DEBUG    | mcp_server_odoo.services.odoo_service:execute:278 - Executing account.move.fields_get with args=(), kwargs={}
2025-12-13 22:17:53 | DEBUG    | mcp_server_odoo.services.odoo_service:execute:290 - Execution successful, result type: <class 'dict'>
2025-12-13 22:17:53 | DEBUG    | mcp_server_odoo.services.cache_service:set:105 - Cache set: fields_get|account.move|None|None (TTL: 3600s)
2025-12-13 22:17:53 | DEBUG    | mcp_server_odoo.services.cache_service:get:89 - Cache hit: model_list
2025-12-13 22:17:53 | DEBUG    | mcp_server_odoo.services.cache_service:get:89 - Cache hit: fields_get|account.move|None|None
2025-12-13 22:17:53 | DEBUG    | mcp_server_odoo.services.odoo_service:execute:278 - Executing account.move.read_group with args=([['move_type', 'in', ['out_invoice', 'out_refund', 'in_invoice', 'in_refund']], ['state', '!=', 'cancel'], ['invoice_date', '>=', '2025-09-15']], ['amount_total:sum'], []), kwargs={'lazy': False}
2025-12-13 22:17:53 | DEBUG    | mcp_server_odoo.services.odoo_service:execute:290 - Execution successful, result type: <class 'list'>
2025-12-13 22:17:53 | INFO     | mcp_server_odoo.http_server:mcp_endpoint:900 - MCP request: tools/call (streaming: False)
2025-12-13 22:17:53 | INFO     | mcp_server_odoo.http_server:call_tool:408 - Tool called: execute_method with arguments: {'model': 'account.move', 'method': 'read_group', 'args': [[['move_type', 'in', ['out_invoice', 'out_refund', 'in_invoice', 'in_refund']], ['state', '!=', 'cancel'], ['invoice_date', '>=', '2025-11-01'], ['invoice_date', '<=', '2025-11-30']], ['amount_total:sum'], []], 'kwargs': {'lazy': False}}
2025-12-13 22:17:53 | INFO     | mcp_server_odoo.http_server:call_tool:462 - Executing method 'read_group' on account.move with IDs: []
2025-12-13 22:17:53 | DEBUG    | mcp_server_odoo.services.cache_service:get:89 - Cache hit: model_list
2025-12-13 22:17:53 | DEBUG    | mcp_server_odoo.services.cache_service:get:89 - Cache hit: model_list
2025-12-13 22:17:53 | DEBUG    | mcp_server_odoo.services.cache_service:get:89 - Cache hit: fields_get|account.move|None|None
2025-12-13 22:17:53 | DEBUG    | mcp_server_odoo.services.cache_service:get:89 - Cache hit: model_list
2025-12-13 22:17:53 | DEBUG    | mcp_server_odoo.services.cache_service:get:89 - Cache hit: fields_get|account.move|None|None
2025-12-13 22:17:53 | DEBUG    | mcp_server_odoo.services.odoo_service:execute:278 - Executing account.move.read_group with args=([['move_type', 'in', ['out_invoice', 'out_refund', 'in_invoice', 'in_refund']], ['state', '!=', 'cancel'], ['invoice_date', '>=', '2025-11-01'], ['invoice_date', '<=', '2025-11-30']], ['amount_total:sum'], []), kwargs={'lazy': False}
2025-12-13 22:17:53 | DEBUG    | mcp_server_odoo.services.odoo_service:execute:290 - Execution successful, result type: <class 'list'>
2025-12-13 22:17:53 | INFO     | mcp_server_odoo.http_server:mcp_endpoint:900 - MCP request: tools/call (streaming: False)
2025-12-13 22:17:53 | INFO     | mcp_server_odoo.http_server:call_tool:408 - Tool called: execute_method with arguments: {'model': 'account.move', 'method': 'read_group', 'args': [[['move_type', 'in', ['out_invoice', 'out_refund', 'in_invoice', 'in_refund']], ['state', '!=', 'cancel'], ['invoice_date', '>=', '2025-01-01']], ['amount_total:sum'], []], 'kwargs': {'lazy': False}}
2025-12-13 22:17:53 | INFO     | mcp_server_odoo.http_server:call_tool:462 - Executing method 'read_group' on account.move with IDs: []
2025-12-13 22:17:53 | DEBUG    | mcp_server_odoo.services.cache_service:get:89 - Cache hit: model_list
2025-12-13 22:17:53 | DEBUG    | mcp_server_odoo.services.cache_service:get:89 - Cache hit: model_list
2025-12-13 22:17:53 | DEBUG    | mcp_server_odoo.services.cache_service:get:89 - Cache hit: fields_get|account.move|None|None
2025-12-13 22:17:53 | DEBUG    | mcp_server_odoo.services.cache_service:get:89 - Cache hit: model_list
2025-12-13 22:17:53 | DEBUG    | mcp_server_odoo.services.cache_service:get:89 - Cache hit: fields_get|account.move|None|None
2025-12-13 22:17:53 | DEBUG    | mcp_server_odoo.services.odoo_service:execute:278 - Executing account.move.read_group with args=([['move_type', 'in', ['out_invoice', 'out_refund', 'in_invoice', 'in_refund']], ['state', '!=', 'cancel'], ['invoice_date', '>=', '2025-01-01']], ['amount_total:sum'], []), kwargs={'lazy': False}
2025-12-13 22:17:53 | DEBUG    | mcp_server_odoo.services.odoo_service:execute:290 - Execution successful, result type: <class 'list'>
2025-12-13 22:17:53 | INFO     | mcp_server_odoo.http_server:mcp_endpoint:900 - MCP request: tools/call (streaming: False)
2025-12-13 22:17:53 | INFO     | mcp_server_odoo.http_server:call_tool:408 - Tool called: search_count with arguments: {'model': 'account.move', 'domain': [['move_type', 'in', ['out_invoice', 'out_refund', 'in_invoice', 'in_refund']], ['state', '!=', 'cancel'], ['invoice_date', '>=', '2025-09-15']]}
2025-12-13 22:17:53 | INFO     | mcp_server_odoo.http_server:call_tool:514 - Counting records in account.move with domain: [['move_type', 'in', ['out_invoice', 'out_refund', 'in_invoice', 'in_refund']], ['state', '!=', 'cancel'], ['invoice_date', '>=', '2025-09-15']]
2025-12-13 22:17:53 | DEBUG    | mcp_server_odoo.services.cache_service:get:89 - Cache hit: model_list
2025-12-13 22:17:53 | DEBUG    | mcp_server_odoo.services.cache_service:get:89 - Cache hit: model_list
2025-12-13 22:17:53 | DEBUG    | mcp_server_odoo.services.cache_service:get:89 - Cache hit: fields_get|account.move|None|None
2025-12-13 22:17:53 | DEBUG    | mcp_server_odoo.services.cache_service:get:81 - Cache miss: search|account.move|[['move_type', 'in', ['out_invoice', 'out_refund', 'in_invoice', 'in_refund']], ['state', '!=', 'cancel'], ['invoice_date', '>=', '2025-09-15']]|0|None|None
2025-12-13 22:17:53 | DEBUG    | mcp_server_odoo.services.odoo_service:execute:278 - Executing account.move.search with args=([['move_type', 'in', ['out_invoice', 'out_refund', 'in_invoice', 'in_refund']], ['state', '!=', 'cancel'], ['invoice_date', '>=', '2025-09-15']],), kwargs={'offset': 0}
2025-12-13 22:17:53 | DEBUG    | mcp_server_odoo.services.odoo_service:execute:290 - Execution successful, result type: <class 'list'>
2025-12-13 22:17:53 | DEBUG    | mcp_server_odoo.services.cache_service:set:105 - Cache set: search|account.move|[['move_type', 'in', ['out_invoice', 'out_refund', 'in_invoice', 'in_refund']], ['state', '!=', 'cancel'], ['invoice_date', '>=', '2025-09-15']]|0|None|None (TTL: 300s)
2025-12-13 22:17:53 | INFO     | mcp_server_odoo.http_server:mcp_endpoint:900 - MCP request: tools/call (streaming: False)
2025-12-13 22:17:53 | INFO     | mcp_server_odoo.http_server:call_tool:408 - Tool called: search_count with arguments: {'model': 'account.move', 'domain': [['move_type', 'in', ['out_invoice', 'out_refund', 'in_invoice', 'in_refund']], ['state', '!=', 'cancel'], ['invoice_date', '>=', '2025-11-01'], ['invoice_date', '<=', '2025-11-30']]}
2025-12-13 22:17:53 | INFO     | mcp_server_odoo.http_server:call_tool:514 - Counting records in account.move with domain: [['move_type', 'in', ['out_invoice', 'out_refund', 'in_invoice', 'in_refund']], ['state', '!=', 'cancel'], ['invoice_date', '>=', '2025-11-01'], ['invoice_date', '<=', '2025-11-30']]
2025-12-13 22:17:53 | DEBUG    | mcp_server_odoo.services.cache_service:get:89 - Cache hit: model_list
2025-12-13 22:17:53 | DEBUG    | mcp_server_odoo.services.cache_service:get:89 - Cache hit: model_list
2025-12-13 22:17:53 | DEBUG    | mcp_server_odoo.services.cache_service:get:89 - Cache hit: fields_get|account.move|None|None
2025-12-13 22:17:53 | DEBUG    | mcp_server_odoo.services.cache_service:get:81 - Cache miss: search|account.move|[['move_type', 'in', ['out_invoice', 'out_refund', 'in_invoice', 'in_refund']], ['state', '!=', 'cancel'], ['invoice_date', '>=', '2025-11-01'], ['invoice_date', '<=', '2025-11-30']]|0|None|None
2025-12-13 22:17:53 | DEBUG    | mcp_server_odoo.services.odoo_service:execute:278 - Executing account.move.search with args=([['move_type', 'in', ['out_invoice', 'out_refund', 'in_invoice', 'in_refund']], ['state', '!=', 'cancel'], ['invoice_date', '>=', '2025-11-01'], ['invoice_date', '<=', '2025-11-30']],), kwargs={'offset': 0}
2025-12-13 22:17:53 | DEBUG    | mcp_server_odoo.services.odoo_service:execute:290 - Execution successful, result type: <class 'list'>
2025-12-13 22:17:53 | DEBUG    | mcp_server_odoo.services.cache_service:set:105 - Cache set: search|account.move|[['move_type', 'in', ['out_invoice', 'out_refund', 'in_invoice', 'in_refund']], ['state', '!=', 'cancel'], ['invoice_date', '>=', '2025-11-01'], ['invoice_date', '<=', '2025-11-30']]|0|None|None (TTL: 300s)
2025-12-13 22:17:53 | INFO     | mcp_server_odoo.http_server:mcp_endpoint:900 - MCP request: tools/call (streaming: False)
2025-12-13 22:17:53 | INFO     | mcp_server_odoo.http_server:call_tool:408 - Tool called: search_count with arguments: {'model': 'account.move', 'domain': [['move_type', 'in', ['out_invoice', 'out_refund', 'in_invoice', 'in_refund']], ['state', '!=', 'cancel'], ['invoice_date', '>=', '2025-01-01']]}
2025-12-13 22:17:53 | INFO     | mcp_server_odoo.http_server:call_tool:514 - Counting records in account.move with domain: [['move_type', 'in', ['out_invoice', 'out_refund', 'in_invoice', 'in_refund']], ['state', '!=', 'cancel'], ['invoice_date', '>=', '2025-01-01']]
2025-12-13 22:17:53 | DEBUG    | mcp_server_odoo.services.cache_service:get:89 - Cache hit: model_list
2025-12-13 22:17:53 | DEBUG    | mcp_server_odoo.services.cache_service:get:89 - Cache hit: model_list
2025-12-13 22:17:53 | DEBUG    | mcp_server_odoo.services.cache_service:get:89 - Cache hit: fields_get|account.move|None|None
2025-12-13 22:17:53 | DEBUG    | mcp_server_odoo.services.cache_service:get:81 - Cache miss: search|account.move|[['move_type', 'in', ['out_invoice', 'out_refund', 'in_invoice', 'in_refund']], ['state', '!=', 'cancel'], ['invoice_date', '>=', '2025-01-01']]|0|None|None
2025-12-13 22:17:53 | DEBUG    | mcp_server_odoo.services.odoo_service:execute:278 - Executing account.move.search with args=([['move_type', 'in', ['out_invoice', 'out_refund', 'in_invoice', 'in_refund']], ['state', '!=', 'cancel'], ['invoice_date', '>=', '2025-01-01']],), kwargs={'offset': 0}
2025-12-13 22:17:53 | DEBUG    | mcp_server_odoo.services.odoo_service:execute:290 - Execution successful, result type: <class 'list'>
2025-12-13 22:17:53 | DEBUG    | mcp_server_odoo.services.cache_service:set:105 - Cache set: search|account.move|[['move_type', 'in', ['out_invoice', 'out_refund', 'in_invoice', 'in_refund']], ['state', '!=', 'cancel'], ['invoice_date', '>=', '2025-01-01']]|0|None|None (TTL: 300s)
2025-12-13 22:17:53 | INFO     | mcp_server_odoo.http_server:mcp_endpoint:900 - MCP request: tools/call (streaming: False)
2025-12-13 22:17:53 | INFO     | mcp_server_odoo.http_server:call_tool:408 - Tool called: execute_method with arguments: {'model': 'account.move', 'method': 'read_group', 'args': [[['move_type', '=', 'out_invoice'], ['state', '!=', 'cancel']], ['amount_total:sum'], []], 'kwargs': {'lazy': False}}
2025-12-13 22:17:53 | INFO     | mcp_server_odoo.http_server:call_tool:462 - Executing method 'read_group' on account.move with IDs: []
2025-12-13 22:17:53 | DEBUG    | mcp_server_odoo.services.cache_service:get:89 - Cache hit: model_list
2025-12-13 22:17:53 | DEBUG    | mcp_server_odoo.services.cache_service:get:89 - Cache hit: model_list
2025-12-13 22:17:53 | DEBUG    | mcp_server_odoo.services.cache_service:get:89 - Cache hit: fields_get|account.move|None|None
2025-12-13 22:17:53 | DEBUG    | mcp_server_odoo.services.cache_service:get:89 - Cache hit: model_list
2025-12-13 22:17:53 | DEBUG    | mcp_server_odoo.services.cache_service:get:89 - Cache hit: fields_get|account.move|None|None
2025-12-13 22:17:53 | DEBUG    | mcp_server_odoo.services.odoo_service:execute:278 - Executing account.move.read_group with args=([['move_type', '=', 'out_invoice'], ['state', '!=', 'cancel']], ['amount_total:sum'], []), kwargs={'lazy': False}
2025-12-13 22:17:53 | DEBUG    | mcp_server_odoo.services.odoo_service:execute:290 - Execution successful, result type: <class 'list'>
2025-12-13 22:17:53 | INFO     | mcp_server_odoo.http_server:mcp_endpoint:900 - MCP request: tools/call (streaming: False)
2025-12-13 22:17:53 | INFO     | mcp_server_odoo.http_server:call_tool:408 - Tool called: search_count with arguments: {'model': 'account.move', 'domain': [['move_type', '=', 'out_invoice'], ['state', '!=', 'cancel']]}
2025-12-13 22:17:53 | INFO     | mcp_server_odoo.http_server:call_tool:514 - Counting records in account.move with domain: [['move_type', '=', 'out_invoice'], ['state', '!=', 'cancel']]
2025-12-13 22:17:53 | DEBUG    | mcp_server_odoo.services.cache_service:get:89 - Cache hit: model_list
2025-12-13 22:17:53 | DEBUG    | mcp_server_odoo.services.cache_service:get:89 - Cache hit: model_list
2025-12-13 22:17:53 | DEBUG    | mcp_server_odoo.services.cache_service:get:89 - Cache hit: fields_get|account.move|None|None
2025-12-13 22:17:53 | DEBUG    | mcp_server_odoo.services.cache_service:get:81 - Cache miss: search|account.move|[['move_type', '=', 'out_invoice'], ['state', '!=', 'cancel']]|0|None|None
2025-12-13 22:17:53 | DEBUG    | mcp_server_odoo.services.odoo_service:execute:278 - Executing account.move.search with args=([['move_type', '=', 'out_invoice'], ['state', '!=', 'cancel']],), kwargs={'offset': 0}
2025-12-13 22:17:53 | DEBUG    | mcp_server_odoo.services.odoo_service:execute:290 - Execution successful, result type: <class 'list'>
2025-12-13 22:17:53 | DEBUG    | mcp_server_odoo.services.cache_service:set:105 - Cache set: search|account.move|[['move_type', '=', 'out_invoice'], ['state', '!=', 'cancel']]|0|None|None (TTL: 300s)
2025-12-13 22:17:53 | INFO     | mcp_server_odoo.http_server:mcp_endpoint:900 - MCP request: tools/call (streaming: False)
2025-12-13 22:17:53 | INFO     | mcp_server_odoo.http_server:call_tool:408 - Tool called: search_records with arguments: {'model': 'account.move', 'domain': [['move_type', '=', 'out_invoice'], ['state', '!=', 'cancel']], 'fields': ['name', 'invoice_date', 'amount_total'], 'order': 'invoice_date desc', 'limit': 5}
2025-12-13 22:17:53 | INFO     | mcp_server_odoo.http_server:call_tool:500 - Searching records in account.move with domain: [['move_type', '=', 'out_invoice'], ['state', '!=', 'cancel']]
2025-12-13 22:17:53 | DEBUG    | mcp_server_odoo.services.cache_service:get:89 - Cache hit: model_list
2025-12-13 22:17:53 | DEBUG    | mcp_server_odoo.services.cache_service:get:89 - Cache hit: model_list
2025-12-13 22:17:53 | DEBUG    | mcp_server_odoo.services.cache_service:get:89 - Cache hit: fields_get|account.move|None|None
2025-12-13 22:17:53 | DEBUG    | mcp_server_odoo.services.cache_service:get:89 - Cache hit: model_list
2025-12-13 22:17:53 | DEBUG    | mcp_server_odoo.services.cache_service:get:89 - Cache hit: fields_get|account.move|None|None
2025-12-13 22:17:53 | DEBUG    | mcp_server_odoo.services.cache_service:get:81 - Cache miss: search_read|account.move|[['move_type', '=', 'out_invoice'], ['state', '!=', 'cancel']]|['name', 'invoice_date', 'amount_total']|0|5|invoice_date desc
2025-12-13 22:17:53 | DEBUG    | mcp_server_odoo.services.odoo_service:execute:278 - Executing account.move.search_read with args=([['move_type', '=', 'out_invoice'], ['state', '!=', 'cancel']],), kwargs={'offset': 0, 'fields': ['name', 'invoice_date', 'amount_total'], 'limit': 5, 'order': 'invoice_date desc'}
2025-12-13 22:17:53 | DEBUG    | mcp_server_odoo.services.odoo_service:execute:290 - Execution successful, result type: <class 'list'>
2025-12-13 22:17:53 | DEBUG    | mcp_server_odoo.services.cache_service:set:105 - Cache set: search_read|account.move|[['move_type', '=', 'out_invoice'], ['state', '!=', 'cancel']]|['name', 'invoice_date', 'amount_total']|0|5|invoice_date desc (TTL: 300s)
2025-12-13 22:17:53 | INFO     | mcp_server_odoo.http_server:mcp_endpoint:900 - MCP request: tools/call (streaming: False)
2025-12-13 22:17:53 | INFO     | mcp_server_odoo.http_server:call_tool:408 - Tool called: search_count with arguments: {'model': 'account.move', 'domain': [['move_type', 'in', ['out_invoice', 'out_refund', 'in_invoice', 'in_refund']], ['state', '!=', 'cancel']]}
2025-12-13 22:17:53 | INFO     | mcp_server_odoo.http_server:call_tool:514 - Counting records in account.move with domain: [['move_type', 'in', ['out_invoice', 'out_refund', 'in_invoice', 'in_refund']], ['state', '!=', 'cancel']]
2025-12-13 22:17:53 | DEBUG    | mcp_server_odoo.services.cache_service:get:89 - Cache hit: model_list
2025-12-13 22:17:53 | DEBUG    | mcp_server_odoo.services.cache_service:get:89 - Cache hit: model_list
2025-12-13 22:17:53 | DEBUG    | mcp_server_odoo.services.cache_service:get:89 - Cache hit: fields_get|account.move|None|None
2025-12-13 22:17:53 | DEBUG    | mcp_server_odoo.services.cache_service:get:81 - Cache miss: search|account.move|[['move_type', 'in', ['out_invoice', 'out_refund', 'in_invoice', 'in_refund']], ['state', '!=', 'cancel']]|0|None|None
2025-12-13 22:17:53 | DEBUG    | mcp_server_odoo.services.odoo_service:execute:278 - Executing account.move.search with args=([['move_type', 'in', ['out_invoice', 'out_refund', 'in_invoice', 'in_refund']], ['state', '!=', 'cancel']],), kwargs={'offset': 0}
2025-12-13 22:17:53 | DEBUG    | mcp_server_odoo.services.odoo_service:execute:290 - Execution successful, result type: <class 'list'>
2025-12-13 22:17:53 | DEBUG    | mcp_server_odoo.services.cache_service:set:105 - Cache set: search|account.move|[['move_type', 'in', ['out_invoice', 'out_refund', 'in_invoice', 'in_refund']], ['state', '!=', 'cancel']]|0|None|None (TTL: 300s)
2025-12-13 22:17:53 | INFO     | mcp_server_odoo.http_server:mcp_endpoint:900 - MCP request: tools/call (streaming: False)
2025-12-13 22:17:53 | INFO     | mcp_server_odoo.http_server:call_tool:408 - Tool called: search_count with arguments: {'model': 'sale.order', 'domain': [['invoice_status', '!=', 'invoiced']]}
2025-12-13 22:17:53 | INFO     | mcp_server_odoo.http_server:call_tool:514 - Counting records in sale.order with domain: [['invoice_status', '!=', 'invoiced']]
2025-12-13 22:17:53 | DEBUG    | mcp_server_odoo.services.cache_service:get:89 - Cache hit: model_list
2025-12-13 22:17:53 | DEBUG    | mcp_server_odoo.services.cache_service:get:89 - Cache hit: model_list
2025-12-13 22:17:53 | DEBUG    | mcp_server_odoo.services.cache_service:get:81 - Cache miss: fields_get|sale.order|None|None
2025-12-13 22:17:53 | DEBUG    | mcp_server_odoo.services.odoo_service:execute:278 - Executing sale.order.fields_get with args=(), kwargs={}
2025-12-13 22:17:53 | DEBUG    | mcp_server_odoo.services.odoo_service:execute:290 - Execution successful, result type: <class 'dict'>
2025-12-13 22:17:53 | DEBUG    | mcp_server_odoo.services.cache_service:set:105 - Cache set: fields_get|sale.order|None|None (TTL: 3600s)
2025-12-13 22:17:53 | DEBUG    | mcp_server_odoo.services.cache_service:get:81 - Cache miss: search|sale.order|[['invoice_status', '!=', 'invoiced']]|0|None|None
2025-12-13 22:17:53 | DEBUG    | mcp_server_odoo.services.odoo_service:execute:278 - Executing sale.order.search with args=([['invoice_status', '!=', 'invoiced']],), kwargs={'offset': 0}
2025-12-13 22:17:53 | DEBUG    | mcp_server_odoo.services.odoo_service:execute:290 - Execution successful, result type: <class 'list'>
2025-12-13 22:17:53 | DEBUG    | mcp_server_odoo.services.cache_service:set:105 - Cache set: search|sale.order|[['invoice_status', '!=', 'invoiced']]|0|None|None (TTL: 300s)
2025-12-13 22:17:53 | INFO     | mcp_server_odoo.http_server:mcp_endpoint:900 - MCP request: tools/call (streaming: False)
2025-12-13 22:17:53 | INFO     | mcp_server_odoo.http_server:call_tool:408 - Tool called: execute_method with arguments: {'model': 'sale.order', 'method': 'read_group', 'args': [[], ['amount_total:sum'], ['partner_id']], 'kwargs': {'lazy': False}}
2025-12-13 22:17:53 | INFO     | mcp_server_odoo.http_server:call_tool:462 - Executing method 'read_group' on sale.order with IDs: []
2025-12-13 22:17:53 | DEBUG    | mcp_server_odoo.services.cache_service:get:89 - Cache hit: model_list
2025-12-13 22:17:53 | DEBUG    | mcp_server_odoo.services.cache_service:get:89 - Cache hit: model_list
2025-12-13 22:17:53 | DEBUG    | mcp_server_odoo.services.cache_service:get:89 - Cache hit: fields_get|sale.order|None|None
2025-12-13 22:17:53 | DEBUG    | mcp_server_odoo.services.cache_service:get:89 - Cache hit: model_list
2025-12-13 22:17:53 | DEBUG    | mcp_server_odoo.services.cache_service:get:89 - Cache hit: fields_get|sale.order|None|None
2025-12-13 22:17:53 | DEBUG    | mcp_server_odoo.services.odoo_service:execute:278 - Executing sale.order.read_group with args=([], ['amount_total:sum'], ['partner_id']), kwargs={'lazy': False}
2025-12-13 22:17:53 | DEBUG    | mcp_server_odoo.services.odoo_service:execute:290 - Execution successful, result type: <class 'list'>
2025-12-13 22:17:53 | INFO     | mcp_server_odoo.http_server:mcp_endpoint:900 - MCP request: tools/call (streaming: False)
2025-12-13 22:17:53 | INFO     | mcp_server_odoo.http_server:call_tool:408 - Tool called: execute_method with arguments: {'model': 'purchase.order', 'method': 'read_group', 'args': [[], ['amount_total:sum'], ['partner_id']], 'kwargs': {'lazy': False}}
2025-12-13 22:17:53 | INFO     | mcp_server_odoo.http_server:call_tool:462 - Executing method 'read_group' on purchase.order with IDs: []
2025-12-13 22:17:53 | DEBUG    | mcp_server_odoo.services.cache_service:get:89 - Cache hit: model_list
2025-12-13 22:17:53 | DEBUG    | mcp_server_odoo.services.cache_service:get:89 - Cache hit: model_list
2025-12-13 22:17:53 | DEBUG    | mcp_server_odoo.services.cache_service:get:81 - Cache miss: fields_get|purchase.order|None|None
2025-12-13 22:17:53 | DEBUG    | mcp_server_odoo.services.odoo_service:execute:278 - Executing purchase.order.fields_get with args=(), kwargs={}
2025-12-13 22:17:53 | DEBUG    | mcp_server_odoo.services.odoo_service:execute:290 - Execution successful, result type: <class 'dict'>
2025-12-13 22:17:53 | DEBUG    | mcp_server_odoo.services.cache_service:set:105 - Cache set: fields_get|purchase.order|None|None (TTL: 3600s)
2025-12-13 22:17:53 | DEBUG    | mcp_server_odoo.services.cache_service:get:89 - Cache hit: model_list
2025-12-13 22:17:53 | DEBUG    | mcp_server_odoo.services.cache_service:get:89 - Cache hit: fields_get|purchase.order|None|None
2025-12-13 22:17:53 | DEBUG    | mcp_server_odoo.services.odoo_service:execute:278 - Executing purchase.order.read_group with args=([], ['amount_total:sum'], ['partner_id']), kwargs={'lazy': False}
2025-12-13 22:17:53 | DEBUG    | mcp_server_odoo.services.odoo_service:execute:290 - Execution successful, result type: <class 'list'>
2025-12-13 22:17:53 | INFO     | mcp_server_odoo.http_server:mcp_endpoint:900 - MCP request: tools/call (streaming: False)
2025-12-13 22:17:53 | INFO     | mcp_server_odoo.http_server:call_tool:408 - Tool called: search_count with arguments: {'model': 'hr.employee', 'domain': [['birthday', '=', False]]}
2025-12-13 22:17:53 | INFO     | mcp_server_odoo.http_server:call_tool:514 - Counting records in hr.employee with domain: [['birthday', '=', False]]
2025-12-13 22:17:53 | DEBUG    | mcp_server_odoo.services.cache_service:get:89 - Cache hit: model_list
2025-12-13 22:17:53 | DEBUG    | mcp_server_odoo.services.cache_service:get:89 - Cache hit: model_list
2025-12-13 22:17:53 | DEBUG    | mcp_server_odoo.services.cache_service:get:81 - Cache miss: fields_get|hr.employee|None|None
2025-12-13 22:17:53 | DEBUG    | mcp_server_odoo.services.odoo_service:execute:278 - Executing hr.employee.fields_get with args=(), kwargs={}
2025-12-13 22:17:53 | DEBUG    | mcp_server_odoo.services.odoo_service:execute:290 - Execution successful, result type: <class 'dict'>
2025-12-13 22:17:53 | DEBUG    | mcp_server_odoo.services.cache_service:set:105 - Cache set: fields_get|hr.employee|None|None (TTL: 3600s)
2025-12-13 22:17:53 | DEBUG    | mcp_server_odoo.services.cache_service:get:81 - Cache miss: search|hr.employee|[['birthday', '=', False]]|0|None|None
2025-12-13 22:17:53 | DEBUG    | mcp_server_odoo.services.odoo_service:execute:278 - Executing hr.employee.search with args=([['birthday', '=', False]],), kwargs={'offset': 0}
2025-12-13 22:17:53 | DEBUG    | mcp_server_odoo.services.odoo_service:execute:290 - Execution successful, result type: <class 'list'>
2025-12-13 22:17:53 | DEBUG    | mcp_server_odoo.services.cache_service:set:105 - Cache set: search|hr.employee|[['birthday', '=', False]]|0|None|None (TTL: 300s)
2025-12-13 22:17:53 | INFO     | mcp_server_odoo.http_server:mcp_endpoint:900 - MCP request: tools/call (streaming: False)
2025-12-13 22:17:53 | INFO     | mcp_server_odoo.http_server:call_tool:408 - Tool called: search_count with arguments: {'model': 'hr.employee', 'domain': [['birthday', '!=', False], ['birthday', '<=', '1985-12-14']]}
2025-12-13 22:17:53 | INFO     | mcp_server_odoo.http_server:call_tool:514 - Counting records in hr.employee with domain: [['birthday', '!=', False], ['birthday', '<=', '1985-12-14']]
2025-12-13 22:17:53 | DEBUG    | mcp_server_odoo.services.cache_service:get:89 - Cache hit: model_list
2025-12-13 22:17:53 | DEBUG    | mcp_server_odoo.services.cache_service:get:89 - Cache hit: model_list
2025-12-13 22:17:53 | DEBUG    | mcp_server_odoo.services.cache_service:get:89 - Cache hit: fields_get|hr.employee|None|None
2025-12-13 22:17:53 | DEBUG    | mcp_server_odoo.services.cache_service:get:81 - Cache miss: search|hr.employee|[['birthday', '!=', False], ['birthday', '<=', '1985-12-14']]|0|None|None
2025-12-13 22:17:53 | DEBUG    | mcp_server_odoo.services.odoo_service:execute:278 - Executing hr.employee.search with args=([['birthday', '!=', False], ['birthday', '<=', '1985-12-14']],), kwargs={'offset': 0}
2025-12-13 22:17:53 | DEBUG    | mcp_server_odoo.services.odoo_service:execute:290 - Execution successful, result type: <class 'list'>
2025-12-13 22:17:53 | DEBUG    | mcp_server_odoo.services.cache_service:set:105 - Cache set: search|hr.employee|[['birthday', '!=', False], ['birthday', '<=', '1985-12-14']]|0|None|None (TTL: 300s)
2025-12-13 22:17:53 | INFO     | mcp_server_odoo.http_server:mcp_endpoint:900 - MCP request: tools/call (streaming: False)
2025-12-13 22:17:53 | INFO     | mcp_server_odoo.http_server:call_tool:408 - Tool called: search_count with arguments: {'model': 'hr.employee', 'domain': [['birthday', '!=', False], ['birthday', '<=', '1995-12-14']]}
2025-12-13 22:17:53 | INFO     | mcp_server_odoo.http_server:call_tool:514 - Counting records in hr.employee with domain: [['birthday', '!=', False], ['birthday', '<=', '1995-12-14']]
2025-12-13 22:17:53 | DEBUG    | mcp_server_odoo.services.cache_service:get:89 - Cache hit: model_list
2025-12-13 22:17:53 | DEBUG    | mcp_server_odoo.services.cache_service:get:89 - Cache hit: model_list
2025-12-13 22:17:53 | DEBUG    | mcp_server_odoo.services.cache_service:get:89 - Cache hit: fields_get|hr.employee|None|None
2025-12-13 22:17:53 | DEBUG    | mcp_server_odoo.services.cache_service:get:81 - Cache miss: search|hr.employee|[['birthday', '!=', False], ['birthday', '<=', '1995-12-14']]|0|None|None
2025-12-13 22:17:53 | DEBUG    | mcp_server_odoo.services.odoo_service:execute:278 - Executing hr.employee.search with args=([['birthday', '!=', False], ['birthday', '<=', '1995-12-14']],), kwargs={'offset': 0}
2025-12-13 22:17:53 | DEBUG    | mcp_server_odoo.services.odoo_service:execute:290 - Execution successful, result type: <class 'list'>
2025-12-13 22:17:53 | DEBUG    | mcp_server_odoo.services.cache_service:set:105 - Cache set: search|hr.employee|[['birthday', '!=', False], ['birthday', '<=', '1995-12-14']]|0|None|None (TTL: 300s)
2025-12-13 22:17:53 | INFO     | mcp_server_odoo.http_server:mcp_endpoint:900 - MCP request: tools/call (streaming: False)
2025-12-13 22:17:53 | INFO     | mcp_server_odoo.http_server:call_tool:408 - Tool called: search_count with arguments: {'model': 'hr.employee', 'domain': [['birthday', '!=', False]]}
2025-12-13 22:17:53 | INFO     | mcp_server_odoo.http_server:call_tool:514 - Counting records in hr.employee with domain: [['birthday', '!=', False]]
2025-12-13 22:17:53 | DEBUG    | mcp_server_odoo.services.cache_service:get:89 - Cache hit: model_list
2025-12-13 22:17:53 | DEBUG    | mcp_server_odoo.services.cache_service:get:89 - Cache hit: model_list
2025-12-13 22:17:53 | DEBUG    | mcp_server_odoo.services.cache_service:get:89 - Cache hit: fields_get|hr.employee|None|None
2025-12-13 22:17:53 | DEBUG    | mcp_server_odoo.services.cache_service:get:81 - Cache miss: search|hr.employee|[['birthday', '!=', False]]|0|None|None
2025-12-13 22:17:53 | DEBUG    | mcp_server_odoo.services.odoo_service:execute:278 - Executing hr.employee.search with args=([['birthday', '!=', False]],), kwargs={'offset': 0}
2025-12-13 22:17:53 | DEBUG    | mcp_server_odoo.services.odoo_service:execute:290 - Execution successful, result type: <class 'list'>
2025-12-13 22:17:53 | DEBUG    | mcp_server_odoo.services.cache_service:set:105 - Cache set: search|hr.employee|[['birthday', '!=', False]]|0|None|None (TTL: 300s)
2025-12-13 22:17:53 | INFO     | mcp_server_odoo.http_server:mcp_endpoint:900 - MCP request: tools/call (streaming: False)
2025-12-13 22:17:53 | INFO     | mcp_server_odoo.http_server:call_tool:408 - Tool called: search_records with arguments: {'model': 'hr.employee', 'domain': [['birthday', '!=', False]], 'fields': ['name', 'birthday'], 'order': 'birthday', 'limit': 10}
2025-12-13 22:17:53 | INFO     | mcp_server_odoo.http_server:call_tool:500 - Searching records in hr.employee with domain: [['birthday', '!=', False]]
2025-12-13 22:17:53 | DEBUG    | mcp_server_odoo.services.cache_service:get:89 - Cache hit: model_list
2025-12-13 22:17:53 | DEBUG    | mcp_server_odoo.services.cache_service:get:89 - Cache hit: model_list
2025-12-13 22:17:53 | DEBUG    | mcp_server_odoo.services.cache_service:get:89 - Cache hit: fields_get|hr.employee|None|None
2025-12-13 22:17:53 | DEBUG    | mcp_server_odoo.services.cache_service:get:89 - Cache hit: model_list
2025-12-13 22:17:53 | DEBUG    | mcp_server_odoo.services.cache_service:get:89 - Cache hit: fields_get|hr.employee|None|None
2025-12-13 22:17:53 | DEBUG    | mcp_server_odoo.services.cache_service:get:81 - Cache miss: search_read|hr.employee|[['birthday', '!=', False]]|['name', 'birthday']|0|10|birthday
2025-12-13 22:17:53 | DEBUG    | mcp_server_odoo.services.odoo_service:execute:278 - Executing hr.employee.search_read with args=([['birthday', '!=', False]],), kwargs={'offset': 0, 'fields': ['name', 'birthday'], 'limit': 10, 'order': 'birthday'}
2025-12-13 22:17:53 | DEBUG    | mcp_server_odoo.services.odoo_service:execute:290 - Execution successful, result type: <class 'list'>
2025-12-13 22:17:53 | DEBUG    | mcp_server_odoo.services.cache_service:set:105 - Cache set: search_read|hr.employee|[['birthday', '!=', False]]|['name', 'birthday']|0|10|birthday (TTL: 300s)
2025-12-13 22:17:53 | INFO     | mcp_server_odoo.http_server:mcp_endpoint:900 - MCP request: tools/call (streaming: False)
2025-12-13 22:17:53 | INFO     | mcp_server_odoo.http_server:call_tool:408 - Tool called: list_reports with arguments: {}
2025-12-13 22:17:53 | INFO     | mcp_server_odoo.http_server:call_tool:665 - Listing reports (model=None, search=None)
2025-12-13 22:17:53 | DEBUG    | mcp_server_odoo.services.cache_service:get:89 - Cache hit: model_list
2025-12-13 22:17:53 | DEBUG    | mcp_server_odoo.services.cache_service:get:89 - Cache hit: model_list
2025-12-13 22:17:53 | DEBUG    | mcp_server_odoo.services.cache_service:get:81 - Cache miss: fields_get|ir.actions.report|None|None
2025-12-13 22:17:53 | DEBUG    | mcp_server_odoo.services.odoo_service:execute:278 - Executing ir.actions.report.fields_get with args=(), kwargs={}
2025-12-13 22:17:53 | DEBUG    | mcp_server_odoo.services.odoo_service:execute:290 - Execution successful, result type: <class 'dict'>
2025-12-13 22:17:53 | DEBUG    | mcp_server_odoo.services.cache_service:set:105 - Cache set: fields_get|ir.actions.report|None|None (TTL: 3600s)
2025-12-13 22:17:53 | DEBUG    | mcp_server_odoo.services.cache_service:get:89 - Cache hit: model_list
2025-12-13 22:17:53 | DEBUG    | mcp_server_odoo.services.cache_service:get:89 - Cache hit: fields_get|ir.actions.report|None|None
2025-12-13 22:17:53 | DEBUG    | mcp_server_odoo.services.cache_service:get:81 - Cache miss: search_read|ir.actions.report|[['report_type', '=', 'qweb-pdf']]|['id', 'name', 'report_name', 'model', 'report_type']|0|None|None
2025-12-13 22:17:53 | DEBUG    | mcp_server_odoo.services.odoo_service:execute:278 - Executing ir.actions.report.search_read with args=([['report_type', '=', 'qweb-pdf']],), kwargs={'offset': 0, 'fields': ['id', 'name', 'report_name', 'model', 'report_type']}
2025-12-13 22:17:53 | DEBUG    | mcp_server_odoo.services.odoo_service:execute:290 - Execution successful, result type: <class 'list'>
2025-12-13 22:17:53 | DEBUG    | mcp_server_odoo.services.cache_service:set:105 - Cache set: search_read|ir.actions.report|[['report_type', '=', 'qweb-pdf']]|['id', 'name', 'report_name', 'model', 'report_type']|0|None|None (TTL: 300s)
2025-12-13 22:17:53 | INFO     | mcp_server_odoo.http_server:mcp_endpoint:900 - MCP request: tools/call (streaming: False)
2025-12-13 22:17:53 | INFO     | mcp_server_odoo.http_server:call_tool:408 - Tool called: search_records with arguments: {'model': 'sale.order', 'fields': ['id', 'name'], 'limit': 1, 'order': 'id desc'}
2025-12-13 22:17:53 | INFO     | mcp_server_odoo.http_server:call_tool:500 - Searching records in sale.order with domain: []
2025-12-13 22:17:53 | DEBUG    | mcp_server_odoo.services.cache_service:get:89 - Cache hit: model_list
2025-12-13 22:17:53 | DEBUG    | mcp_server_odoo.services.cache_service:get:89 - Cache hit: model_list
2025-12-13 22:17:53 | DEBUG    | mcp_server_odoo.services.cache_service:get:89 - Cache hit: fields_get|sale.order|None|None
2025-12-13 22:17:53 | DEBUG    | mcp_server_odoo.services.cache_service:get:81 - Cache miss: search_read|sale.order|[]|['id', 'name']|0|1|id desc
2025-12-13 22:17:53 | DEBUG    | mcp_server_odoo.services.odoo_service:execute:278 - Executing sale.order.search_read with args=([],), kwargs={'offset': 0, 'fields': ['id', 'name'], 'limit': 1, 'order': 'id desc'}
2025-12-13 22:17:53 | DEBUG    | mcp_server_odoo.services.odoo_service:execute:290 - Execution successful, result type: <class 'list'>
2025-12-13 22:17:53 | DEBUG    | mcp_server_odoo.services.cache_service:set:105 - Cache set: search_read|sale.order|[]|['id', 'name']|0|1|id desc (TTL: 300s)
2025-12-13 22:17:53 | INFO     | mcp_server_odoo.http_server:mcp_endpoint:900 - MCP request: tools/call (streaming: False)
2025-12-13 22:17:53 | INFO     | mcp_server_odoo.http_server:call_tool:408 - Tool called: search_records with arguments: {'model': 'account.move', 'domain': [['move_type', '=', 'out_invoice'], ['state', '!=', 'cancel']], 'fields': ['id', 'name'], 'limit': 1, 'order': 'id desc'}
2025-12-13 22:17:53 | INFO     | mcp_server_odoo.http_server:call_tool:500 - Searching records in account.move with domain: [['move_type', '=', 'out_invoice'], ['state', '!=', 'cancel']]
2025-12-13 22:17:53 | DEBUG    | mcp_server_odoo.services.cache_service:get:89 - Cache hit: model_list
2025-12-13 22:17:53 | DEBUG    | mcp_server_odoo.services.cache_service:get:89 - Cache hit: model_list
2025-12-13 22:17:53 | DEBUG    | mcp_server_odoo.services.cache_service:get:89 - Cache hit: fields_get|account.move|None|None
2025-12-13 22:17:53 | DEBUG    | mcp_server_odoo.services.cache_service:get:89 - Cache hit: model_list
2025-12-13 22:17:53 | DEBUG    | mcp_server_odoo.services.cache_service:get:89 - Cache hit: fields_get|account.move|None|None
2025-12-13 22:17:53 | DEBUG    | mcp_server_odoo.services.cache_service:get:81 - Cache miss: search_read|account.move|[['move_type', '=', 'out_invoice'], ['state', '!=', 'cancel']]|['id', 'name']|0|1|id desc
2025-12-13 22:17:53 | DEBUG    | mcp_server_odoo.services.odoo_service:execute:278 - Executing account.move.search_read with args=([['move_type', '=', 'out_invoice'], ['state', '!=', 'cancel']],), kwargs={'offset': 0, 'fields': ['id', 'name'], 'limit': 1, 'order': 'id desc'}
2025-12-13 22:17:53 | DEBUG    | mcp_server_odoo.services.odoo_service:execute:290 - Execution successful, result type: <class 'list'>
2025-12-13 22:17:53 | DEBUG    | mcp_server_odoo.services.cache_service:set:105 - Cache set: search_read|account.move|[['move_type', '=', 'out_invoice'], ['state', '!=', 'cancel']]|['id', 'name']|0|1|id desc (TTL: 300s)
2025-12-13 22:17:53 | INFO     | mcp_server_odoo.http_server:mcp_endpoint:900 - MCP request: tools/call (streaming: False)
2025-12-13 22:17:53 | INFO     | mcp_server_odoo.http_server:call_tool:408 - Tool called: generate_report with arguments: {'report_name': 'sale.report_saleorder', 'ids': [63]}
2025-12-13 22:17:53 | INFO     | mcp_server_odoo.http_server:call_tool:673 - Generating report sale.report_saleorder for IDs: [63]
2025-12-13 22:17:53 | DEBUG    | mcp_server_odoo.services.cache_service:get:89 - Cache hit: model_list
2025-12-13 22:17:53 | DEBUG    | mcp_server_odoo.services.cache_service:get:89 - Cache hit: model_list
2025-12-13 22:17:53 | DEBUG    | mcp_server_odoo.services.cache_service:get:89 - Cache hit: fields_get|ir.actions.report|None|None
2025-12-13 22:17:53 | DEBUG    | mcp_server_odoo.services.cache_service:get:89 - Cache hit: model_list
2025-12-13 22:17:53 | DEBUG    | mcp_server_odoo.services.cache_service:get:89 - Cache hit: fields_get|ir.actions.report|None|None
2025-12-13 22:17:53 | DEBUG    | mcp_server_odoo.services.cache_service:get:89 - Cache hit: search_read|ir.actions.report|[['report_type', '=', 'qweb-pdf']]|['id', 'name', 'report_name', 'model', 'report_type']|0|None|None
2025-12-13 22:17:53 | WARNING  | mcp_server_odoo.services.odoo_service:_execute_with_retry:307 - Retryable error (odoo_fault): <Fault 1: 'Traceback (most recent call last):\n  File "/home/mahmoud/odoo/samayainv/odoo/odoo/addons/base/controllers/rpc.py", line 165, in xmlrpc_2\n    response = self._xmlrpc(service)\n               ^^^^^^^^^^^^^^^^^^^^^\n  File "/home/mahmoud/odoo/samayainv/odoo/odoo/addons/base/controllers/rpc.py", line 139, in _xmlrpc\n    result = dispatch_rpc(service, method, params)\n             ^^^^^^^^^^^^^^^^^^^^^^^^^^^^^^^^^^^^^\n  File "/home/mahmoud/odoo/samayainv/odoo/odoo/http.py", line 411, in dispatch_rpc\n    dispatch = rpc_dispatchers[service_name]\n               ~~~~~~~~~~~~~~~^^^^^^^^^^^^^^\nKeyError: \'report\'\n'>. Retrying in 0.20s (attempt 1/3)
2025-12-13 22:17:54 | WARNING  | mcp_server_odoo.services.odoo_service:_execute_with_retry:307 - Retryable error (odoo_fault): <Fault 1: 'Traceback (most recent call last):\n  File "/home/mahmoud/odoo/samayainv/odoo/odoo/addons/base/controllers/rpc.py", line 165, in xmlrpc_2\n    response = self._xmlrpc(service)\n               ^^^^^^^^^^^^^^^^^^^^^\n  File "/home/mahmoud/odoo/samayainv/odoo/odoo/addons/base/controllers/rpc.py", line 139, in _xmlrpc\n    result = dispatch_rpc(service, method, params)\n             ^^^^^^^^^^^^^^^^^^^^^^^^^^^^^^^^^^^^^\n  File "/home/mahmoud/odoo/samayainv/odoo/odoo/http.py", line 411, in dispatch_rpc\n    dispatch = rpc_dispatchers[service_name]\n               ~~~~~~~~~~~~~~~^^^^^^^^^^^^^^\nKeyError: \'report\'\n'>. Retrying in 0.40s (attempt 2/3)
2025-12-13 22:17:54 | DEBUG    | mcp_server_odoo.services.odoo_service:execute:278 - Executing report.report.render_report with args=([63], 'sale.report_saleorder'), kwargs={}
2025-12-13 22:17:54 | ERROR    | mcp_server_odoo.services.odoo_service:execute:293 - Execution failed: <Fault 2: "Object report.report doesn't exist">
2025-12-13 22:17:54 | WARNING  | mcp_server_odoo.services.odoo_service:_execute_with_retry:307 - Retryable error (odoo_fault): <Fault 2: "Object report.report doesn't exist">. Retrying in 0.20s (attempt 1/3)
2025-12-13 22:17:54 | DEBUG    | mcp_server_odoo.services.odoo_service:execute:278 - Executing report.report.render_report with args=([63], 'sale.report_saleorder'), kwargs={}
2025-12-13 22:17:54 | ERROR    | mcp_server_odoo.services.odoo_service:execute:293 - Execution failed: <Fault 2: "Object report.report doesn't exist">
2025-12-13 22:17:54 | WARNING  | mcp_server_odoo.services.odoo_service:_execute_with_retry:307 - Retryable error (odoo_fault): <Fault 2: "Object report.report doesn't exist">. Retrying in 0.40s (attempt 2/3)
2025-12-13 22:17:55 | DEBUG    | mcp_server_odoo.services.odoo_service:execute:278 - Executing report.report.render_report with args=([63], 'sale.report_saleorder'), kwargs={}
2025-12-13 22:17:55 | ERROR    | mcp_server_odoo.services.odoo_service:execute:293 - Execution failed: <Fault 2: "Object report.report doesn't exist">
2025-12-13 22:17:55 | DEBUG    | mcp_server_odoo.services.odoo_service:execute:278 - Executing report.report.get_pdf with args=([63], 'sale.report_saleorder'), kwargs={}
2025-12-13 22:17:55 | ERROR    | mcp_server_odoo.services.odoo_service:execute:293 - Execution failed: <Fault 2: "Object report.report doesn't exist">
2025-12-13 22:17:55 | WARNING  | mcp_server_odoo.services.odoo_service:_execute_with_retry:307 - Retryable error (odoo_fault): <Fault 2: "Object report.report doesn't exist">. Retrying in 0.20s (attempt 1/3)
2025-12-13 22:17:55 | DEBUG    | mcp_server_odoo.services.odoo_service:execute:278 - Executing report.report.get_pdf with args=([63], 'sale.report_saleorder'), kwargs={}
2025-12-13 22:17:55 | ERROR    | mcp_server_odoo.services.odoo_service:execute:293 - Execution failed: <Fault 2: "Object report.report doesn't exist">
2025-12-13 22:17:55 | WARNING  | mcp_server_odoo.services.odoo_service:_execute_with_retry:307 - Retryable error (odoo_fault): <Fault 2: "Object report.report doesn't exist">. Retrying in 0.40s (attempt 2/3)
2025-12-13 22:17:55 | DEBUG    | mcp_server_odoo.services.odoo_service:execute:278 - Executing report.report.get_pdf with args=([63], 'sale.report_saleorder'), kwargs={}
2025-12-13 22:17:55 | ERROR    | mcp_server_odoo.services.odoo_service:execute:293 - Execution failed: <Fault 2: "Object report.report doesn't exist">
2025-12-13 22:17:55 | ERROR    | mcp_server_odoo.http_server:call_tool:703 - Error handling tool generate_report: <Fault 2: "Object report.report doesn't exist">
2025-12-13 22:17:55 | INFO     | mcp_server_odoo.http_server:mcp_endpoint:900 - MCP request: tools/call (streaming: False)
2025-12-13 22:17:55 | INFO     | mcp_server_odoo.http_server:call_tool:408 - Tool called: generate_report with arguments: {'report_name': 'account.report_invoice', 'ids': [3847]}
2025-12-13 22:17:55 | INFO     | mcp_server_odoo.http_server:call_tool:673 - Generating report account.report_invoice for IDs: [3847]
2025-12-13 22:17:55 | DEBUG    | mcp_server_odoo.services.cache_service:get:89 - Cache hit: model_list
2025-12-13 22:17:55 | DEBUG    | mcp_server_odoo.services.cache_service:get:89 - Cache hit: model_list
2025-12-13 22:17:55 | DEBUG    | mcp_server_odoo.services.cache_service:get:89 - Cache hit: fields_get|ir.actions.report|None|None
2025-12-13 22:17:55 | DEBUG    | mcp_server_odoo.services.cache_service:get:89 - Cache hit: model_list
2025-12-13 22:17:55 | DEBUG    | mcp_server_odoo.services.cache_service:get:89 - Cache hit: fields_get|ir.actions.report|None|None
2025-12-13 22:17:55 | DEBUG    | mcp_server_odoo.services.cache_service:get:89 - Cache hit: search_read|ir.actions.report|[['report_type', '=', 'qweb-pdf']]|['id', 'name', 'report_name', 'model', 'report_type']|0|None|None
2025-12-13 22:17:55 | WARNING  | mcp_server_odoo.services.odoo_service:_execute_with_retry:307 - Retryable error (odoo_fault): <Fault 1: 'Traceback (most recent call last):\n  File "/home/mahmoud/odoo/samayainv/odoo/odoo/addons/base/controllers/rpc.py", line 165, in xmlrpc_2\n    response = self._xmlrpc(service)\n               ^^^^^^^^^^^^^^^^^^^^^\n  File "/home/mahmoud/odoo/samayainv/odoo/odoo/addons/base/controllers/rpc.py", line 139, in _xmlrpc\n    result = dispatch_rpc(service, method, params)\n             ^^^^^^^^^^^^^^^^^^^^^^^^^^^^^^^^^^^^^\n  File "/home/mahmoud/odoo/samayainv/odoo/odoo/http.py", line 411, in dispatch_rpc\n    dispatch = rpc_dispatchers[service_name]\n               ~~~~~~~~~~~~~~~^^^^^^^^^^^^^^\nKeyError: \'report\'\n'>. Retrying in 0.20s (attempt 1/3)
2025-12-13 22:17:56 | WARNING  | mcp_server_odoo.services.odoo_service:_execute_with_retry:307 - Retryable error (odoo_fault): <Fault 1: 'Traceback (most recent call last):\n  File "/home/mahmoud/odoo/samayainv/odoo/odoo/addons/base/controllers/rpc.py", line 165, in xmlrpc_2\n    response = self._xmlrpc(service)\n               ^^^^^^^^^^^^^^^^^^^^^\n  File "/home/mahmoud/odoo/samayainv/odoo/odoo/addons/base/controllers/rpc.py", line 139, in _xmlrpc\n    result = dispatch_rpc(service, method, params)\n             ^^^^^^^^^^^^^^^^^^^^^^^^^^^^^^^^^^^^^\n  File "/home/mahmoud/odoo/samayainv/odoo/odoo/http.py", line 411, in dispatch_rpc\n    dispatch = rpc_dispatchers[service_name]\n               ~~~~~~~~~~~~~~~^^^^^^^^^^^^^^\nKeyError: \'report\'\n'>. Retrying in 0.40s (attempt 2/3)
2025-12-13 22:17:56 | DEBUG    | mcp_server_odoo.services.odoo_service:execute:278 - Executing report.report.render_report with args=([3847], 'account.report_invoice'), kwargs={}
2025-12-13 22:17:56 | ERROR    | mcp_server_odoo.services.odoo_service:execute:293 - Execution failed: <Fault 2: "Object report.report doesn't exist">
2025-12-13 22:17:56 | WARNING  | mcp_server_odoo.services.odoo_service:_execute_with_retry:307 - Retryable error (odoo_fault): <Fault 2: "Object report.report doesn't exist">. Retrying in 0.20s (attempt 1/3)
2025-12-13 22:17:56 | DEBUG    | mcp_server_odoo.services.odoo_service:execute:278 - Executing report.report.render_report with args=([3847], 'account.report_invoice'), kwargs={}
2025-12-13 22:17:56 | ERROR    | mcp_server_odoo.services.odoo_service:execute:293 - Execution failed: <Fault 2: "Object report.report doesn't exist">
2025-12-13 22:17:56 | WARNING  | mcp_server_odoo.services.odoo_service:_execute_with_retry:307 - Retryable error (odoo_fault): <Fault 2: "Object report.report doesn't exist">. Retrying in 0.40s (attempt 2/3)
2025-12-13 22:17:57 | DEBUG    | mcp_server_odoo.services.odoo_service:execute:278 - Executing report.report.render_report with args=([3847], 'account.report_invoice'), kwargs={}
2025-12-13 22:17:57 | ERROR    | mcp_server_odoo.services.odoo_service:execute:293 - Execution failed: <Fault 2: "Object report.report doesn't exist">
2025-12-13 22:17:57 | DEBUG    | mcp_server_odoo.services.odoo_service:execute:278 - Executing report.report.get_pdf with args=([3847], 'account.report_invoice'), kwargs={}
2025-12-13 22:17:57 | ERROR    | mcp_server_odoo.services.odoo_service:execute:293 - Execution failed: <Fault 2: "Object report.report doesn't exist">
2025-12-13 22:17:57 | WARNING  | mcp_server_odoo.services.odoo_service:_execute_with_retry:307 - Retryable error (odoo_fault): <Fault 2: "Object report.report doesn't exist">. Retrying in 0.20s (attempt 1/3)
2025-12-13 22:17:57 | DEBUG    | mcp_server_odoo.services.odoo_service:execute:278 - Executing report.report.get_pdf with args=([3847], 'account.report_invoice'), kwargs={}
2025-12-13 22:17:57 | ERROR    | mcp_server_odoo.services.odoo_service:execute:293 - Execution failed: <Fault 2: "Object report.report doesn't exist">
2025-12-13 22:17:57 | WARNING  | mcp_server_odoo.services.odoo_service:_execute_with_retry:307 - Retryable error (odoo_fault): <Fault 2: "Object report.report doesn't exist">. Retrying in 0.40s (attempt 2/3)
2025-12-13 22:17:57 | DEBUG    | mcp_server_odoo.services.odoo_service:execute:278 - Executing report.report.get_pdf with args=([3847], 'account.report_invoice'), kwargs={}
2025-12-13 22:17:57 | ERROR    | mcp_server_odoo.services.odoo_service:execute:293 - Execution failed: <Fault 2: "Object report.report doesn't exist">
2025-12-13 22:17:57 | ERROR    | mcp_server_odoo.http_server:call_tool:703 - Error handling tool generate_report: <Fault 2: "Object report.report doesn't exist">
2025-12-13 22:18:37 | INFO     | mcp_server_odoo.http_server:mcp_endpoint:900 - MCP request: tools/call (streaming: False)
2025-12-13 22:18:37 | INFO     | mcp_server_odoo.http_server:call_tool:408 - Tool called: get_model_fields with arguments: {'model': 'res.partner', 'fields': ['name', 'email', 'phone'], 'attributes': ['type', 'string', 'required']}
2025-12-13 22:18:37 | INFO     | mcp_server_odoo.http_server:call_tool:561 - Getting fields for model: res.partner
2025-12-13 22:18:37 | DEBUG    | mcp_server_odoo.services.cache_service:get:89 - Cache hit: model_list
2025-12-13 22:18:37 | DEBUG    | mcp_server_odoo.services.cache_service:get:81 - Cache miss: fields_get|res.partner|['name', 'email', 'phone']|['type', 'string', 'required']
2025-12-13 22:18:37 | DEBUG    | mcp_server_odoo.services.odoo_service:execute:278 - Executing res.partner.fields_get with args=(), kwargs={'allfields': ['name', 'email', 'phone'], 'attributes': ['type', 'string', 'required']}
2025-12-13 22:18:37 | DEBUG    | mcp_server_odoo.services.odoo_service:execute:290 - Execution successful, result type: <class 'dict'>
2025-12-13 22:18:37 | DEBUG    | mcp_server_odoo.services.cache_service:set:105 - Cache set: fields_get|res.partner|['name', 'email', 'phone']|['type', 'string', 'required'] (TTL: 3600s)
2025-12-13 22:20:23 | INFO     | mcp_server_odoo.http_server:lifespan:809 - Shutting down Odoo MCP HTTP Server...
2025-12-13 22:20:23 | INFO     | mcp_server_odoo.http_server:lifespan:798 - Starting Odoo MCP HTTP Server...
2025-12-13 22:20:23 | INFO     | mcp_server_odoo.services.cache_service:__init__:34 - Cache service initialized - enabled: True, TTL: 300s, max_size: 1000
2025-12-13 22:20:23 | INFO     | mcp_server_odoo.services.odoo_service:__init__:70 - Odoo service initialized for http://host.docker.internal:8069/samayainv (version=18.0, endpoint_mode=xmlrpc2)
2025-12-13 22:20:23 | DEBUG    | mcp_server_odoo.services.cache_service:get:81 - Cache miss: auth:admin:samayainv
2025-12-13 22:20:23 | INFO     | mcp_server_odoo.services.odoo_service:authenticate:243 - Authenticating with Odoo...
2025-12-13 22:20:24 | DEBUG    | mcp_server_odoo.services.cache_service:set:105 - Cache set: auth:admin:samayainv (TTL: 3600s)
2025-12-13 22:20:24 | INFO     | mcp_server_odoo.services.odoo_service:authenticate:264 - Authentication successful, user ID: 2
2025-12-13 22:20:24 | INFO     | mcp_server_odoo.http_server:lifespan:803 - Odoo connection test successful
2025-12-13 22:21:01 | INFO     | mcp_server_odoo.http_server:mcp_endpoint:900 - MCP request: tools/call (streaming: False)
2025-12-13 22:21:01 | INFO     | mcp_server_odoo.http_server:call_tool:408 - Tool called: list_reports with arguments: {}
2025-12-13 22:21:01 | INFO     | mcp_server_odoo.http_server:call_tool:665 - Listing reports (model=None, search=None)
2025-12-13 22:21:01 | DEBUG    | mcp_server_odoo.services.cache_service:get:81 - Cache miss: model_list
2025-12-13 22:21:01 | DEBUG    | mcp_server_odoo.services.cache_service:get:81 - Cache miss: fields_get|ir.model|None|None
2025-12-13 22:21:01 | DEBUG    | mcp_server_odoo.services.odoo_service:execute:278 - Executing ir.model.fields_get with args=(), kwargs={}
2025-12-13 22:21:01 | DEBUG    | mcp_server_odoo.services.odoo_service:execute:290 - Execution successful, result type: <class 'dict'>
2025-12-13 22:21:01 | DEBUG    | mcp_server_odoo.services.cache_service:set:105 - Cache set: fields_get|ir.model|None|None (TTL: 3600s)
2025-12-13 22:21:01 | DEBUG    | mcp_server_odoo.services.cache_service:get:81 - Cache miss: search_read|ir.model|[]|['model', 'name', 'transient']|0|None|None
2025-12-13 22:21:01 | DEBUG    | mcp_server_odoo.services.odoo_service:execute:278 - Executing ir.model.search_read with args=([],), kwargs={'offset': 0, 'fields': ['model', 'name', 'transient']}
2025-12-13 22:21:01 | DEBUG    | mcp_server_odoo.services.odoo_service:execute:290 - Execution successful, result type: <class 'list'>
2025-12-13 22:21:01 | DEBUG    | mcp_server_odoo.services.cache_service:set:105 - Cache set: search_read|ir.model|[]|['model', 'name', 'transient']|0|None|None (TTL: 300s)
2025-12-13 22:21:01 | DEBUG    | mcp_server_odoo.services.cache_service:set:105 - Cache set: model_list (TTL: 3600s)
2025-12-13 22:21:01 | DEBUG    | mcp_server_odoo.services.cache_service:get:89 - Cache hit: model_list
2025-12-13 22:21:01 | DEBUG    | mcp_server_odoo.services.cache_service:get:81 - Cache miss: fields_get|ir.actions.report|None|None
2025-12-13 22:21:01 | DEBUG    | mcp_server_odoo.services.odoo_service:execute:278 - Executing ir.actions.report.fields_get with args=(), kwargs={}
2025-12-13 22:21:01 | DEBUG    | mcp_server_odoo.services.odoo_service:execute:290 - Execution successful, result type: <class 'dict'>
2025-12-13 22:21:01 | DEBUG    | mcp_server_odoo.services.cache_service:set:105 - Cache set: fields_get|ir.actions.report|None|None (TTL: 3600s)
2025-12-13 22:21:01 | DEBUG    | mcp_server_odoo.services.cache_service:get:89 - Cache hit: model_list
2025-12-13 22:21:01 | DEBUG    | mcp_server_odoo.services.cache_service:get:89 - Cache hit: fields_get|ir.actions.report|None|None
2025-12-13 22:21:01 | DEBUG    | mcp_server_odoo.services.cache_service:get:81 - Cache miss: search_read|ir.actions.report|[['report_type', '=', 'qweb-pdf']]|['id', 'name', 'report_name', 'model', 'report_type']|0|None|None
2025-12-13 22:21:01 | DEBUG    | mcp_server_odoo.services.odoo_service:execute:278 - Executing ir.actions.report.search_read with args=([['report_type', '=', 'qweb-pdf']],), kwargs={'offset': 0, 'fields': ['id', 'name', 'report_name', 'model', 'report_type']}
2025-12-13 22:21:01 | DEBUG    | mcp_server_odoo.services.odoo_service:execute:290 - Execution successful, result type: <class 'list'>
2025-12-13 22:21:01 | DEBUG    | mcp_server_odoo.services.cache_service:set:105 - Cache set: search_read|ir.actions.report|[['report_type', '=', 'qweb-pdf']]|['id', 'name', 'report_name', 'model', 'report_type']|0|None|None (TTL: 300s)
2025-12-13 22:21:01 | INFO     | mcp_server_odoo.http_server:mcp_endpoint:900 - MCP request: tools/call (streaming: False)
2025-12-13 22:21:01 | INFO     | mcp_server_odoo.http_server:call_tool:408 - Tool called: search_records with arguments: {'model': 'account.move', 'domain': [['move_type', '=', 'out_invoice'], ['state', '!=', 'cancel']], 'fields': ['id', 'name'], 'limit': 1, 'order': 'id desc'}
2025-12-13 22:21:01 | INFO     | mcp_server_odoo.http_server:call_tool:500 - Searching records in account.move with domain: [['move_type', '=', 'out_invoice'], ['state', '!=', 'cancel']]
2025-12-13 22:21:01 | DEBUG    | mcp_server_odoo.services.cache_service:get:89 - Cache hit: model_list
2025-12-13 22:21:01 | DEBUG    | mcp_server_odoo.services.cache_service:get:89 - Cache hit: model_list
2025-12-13 22:21:01 | DEBUG    | mcp_server_odoo.services.cache_service:get:81 - Cache miss: fields_get|account.move|None|None
2025-12-13 22:21:01 | DEBUG    | mcp_server_odoo.services.odoo_service:execute:278 - Executing account.move.fields_get with args=(), kwargs={}
2025-12-13 22:21:01 | DEBUG    | mcp_server_odoo.services.odoo_service:execute:290 - Execution successful, result type: <class 'dict'>
2025-12-13 22:21:01 | DEBUG    | mcp_server_odoo.services.cache_service:set:105 - Cache set: fields_get|account.move|None|None (TTL: 3600s)
2025-12-13 22:21:01 | DEBUG    | mcp_server_odoo.services.cache_service:get:89 - Cache hit: model_list
2025-12-13 22:21:01 | DEBUG    | mcp_server_odoo.services.cache_service:get:89 - Cache hit: fields_get|account.move|None|None
2025-12-13 22:21:01 | DEBUG    | mcp_server_odoo.services.cache_service:get:81 - Cache miss: search_read|account.move|[['move_type', '=', 'out_invoice'], ['state', '!=', 'cancel']]|['id', 'name']|0|1|id desc
2025-12-13 22:21:01 | DEBUG    | mcp_server_odoo.services.odoo_service:execute:278 - Executing account.move.search_read with args=([['move_type', '=', 'out_invoice'], ['state', '!=', 'cancel']],), kwargs={'offset': 0, 'fields': ['id', 'name'], 'limit': 1, 'order': 'id desc'}
2025-12-13 22:21:01 | DEBUG    | mcp_server_odoo.services.odoo_service:execute:290 - Execution successful, result type: <class 'list'>
2025-12-13 22:21:01 | DEBUG    | mcp_server_odoo.services.cache_service:set:105 - Cache set: search_read|account.move|[['move_type', '=', 'out_invoice'], ['state', '!=', 'cancel']]|['id', 'name']|0|1|id desc (TTL: 300s)
2025-12-13 22:21:01 | INFO     | mcp_server_odoo.http_server:mcp_endpoint:900 - MCP request: tools/call (streaming: False)
2025-12-13 22:21:01 | INFO     | mcp_server_odoo.http_server:call_tool:408 - Tool called: search_records with arguments: {'model': 'sale.order', 'fields': ['id', 'name'], 'limit': 1, 'order': 'id desc'}
2025-12-13 22:21:01 | INFO     | mcp_server_odoo.http_server:call_tool:500 - Searching records in sale.order with domain: []
2025-12-13 22:21:01 | DEBUG    | mcp_server_odoo.services.cache_service:get:89 - Cache hit: model_list
2025-12-13 22:21:01 | DEBUG    | mcp_server_odoo.services.cache_service:get:89 - Cache hit: model_list
2025-12-13 22:21:01 | DEBUG    | mcp_server_odoo.services.cache_service:get:81 - Cache miss: fields_get|sale.order|None|None
2025-12-13 22:21:01 | DEBUG    | mcp_server_odoo.services.odoo_service:execute:278 - Executing sale.order.fields_get with args=(), kwargs={}
2025-12-13 22:21:01 | DEBUG    | mcp_server_odoo.services.odoo_service:execute:290 - Execution successful, result type: <class 'dict'>
2025-12-13 22:21:01 | DEBUG    | mcp_server_odoo.services.cache_service:set:105 - Cache set: fields_get|sale.order|None|None (TTL: 3600s)
2025-12-13 22:21:01 | DEBUG    | mcp_server_odoo.services.cache_service:get:81 - Cache miss: search_read|sale.order|[]|['id', 'name']|0|1|id desc
2025-12-13 22:21:01 | DEBUG    | mcp_server_odoo.services.odoo_service:execute:278 - Executing sale.order.search_read with args=([],), kwargs={'offset': 0, 'fields': ['id', 'name'], 'limit': 1, 'order': 'id desc'}
2025-12-13 22:21:01 | DEBUG    | mcp_server_odoo.services.odoo_service:execute:290 - Execution successful, result type: <class 'list'>
2025-12-13 22:21:01 | DEBUG    | mcp_server_odoo.services.cache_service:set:105 - Cache set: search_read|sale.order|[]|['id', 'name']|0|1|id desc (TTL: 300s)
2025-12-13 22:21:01 | INFO     | mcp_server_odoo.http_server:mcp_endpoint:900 - MCP request: tools/call (streaming: False)
2025-12-13 22:21:01 | INFO     | mcp_server_odoo.http_server:call_tool:408 - Tool called: generate_report with arguments: {'report_name': 'sale.report_saleorder', 'ids': [63]}
2025-12-13 22:21:01 | INFO     | mcp_server_odoo.http_server:call_tool:673 - Generating report sale.report_saleorder for IDs: [63]
2025-12-13 22:21:01 | DEBUG    | mcp_server_odoo.services.cache_service:get:89 - Cache hit: model_list
2025-12-13 22:21:01 | DEBUG    | mcp_server_odoo.services.cache_service:get:89 - Cache hit: model_list
2025-12-13 22:21:01 | DEBUG    | mcp_server_odoo.services.cache_service:get:89 - Cache hit: fields_get|ir.actions.report|None|None
2025-12-13 22:21:01 | DEBUG    | mcp_server_odoo.services.cache_service:get:89 - Cache hit: model_list
2025-12-13 22:21:01 | DEBUG    | mcp_server_odoo.services.cache_service:get:89 - Cache hit: fields_get|ir.actions.report|None|None
2025-12-13 22:21:01 | DEBUG    | mcp_server_odoo.services.cache_service:get:89 - Cache hit: search_read|ir.actions.report|[['report_type', '=', 'qweb-pdf']]|['id', 'name', 'report_name', 'model', 'report_type']|0|None|None
2025-12-13 22:21:01 | WARNING  | mcp_server_odoo.services.odoo_service:_execute_with_retry:307 - Retryable error (odoo_fault): <Fault 1: 'Traceback (most recent call last):\n  File "/home/mahmoud/odoo/samayainv/odoo/odoo/addons/base/controllers/rpc.py", line 165, in xmlrpc_2\n    response = self._xmlrpc(service)\n               ^^^^^^^^^^^^^^^^^^^^^\n  File "/home/mahmoud/odoo/samayainv/odoo/odoo/addons/base/controllers/rpc.py", line 139, in _xmlrpc\n    result = dispatch_rpc(service, method, params)\n             ^^^^^^^^^^^^^^^^^^^^^^^^^^^^^^^^^^^^^\n  File "/home/mahmoud/odoo/samayainv/odoo/odoo/http.py", line 411, in dispatch_rpc\n    dispatch = rpc_dispatchers[service_name]\n               ~~~~~~~~~~~~~~~^^^^^^^^^^^^^^\nKeyError: \'report\'\n'>. Retrying in 0.20s (attempt 1/3)
2025-12-13 22:21:01 | WARNING  | mcp_server_odoo.services.odoo_service:_execute_with_retry:307 - Retryable error (odoo_fault): <Fault 1: 'Traceback (most recent call last):\n  File "/home/mahmoud/odoo/samayainv/odoo/odoo/addons/base/controllers/rpc.py", line 165, in xmlrpc_2\n    response = self._xmlrpc(service)\n               ^^^^^^^^^^^^^^^^^^^^^\n  File "/home/mahmoud/odoo/samayainv/odoo/odoo/addons/base/controllers/rpc.py", line 139, in _xmlrpc\n    result = dispatch_rpc(service, method, params)\n             ^^^^^^^^^^^^^^^^^^^^^^^^^^^^^^^^^^^^^\n  File "/home/mahmoud/odoo/samayainv/odoo/odoo/http.py", line 411, in dispatch_rpc\n    dispatch = rpc_dispatchers[service_name]\n               ~~~~~~~~~~~~~~~^^^^^^^^^^^^^^\nKeyError: \'report\'\n'>. Retrying in 0.40s (attempt 2/3)
2025-12-13 22:21:02 | DEBUG    | mcp_server_odoo.services.odoo_service:execute:278 - Executing report.report.render_report with args=([63], 'sale.report_saleorder'), kwargs={}
2025-12-13 22:21:02 | ERROR    | mcp_server_odoo.services.odoo_service:execute:293 - Execution failed: <Fault 2: "Object report.report doesn't exist">
2025-12-13 22:21:02 | WARNING  | mcp_server_odoo.services.odoo_service:_execute_with_retry:307 - Retryable error (odoo_fault): <Fault 2: "Object report.report doesn't exist">. Retrying in 0.20s (attempt 1/3)
2025-12-13 22:21:02 | DEBUG    | mcp_server_odoo.services.odoo_service:execute:278 - Executing report.report.render_report with args=([63], 'sale.report_saleorder'), kwargs={}
2025-12-13 22:21:02 | ERROR    | mcp_server_odoo.services.odoo_service:execute:293 - Execution failed: <Fault 2: "Object report.report doesn't exist">
2025-12-13 22:21:02 | WARNING  | mcp_server_odoo.services.odoo_service:_execute_with_retry:307 - Retryable error (odoo_fault): <Fault 2: "Object report.report doesn't exist">. Retrying in 0.40s (attempt 2/3)
2025-12-13 22:21:02 | DEBUG    | mcp_server_odoo.services.odoo_service:execute:278 - Executing report.report.render_report with args=([63], 'sale.report_saleorder'), kwargs={}
2025-12-13 22:21:02 | ERROR    | mcp_server_odoo.services.odoo_service:execute:293 - Execution failed: <Fault 2: "Object report.report doesn't exist">
2025-12-13 22:21:02 | DEBUG    | mcp_server_odoo.services.odoo_service:execute:278 - Executing report.report.get_pdf with args=([63], 'sale.report_saleorder'), kwargs={}
2025-12-13 22:21:03 | ERROR    | mcp_server_odoo.services.odoo_service:execute:293 - Execution failed: <Fault 2: "Object report.report doesn't exist">
2025-12-13 22:21:03 | WARNING  | mcp_server_odoo.services.odoo_service:_execute_with_retry:307 - Retryable error (odoo_fault): <Fault 2: "Object report.report doesn't exist">. Retrying in 0.20s (attempt 1/3)
2025-12-13 22:21:03 | DEBUG    | mcp_server_odoo.services.odoo_service:execute:278 - Executing report.report.get_pdf with args=([63], 'sale.report_saleorder'), kwargs={}
2025-12-13 22:21:03 | ERROR    | mcp_server_odoo.services.odoo_service:execute:293 - Execution failed: <Fault 2: "Object report.report doesn't exist">
2025-12-13 22:21:03 | WARNING  | mcp_server_odoo.services.odoo_service:_execute_with_retry:307 - Retryable error (odoo_fault): <Fault 2: "Object report.report doesn't exist">. Retrying in 0.40s (attempt 2/3)
2025-12-13 22:21:03 | DEBUG    | mcp_server_odoo.services.odoo_service:execute:278 - Executing report.report.get_pdf with args=([63], 'sale.report_saleorder'), kwargs={}
2025-12-13 22:21:03 | ERROR    | mcp_server_odoo.services.odoo_service:execute:293 - Execution failed: <Fault 2: "Object report.report doesn't exist">
2025-12-13 22:21:03 | DEBUG    | mcp_server_odoo.services.odoo_service:execute:278 - Executing ir.actions.report.render_qweb_pdf with args=([831], [63]), kwargs={}
2025-12-13 22:21:03 | ERROR    | mcp_server_odoo.services.odoo_service:execute:293 - Execution failed: <Fault 1: 'Traceback (most recent call last):\n  File "/home/mahmoud/odoo/samayainv/odoo/odoo/addons/base/controllers/rpc.py", line 165, in xmlrpc_2\n    response = self._xmlrpc(service)\n               ^^^^^^^^^^^^^^^^^^^^^\n  File "/home/mahmoud/odoo/samayainv/odoo/odoo/addons/base/controllers/rpc.py", line 139, in _xmlrpc\n    result = dispatch_rpc(service, method, params)\n             ^^^^^^^^^^^^^^^^^^^^^^^^^^^^^^^^^^^^^\n  File "/home/mahmoud/odoo/samayainv/odoo/odoo/http.py", line 412, in dispatch_rpc\n    return dispatch(method, params)\n           ^^^^^^^^^^^^^^^^^^^^^^^^\n  File "/home/mahmoud/odoo/samayainv/odoo/odoo/service/model.py", line 58, in dispatch\n    res = execute_kw(db, uid, *params[3:])\n          ^^^^^^^^^^^^^^^^^^^^^^^^^^^^^^^^\n  File "/home/mahmoud/odoo/samayainv/odoo/odoo/service/model.py", line 81, in execute_kw\n    return execute(db, uid, obj, method, *args, **kw or {})\n           ^^^^^^^^^^^^^^^^^^^^^^^^^^^^^^^^^^^^^^^^^^^^^^^^\n  File "/home/mahmoud/odoo/samayainv/odoo/odoo/service/model.py", line 87, in execute\n    res = execute_cr(cr, uid, obj, method, *args, **kw)\n          ^^^^^^^^^^^^^^^^^^^^^^^^^^^^^^^^^^^^^^^^^^^^^\n  File "/home/mahmoud/odoo/samayainv/odoo/odoo/service/model.py", line 71, in execute_cr\n    get_public_method(recs, method)  # Don\'t use the result, call_kw will redo the getattr\n    ^^^^^^^^^^^^^^^^^^^^^^^^^^^^^^^\n  File "/home/mahmoud/odoo/samayainv/odoo/odoo/service/model.py", line 38, in get_public_method\n    raise AttributeError(f"The method \'{model._name}.{name}\' does not exist")  # noqa: TRY004\n    ^^^^^^^^^^^^^^^^^^^^^^^^^^^^^^^^^^^^^^^^^^^^^^^^^^^^^^^^^^^^^^^^^^^^^^^^^\nAttributeError: The method \'ir.actions.report.render_qweb_pdf\' does not exist\n'>
2025-12-13 22:21:03 | WARNING  | mcp_server_odoo.services.odoo_service:_execute_with_retry:307 - Retryable error (odoo_fault): <Fault 1: 'Traceback (most recent call last):\n  File "/home/mahmoud/odoo/samayainv/odoo/odoo/addons/base/controllers/rpc.py", line 165, in xmlrpc_2\n    response = self._xmlrpc(service)\n               ^^^^^^^^^^^^^^^^^^^^^\n  File "/home/mahmoud/odoo/samayainv/odoo/odoo/addons/base/controllers/rpc.py", line 139, in _xmlrpc\n    result = dispatch_rpc(service, method, params)\n             ^^^^^^^^^^^^^^^^^^^^^^^^^^^^^^^^^^^^^\n  File "/home/mahmoud/odoo/samayainv/odoo/odoo/http.py", line 412, in dispatch_rpc\n    return dispatch(method, params)\n           ^^^^^^^^^^^^^^^^^^^^^^^^\n  File "/home/mahmoud/odoo/samayainv/odoo/odoo/service/model.py", line 58, in dispatch\n    res = execute_kw(db, uid, *params[3:])\n          ^^^^^^^^^^^^^^^^^^^^^^^^^^^^^^^^\n  File "/home/mahmoud/odoo/samayainv/odoo/odoo/service/model.py", line 81, in execute_kw\n    return execute(db, uid, obj, method, *args, **kw or {})\n           ^^^^^^^^^^^^^^^^^^^^^^^^^^^^^^^^^^^^^^^^^^^^^^^^\n  File "/home/mahmoud/odoo/samayainv/odoo/odoo/service/model.py", line 87, in execute\n    res = execute_cr(cr, uid, obj, method, *args, **kw)\n          ^^^^^^^^^^^^^^^^^^^^^^^^^^^^^^^^^^^^^^^^^^^^^\n  File "/home/mahmoud/odoo/samayainv/odoo/odoo/service/model.py", line 71, in execute_cr\n    get_public_method(recs, method)  # Don\'t use the result, call_kw will redo the getattr\n    ^^^^^^^^^^^^^^^^^^^^^^^^^^^^^^^\n  File "/home/mahmoud/odoo/samayainv/odoo/odoo/service/model.py", line 38, in get_public_method\n    raise AttributeError(f"The method \'{model._name}.{name}\' does not exist")  # noqa: TRY004\n    ^^^^^^^^^^^^^^^^^^^^^^^^^^^^^^^^^^^^^^^^^^^^^^^^^^^^^^^^^^^^^^^^^^^^^^^^^\nAttributeError: The method \'ir.actions.report.render_qweb_pdf\' does not exist\n'>. Retrying in 0.20s (attempt 1/3)
2025-12-13 22:21:03 | DEBUG    | mcp_server_odoo.services.odoo_service:execute:278 - Executing ir.actions.report.render_qweb_pdf with args=([831], [63]), kwargs={}
2025-12-13 22:21:03 | ERROR    | mcp_server_odoo.services.odoo_service:execute:293 - Execution failed: <Fault 1: 'Traceback (most recent call last):\n  File "/home/mahmoud/odoo/samayainv/odoo/odoo/addons/base/controllers/rpc.py", line 165, in xmlrpc_2\n    response = self._xmlrpc(service)\n               ^^^^^^^^^^^^^^^^^^^^^\n  File "/home/mahmoud/odoo/samayainv/odoo/odoo/addons/base/controllers/rpc.py", line 139, in _xmlrpc\n    result = dispatch_rpc(service, method, params)\n             ^^^^^^^^^^^^^^^^^^^^^^^^^^^^^^^^^^^^^\n  File "/home/mahmoud/odoo/samayainv/odoo/odoo/http.py", line 412, in dispatch_rpc\n    return dispatch(method, params)\n           ^^^^^^^^^^^^^^^^^^^^^^^^\n  File "/home/mahmoud/odoo/samayainv/odoo/odoo/service/model.py", line 58, in dispatch\n    res = execute_kw(db, uid, *params[3:])\n          ^^^^^^^^^^^^^^^^^^^^^^^^^^^^^^^^\n  File "/home/mahmoud/odoo/samayainv/odoo/odoo/service/model.py", line 81, in execute_kw\n    return execute(db, uid, obj, method, *args, **kw or {})\n           ^^^^^^^^^^^^^^^^^^^^^^^^^^^^^^^^^^^^^^^^^^^^^^^^\n  File "/home/mahmoud/odoo/samayainv/odoo/odoo/service/model.py", line 87, in execute\n    res = execute_cr(cr, uid, obj, method, *args, **kw)\n          ^^^^^^^^^^^^^^^^^^^^^^^^^^^^^^^^^^^^^^^^^^^^^\n  File "/home/mahmoud/odoo/samayainv/odoo/odoo/service/model.py", line 71, in execute_cr\n    get_public_method(recs, method)  # Don\'t use the result, call_kw will redo the getattr\n    ^^^^^^^^^^^^^^^^^^^^^^^^^^^^^^^\n  File "/home/mahmoud/odoo/samayainv/odoo/odoo/service/model.py", line 38, in get_public_method\n    raise AttributeError(f"The method \'{model._name}.{name}\' does not exist")  # noqa: TRY004\n    ^^^^^^^^^^^^^^^^^^^^^^^^^^^^^^^^^^^^^^^^^^^^^^^^^^^^^^^^^^^^^^^^^^^^^^^^^\nAttributeError: The method \'ir.actions.report.render_qweb_pdf\' does not exist\n'>
2025-12-13 22:21:03 | WARNING  | mcp_server_odoo.services.odoo_service:_execute_with_retry:307 - Retryable error (odoo_fault): <Fault 1: 'Traceback (most recent call last):\n  File "/home/mahmoud/odoo/samayainv/odoo/odoo/addons/base/controllers/rpc.py", line 165, in xmlrpc_2\n    response = self._xmlrpc(service)\n               ^^^^^^^^^^^^^^^^^^^^^\n  File "/home/mahmoud/odoo/samayainv/odoo/odoo/addons/base/controllers/rpc.py", line 139, in _xmlrpc\n    result = dispatch_rpc(service, method, params)\n             ^^^^^^^^^^^^^^^^^^^^^^^^^^^^^^^^^^^^^\n  File "/home/mahmoud/odoo/samayainv/odoo/odoo/http.py", line 412, in dispatch_rpc\n    return dispatch(method, params)\n           ^^^^^^^^^^^^^^^^^^^^^^^^\n  File "/home/mahmoud/odoo/samayainv/odoo/odoo/service/model.py", line 58, in dispatch\n    res = execute_kw(db, uid, *params[3:])\n          ^^^^^^^^^^^^^^^^^^^^^^^^^^^^^^^^\n  File "/home/mahmoud/odoo/samayainv/odoo/odoo/service/model.py", line 81, in execute_kw\n    return execute(db, uid, obj, method, *args, **kw or {})\n           ^^^^^^^^^^^^^^^^^^^^^^^^^^^^^^^^^^^^^^^^^^^^^^^^\n  File "/home/mahmoud/odoo/samayainv/odoo/odoo/service/model.py", line 87, in execute\n    res = execute_cr(cr, uid, obj, method, *args, **kw)\n          ^^^^^^^^^^^^^^^^^^^^^^^^^^^^^^^^^^^^^^^^^^^^^\n  File "/home/mahmoud/odoo/samayainv/odoo/odoo/service/model.py", line 71, in execute_cr\n    get_public_method(recs, method)  # Don\'t use the result, call_kw will redo the getattr\n    ^^^^^^^^^^^^^^^^^^^^^^^^^^^^^^^\n  File "/home/mahmoud/odoo/samayainv/odoo/odoo/service/model.py", line 38, in get_public_method\n    raise AttributeError(f"The method \'{model._name}.{name}\' does not exist")  # noqa: TRY004\n    ^^^^^^^^^^^^^^^^^^^^^^^^^^^^^^^^^^^^^^^^^^^^^^^^^^^^^^^^^^^^^^^^^^^^^^^^^\nAttributeError: The method \'ir.actions.report.render_qweb_pdf\' does not exist\n'>. Retrying in 0.40s (attempt 2/3)
2025-12-13 22:21:04 | DEBUG    | mcp_server_odoo.services.odoo_service:execute:278 - Executing ir.actions.report.render_qweb_pdf with args=([831], [63]), kwargs={}
2025-12-13 22:21:04 | ERROR    | mcp_server_odoo.services.odoo_service:execute:293 - Execution failed: <Fault 1: 'Traceback (most recent call last):\n  File "/home/mahmoud/odoo/samayainv/odoo/odoo/addons/base/controllers/rpc.py", line 165, in xmlrpc_2\n    response = self._xmlrpc(service)\n               ^^^^^^^^^^^^^^^^^^^^^\n  File "/home/mahmoud/odoo/samayainv/odoo/odoo/addons/base/controllers/rpc.py", line 139, in _xmlrpc\n    result = dispatch_rpc(service, method, params)\n             ^^^^^^^^^^^^^^^^^^^^^^^^^^^^^^^^^^^^^\n  File "/home/mahmoud/odoo/samayainv/odoo/odoo/http.py", line 412, in dispatch_rpc\n    return dispatch(method, params)\n           ^^^^^^^^^^^^^^^^^^^^^^^^\n  File "/home/mahmoud/odoo/samayainv/odoo/odoo/service/model.py", line 58, in dispatch\n    res = execute_kw(db, uid, *params[3:])\n          ^^^^^^^^^^^^^^^^^^^^^^^^^^^^^^^^\n  File "/home/mahmoud/odoo/samayainv/odoo/odoo/service/model.py", line 81, in execute_kw\n    return execute(db, uid, obj, method, *args, **kw or {})\n           ^^^^^^^^^^^^^^^^^^^^^^^^^^^^^^^^^^^^^^^^^^^^^^^^\n  File "/home/mahmoud/odoo/samayainv/odoo/odoo/service/model.py", line 87, in execute\n    res = execute_cr(cr, uid, obj, method, *args, **kw)\n          ^^^^^^^^^^^^^^^^^^^^^^^^^^^^^^^^^^^^^^^^^^^^^\n  File "/home/mahmoud/odoo/samayainv/odoo/odoo/service/model.py", line 71, in execute_cr\n    get_public_method(recs, method)  # Don\'t use the result, call_kw will redo the getattr\n    ^^^^^^^^^^^^^^^^^^^^^^^^^^^^^^^\n  File "/home/mahmoud/odoo/samayainv/odoo/odoo/service/model.py", line 38, in get_public_method\n    raise AttributeError(f"The method \'{model._name}.{name}\' does not exist")  # noqa: TRY004\n    ^^^^^^^^^^^^^^^^^^^^^^^^^^^^^^^^^^^^^^^^^^^^^^^^^^^^^^^^^^^^^^^^^^^^^^^^^\nAttributeError: The method \'ir.actions.report.render_qweb_pdf\' does not exist\n'>
2025-12-13 22:21:04 | ERROR    | mcp_server_odoo.http_server:mcp_endpoint:991 - Error calling tool generate_report: Replacement index 0 out of range for positional args tuple
2025-12-13 22:21:15 | INFO     | mcp_server_odoo.http_server:mcp_endpoint:900 - MCP request: tools/call (streaming: False)
2025-12-13 22:21:15 | INFO     | mcp_server_odoo.http_server:call_tool:408 - Tool called: generate_report with arguments: {'report_name': 'account.report_invoice', 'ids': [3847]}
2025-12-13 22:21:15 | INFO     | mcp_server_odoo.http_server:call_tool:673 - Generating report account.report_invoice for IDs: [3847]
2025-12-13 22:21:15 | DEBUG    | mcp_server_odoo.services.cache_service:get:89 - Cache hit: model_list
2025-12-13 22:21:15 | DEBUG    | mcp_server_odoo.services.cache_service:get:89 - Cache hit: model_list
2025-12-13 22:21:15 | DEBUG    | mcp_server_odoo.services.cache_service:get:89 - Cache hit: fields_get|ir.actions.report|None|None
2025-12-13 22:21:15 | DEBUG    | mcp_server_odoo.services.cache_service:get:89 - Cache hit: model_list
2025-12-13 22:21:15 | DEBUG    | mcp_server_odoo.services.cache_service:get:89 - Cache hit: fields_get|ir.actions.report|None|None
2025-12-13 22:21:15 | DEBUG    | mcp_server_odoo.services.cache_service:get:89 - Cache hit: search_read|ir.actions.report|[['report_type', '=', 'qweb-pdf']]|['id', 'name', 'report_name', 'model', 'report_type']|0|None|None
2025-12-13 22:21:15 | WARNING  | mcp_server_odoo.services.odoo_service:_execute_with_retry:307 - Retryable error (odoo_fault): <Fault 1: 'Traceback (most recent call last):\n  File "/home/mahmoud/odoo/samayainv/odoo/odoo/addons/base/controllers/rpc.py", line 165, in xmlrpc_2\n    response = self._xmlrpc(service)\n               ^^^^^^^^^^^^^^^^^^^^^\n  File "/home/mahmoud/odoo/samayainv/odoo/odoo/addons/base/controllers/rpc.py", line 139, in _xmlrpc\n    result = dispatch_rpc(service, method, params)\n             ^^^^^^^^^^^^^^^^^^^^^^^^^^^^^^^^^^^^^\n  File "/home/mahmoud/odoo/samayainv/odoo/odoo/http.py", line 411, in dispatch_rpc\n    dispatch = rpc_dispatchers[service_name]\n               ~~~~~~~~~~~~~~~^^^^^^^^^^^^^^\nKeyError: \'report\'\n'>. Retrying in 0.20s (attempt 1/3)
2025-12-13 22:21:15 | WARNING  | mcp_server_odoo.services.odoo_service:_execute_with_retry:307 - Retryable error (odoo_fault): <Fault 1: 'Traceback (most recent call last):\n  File "/home/mahmoud/odoo/samayainv/odoo/odoo/addons/base/controllers/rpc.py", line 165, in xmlrpc_2\n    response = self._xmlrpc(service)\n               ^^^^^^^^^^^^^^^^^^^^^\n  File "/home/mahmoud/odoo/samayainv/odoo/odoo/addons/base/controllers/rpc.py", line 139, in _xmlrpc\n    result = dispatch_rpc(service, method, params)\n             ^^^^^^^^^^^^^^^^^^^^^^^^^^^^^^^^^^^^^\n  File "/home/mahmoud/odoo/samayainv/odoo/odoo/http.py", line 411, in dispatch_rpc\n    dispatch = rpc_dispatchers[service_name]\n               ~~~~~~~~~~~~~~~^^^^^^^^^^^^^^\nKeyError: \'report\'\n'>. Retrying in 0.40s (attempt 2/3)
2025-12-13 22:21:16 | DEBUG    | mcp_server_odoo.services.odoo_service:execute:278 - Executing report.report.render_report with args=([3847], 'account.report_invoice'), kwargs={}
2025-12-13 22:21:16 | ERROR    | mcp_server_odoo.services.odoo_service:execute:293 - Execution failed: <Fault 2: "Object report.report doesn't exist">
2025-12-13 22:21:16 | WARNING  | mcp_server_odoo.services.odoo_service:_execute_with_retry:307 - Retryable error (odoo_fault): <Fault 2: "Object report.report doesn't exist">. Retrying in 0.20s (attempt 1/3)
2025-12-13 22:21:16 | DEBUG    | mcp_server_odoo.services.odoo_service:execute:278 - Executing report.report.render_report with args=([3847], 'account.report_invoice'), kwargs={}
2025-12-13 22:21:16 | ERROR    | mcp_server_odoo.services.odoo_service:execute:293 - Execution failed: <Fault 2: "Object report.report doesn't exist">
2025-12-13 22:21:16 | WARNING  | mcp_server_odoo.services.odoo_service:_execute_with_retry:307 - Retryable error (odoo_fault): <Fault 2: "Object report.report doesn't exist">. Retrying in 0.40s (attempt 2/3)
2025-12-13 22:21:16 | DEBUG    | mcp_server_odoo.services.odoo_service:execute:278 - Executing report.report.render_report with args=([3847], 'account.report_invoice'), kwargs={}
2025-12-13 22:21:16 | ERROR    | mcp_server_odoo.services.odoo_service:execute:293 - Execution failed: <Fault 2: "Object report.report doesn't exist">
2025-12-13 22:21:16 | DEBUG    | mcp_server_odoo.services.odoo_service:execute:278 - Executing report.report.get_pdf with args=([3847], 'account.report_invoice'), kwargs={}
2025-12-13 22:21:16 | ERROR    | mcp_server_odoo.services.odoo_service:execute:293 - Execution failed: <Fault 2: "Object report.report doesn't exist">
2025-12-13 22:21:16 | WARNING  | mcp_server_odoo.services.odoo_service:_execute_with_retry:307 - Retryable error (odoo_fault): <Fault 2: "Object report.report doesn't exist">. Retrying in 0.20s (attempt 1/3)
2025-12-13 22:21:17 | DEBUG    | mcp_server_odoo.services.odoo_service:execute:278 - Executing report.report.get_pdf with args=([3847], 'account.report_invoice'), kwargs={}
2025-12-13 22:21:17 | ERROR    | mcp_server_odoo.services.odoo_service:execute:293 - Execution failed: <Fault 2: "Object report.report doesn't exist">
2025-12-13 22:21:17 | WARNING  | mcp_server_odoo.services.odoo_service:_execute_with_retry:307 - Retryable error (odoo_fault): <Fault 2: "Object report.report doesn't exist">. Retrying in 0.40s (attempt 2/3)
2025-12-13 22:21:17 | DEBUG    | mcp_server_odoo.services.odoo_service:execute:278 - Executing report.report.get_pdf with args=([3847], 'account.report_invoice'), kwargs={}
2025-12-13 22:21:17 | ERROR    | mcp_server_odoo.services.odoo_service:execute:293 - Execution failed: <Fault 2: "Object report.report doesn't exist">
2025-12-13 22:21:17 | DEBUG    | mcp_server_odoo.services.odoo_service:execute:278 - Executing ir.actions.report.render_qweb_pdf with args=([255], [3847]), kwargs={}
2025-12-13 22:21:17 | ERROR    | mcp_server_odoo.services.odoo_service:execute:293 - Execution failed: <Fault 1: 'Traceback (most recent call last):\n  File "/home/mahmoud/odoo/samayainv/odoo/odoo/addons/base/controllers/rpc.py", line 165, in xmlrpc_2\n    response = self._xmlrpc(service)\n               ^^^^^^^^^^^^^^^^^^^^^\n  File "/home/mahmoud/odoo/samayainv/odoo/odoo/addons/base/controllers/rpc.py", line 139, in _xmlrpc\n    result = dispatch_rpc(service, method, params)\n             ^^^^^^^^^^^^^^^^^^^^^^^^^^^^^^^^^^^^^\n  File "/home/mahmoud/odoo/samayainv/odoo/odoo/http.py", line 412, in dispatch_rpc\n    return dispatch(method, params)\n           ^^^^^^^^^^^^^^^^^^^^^^^^\n  File "/home/mahmoud/odoo/samayainv/odoo/odoo/service/model.py", line 58, in dispatch\n    res = execute_kw(db, uid, *params[3:])\n          ^^^^^^^^^^^^^^^^^^^^^^^^^^^^^^^^\n  File "/home/mahmoud/odoo/samayainv/odoo/odoo/service/model.py", line 81, in execute_kw\n    return execute(db, uid, obj, method, *args, **kw or {})\n           ^^^^^^^^^^^^^^^^^^^^^^^^^^^^^^^^^^^^^^^^^^^^^^^^\n  File "/home/mahmoud/odoo/samayainv/odoo/odoo/service/model.py", line 87, in execute\n    res = execute_cr(cr, uid, obj, method, *args, **kw)\n          ^^^^^^^^^^^^^^^^^^^^^^^^^^^^^^^^^^^^^^^^^^^^^\n  File "/home/mahmoud/odoo/samayainv/odoo/odoo/service/model.py", line 71, in execute_cr\n    get_public_method(recs, method)  # Don\'t use the result, call_kw will redo the getattr\n    ^^^^^^^^^^^^^^^^^^^^^^^^^^^^^^^\n  File "/home/mahmoud/odoo/samayainv/odoo/odoo/service/model.py", line 38, in get_public_method\n    raise AttributeError(f"The method \'{model._name}.{name}\' does not exist")  # noqa: TRY004\n    ^^^^^^^^^^^^^^^^^^^^^^^^^^^^^^^^^^^^^^^^^^^^^^^^^^^^^^^^^^^^^^^^^^^^^^^^^\nAttributeError: The method \'ir.actions.report.render_qweb_pdf\' does not exist\n'>
2025-12-13 22:21:17 | WARNING  | mcp_server_odoo.services.odoo_service:_execute_with_retry:307 - Retryable error (odoo_fault): <Fault 1: 'Traceback (most recent call last):\n  File "/home/mahmoud/odoo/samayainv/odoo/odoo/addons/base/controllers/rpc.py", line 165, in xmlrpc_2\n    response = self._xmlrpc(service)\n               ^^^^^^^^^^^^^^^^^^^^^\n  File "/home/mahmoud/odoo/samayainv/odoo/odoo/addons/base/controllers/rpc.py", line 139, in _xmlrpc\n    result = dispatch_rpc(service, method, params)\n             ^^^^^^^^^^^^^^^^^^^^^^^^^^^^^^^^^^^^^\n  File "/home/mahmoud/odoo/samayainv/odoo/odoo/http.py", line 412, in dispatch_rpc\n    return dispatch(method, params)\n           ^^^^^^^^^^^^^^^^^^^^^^^^\n  File "/home/mahmoud/odoo/samayainv/odoo/odoo/service/model.py", line 58, in dispatch\n    res = execute_kw(db, uid, *params[3:])\n          ^^^^^^^^^^^^^^^^^^^^^^^^^^^^^^^^\n  File "/home/mahmoud/odoo/samayainv/odoo/odoo/service/model.py", line 81, in execute_kw\n    return execute(db, uid, obj, method, *args, **kw or {})\n           ^^^^^^^^^^^^^^^^^^^^^^^^^^^^^^^^^^^^^^^^^^^^^^^^\n  File "/home/mahmoud/odoo/samayainv/odoo/odoo/service/model.py", line 87, in execute\n    res = execute_cr(cr, uid, obj, method, *args, **kw)\n          ^^^^^^^^^^^^^^^^^^^^^^^^^^^^^^^^^^^^^^^^^^^^^\n  File "/home/mahmoud/odoo/samayainv/odoo/odoo/service/model.py", line 71, in execute_cr\n    get_public_method(recs, method)  # Don\'t use the result, call_kw will redo the getattr\n    ^^^^^^^^^^^^^^^^^^^^^^^^^^^^^^^\n  File "/home/mahmoud/odoo/samayainv/odoo/odoo/service/model.py", line 38, in get_public_method\n    raise AttributeError(f"The method \'{model._name}.{name}\' does not exist")  # noqa: TRY004\n    ^^^^^^^^^^^^^^^^^^^^^^^^^^^^^^^^^^^^^^^^^^^^^^^^^^^^^^^^^^^^^^^^^^^^^^^^^\nAttributeError: The method \'ir.actions.report.render_qweb_pdf\' does not exist\n'>. Retrying in 0.20s (attempt 1/3)
2025-12-13 22:21:17 | DEBUG    | mcp_server_odoo.services.odoo_service:execute:278 - Executing ir.actions.report.render_qweb_pdf with args=([255], [3847]), kwargs={}
2025-12-13 22:21:17 | ERROR    | mcp_server_odoo.services.odoo_service:execute:293 - Execution failed: <Fault 1: 'Traceback (most recent call last):\n  File "/home/mahmoud/odoo/samayainv/odoo/odoo/addons/base/controllers/rpc.py", line 165, in xmlrpc_2\n    response = self._xmlrpc(service)\n               ^^^^^^^^^^^^^^^^^^^^^\n  File "/home/mahmoud/odoo/samayainv/odoo/odoo/addons/base/controllers/rpc.py", line 139, in _xmlrpc\n    result = dispatch_rpc(service, method, params)\n             ^^^^^^^^^^^^^^^^^^^^^^^^^^^^^^^^^^^^^\n  File "/home/mahmoud/odoo/samayainv/odoo/odoo/http.py", line 412, in dispatch_rpc\n    return dispatch(method, params)\n           ^^^^^^^^^^^^^^^^^^^^^^^^\n  File "/home/mahmoud/odoo/samayainv/odoo/odoo/service/model.py", line 58, in dispatch\n    res = execute_kw(db, uid, *params[3:])\n          ^^^^^^^^^^^^^^^^^^^^^^^^^^^^^^^^\n  File "/home/mahmoud/odoo/samayainv/odoo/odoo/service/model.py", line 81, in execute_kw\n    return execute(db, uid, obj, method, *args, **kw or {})\n           ^^^^^^^^^^^^^^^^^^^^^^^^^^^^^^^^^^^^^^^^^^^^^^^^\n  File "/home/mahmoud/odoo/samayainv/odoo/odoo/service/model.py", line 87, in execute\n    res = execute_cr(cr, uid, obj, method, *args, **kw)\n          ^^^^^^^^^^^^^^^^^^^^^^^^^^^^^^^^^^^^^^^^^^^^^\n  File "/home/mahmoud/odoo/samayainv/odoo/odoo/service/model.py", line 71, in execute_cr\n    get_public_method(recs, method)  # Don\'t use the result, call_kw will redo the getattr\n    ^^^^^^^^^^^^^^^^^^^^^^^^^^^^^^^\n  File "/home/mahmoud/odoo/samayainv/odoo/odoo/service/model.py", line 38, in get_public_method\n    raise AttributeError(f"The method \'{model._name}.{name}\' does not exist")  # noqa: TRY004\n    ^^^^^^^^^^^^^^^^^^^^^^^^^^^^^^^^^^^^^^^^^^^^^^^^^^^^^^^^^^^^^^^^^^^^^^^^^\nAttributeError: The method \'ir.actions.report.render_qweb_pdf\' does not exist\n'>
2025-12-13 22:21:17 | WARNING  | mcp_server_odoo.services.odoo_service:_execute_with_retry:307 - Retryable error (odoo_fault): <Fault 1: 'Traceback (most recent call last):\n  File "/home/mahmoud/odoo/samayainv/odoo/odoo/addons/base/controllers/rpc.py", line 165, in xmlrpc_2\n    response = self._xmlrpc(service)\n               ^^^^^^^^^^^^^^^^^^^^^\n  File "/home/mahmoud/odoo/samayainv/odoo/odoo/addons/base/controllers/rpc.py", line 139, in _xmlrpc\n    result = dispatch_rpc(service, method, params)\n             ^^^^^^^^^^^^^^^^^^^^^^^^^^^^^^^^^^^^^\n  File "/home/mahmoud/odoo/samayainv/odoo/odoo/http.py", line 412, in dispatch_rpc\n    return dispatch(method, params)\n           ^^^^^^^^^^^^^^^^^^^^^^^^\n  File "/home/mahmoud/odoo/samayainv/odoo/odoo/service/model.py", line 58, in dispatch\n    res = execute_kw(db, uid, *params[3:])\n          ^^^^^^^^^^^^^^^^^^^^^^^^^^^^^^^^\n  File "/home/mahmoud/odoo/samayainv/odoo/odoo/service/model.py", line 81, in execute_kw\n    return execute(db, uid, obj, method, *args, **kw or {})\n           ^^^^^^^^^^^^^^^^^^^^^^^^^^^^^^^^^^^^^^^^^^^^^^^^\n  File "/home/mahmoud/odoo/samayainv/odoo/odoo/service/model.py", line 87, in execute\n    res = execute_cr(cr, uid, obj, method, *args, **kw)\n          ^^^^^^^^^^^^^^^^^^^^^^^^^^^^^^^^^^^^^^^^^^^^^\n  File "/home/mahmoud/odoo/samayainv/odoo/odoo/service/model.py", line 71, in execute_cr\n    get_public_method(recs, method)  # Don\'t use the result, call_kw will redo the getattr\n    ^^^^^^^^^^^^^^^^^^^^^^^^^^^^^^^\n  File "/home/mahmoud/odoo/samayainv/odoo/odoo/service/model.py", line 38, in get_public_method\n    raise AttributeError(f"The method \'{model._name}.{name}\' does not exist")  # noqa: TRY004\n    ^^^^^^^^^^^^^^^^^^^^^^^^^^^^^^^^^^^^^^^^^^^^^^^^^^^^^^^^^^^^^^^^^^^^^^^^^\nAttributeError: The method \'ir.actions.report.render_qweb_pdf\' does not exist\n'>. Retrying in 0.40s (attempt 2/3)
2025-12-13 22:21:18 | DEBUG    | mcp_server_odoo.services.odoo_service:execute:278 - Executing ir.actions.report.render_qweb_pdf with args=([255], [3847]), kwargs={}
2025-12-13 22:21:18 | ERROR    | mcp_server_odoo.services.odoo_service:execute:293 - Execution failed: <Fault 1: 'Traceback (most recent call last):\n  File "/home/mahmoud/odoo/samayainv/odoo/odoo/addons/base/controllers/rpc.py", line 165, in xmlrpc_2\n    response = self._xmlrpc(service)\n               ^^^^^^^^^^^^^^^^^^^^^\n  File "/home/mahmoud/odoo/samayainv/odoo/odoo/addons/base/controllers/rpc.py", line 139, in _xmlrpc\n    result = dispatch_rpc(service, method, params)\n             ^^^^^^^^^^^^^^^^^^^^^^^^^^^^^^^^^^^^^\n  File "/home/mahmoud/odoo/samayainv/odoo/odoo/http.py", line 412, in dispatch_rpc\n    return dispatch(method, params)\n           ^^^^^^^^^^^^^^^^^^^^^^^^\n  File "/home/mahmoud/odoo/samayainv/odoo/odoo/service/model.py", line 58, in dispatch\n    res = execute_kw(db, uid, *params[3:])\n          ^^^^^^^^^^^^^^^^^^^^^^^^^^^^^^^^\n  File "/home/mahmoud/odoo/samayainv/odoo/odoo/service/model.py", line 81, in execute_kw\n    return execute(db, uid, obj, method, *args, **kw or {})\n           ^^^^^^^^^^^^^^^^^^^^^^^^^^^^^^^^^^^^^^^^^^^^^^^^\n  File "/home/mahmoud/odoo/samayainv/odoo/odoo/service/model.py", line 87, in execute\n    res = execute_cr(cr, uid, obj, method, *args, **kw)\n          ^^^^^^^^^^^^^^^^^^^^^^^^^^^^^^^^^^^^^^^^^^^^^\n  File "/home/mahmoud/odoo/samayainv/odoo/odoo/service/model.py", line 71, in execute_cr\n    get_public_method(recs, method)  # Don\'t use the result, call_kw will redo the getattr\n    ^^^^^^^^^^^^^^^^^^^^^^^^^^^^^^^\n  File "/home/mahmoud/odoo/samayainv/odoo/odoo/service/model.py", line 38, in get_public_method\n    raise AttributeError(f"The method \'{model._name}.{name}\' does not exist")  # noqa: TRY004\n    ^^^^^^^^^^^^^^^^^^^^^^^^^^^^^^^^^^^^^^^^^^^^^^^^^^^^^^^^^^^^^^^^^^^^^^^^^\nAttributeError: The method \'ir.actions.report.render_qweb_pdf\' does not exist\n'>
2025-12-13 22:21:18 | ERROR    | mcp_server_odoo.http_server:mcp_endpoint:991 - Error calling tool generate_report: Replacement index 0 out of range for positional args tuple
2025-12-13 22:47:58 | INFO     | mcp_server_odoo.http_server:mcp_endpoint:900 - MCP request: tools/call (streaming: False)
2025-12-13 22:47:58 | INFO     | mcp_server_odoo.http_server:call_tool:408 - Tool called: search_records with arguments: {'model': 'sale.order', 'fields': ['id', 'name'], 'limit': 1, 'order': 'id desc'}
2025-12-13 22:47:58 | INFO     | mcp_server_odoo.http_server:call_tool:500 - Searching records in sale.order with domain: []
2025-12-13 22:47:58 | DEBUG    | mcp_server_odoo.services.cache_service:_cleanup_expired:51 - Cleaned up 4 expired cache entries
2025-12-13 22:47:58 | DEBUG    | mcp_server_odoo.services.cache_service:get:89 - Cache hit: model_list
2025-12-13 22:47:58 | DEBUG    | mcp_server_odoo.services.cache_service:get:89 - Cache hit: model_list
2025-12-13 22:47:58 | DEBUG    | mcp_server_odoo.services.cache_service:get:89 - Cache hit: fields_get|sale.order|None|None
2025-12-13 22:47:58 | DEBUG    | mcp_server_odoo.services.cache_service:get:81 - Cache miss: search_read|sale.order|[]|['id', 'name']|0|1|id desc
2025-12-13 22:47:58 | DEBUG    | mcp_server_odoo.services.odoo_service:execute:278 - Executing sale.order.search_read with args=([],), kwargs={'offset': 0, 'fields': ['id', 'name'], 'limit': 1, 'order': 'id desc'}
2025-12-13 22:47:59 | DEBUG    | mcp_server_odoo.services.odoo_service:execute:290 - Execution successful, result type: <class 'list'>
2025-12-13 22:47:59 | DEBUG    | mcp_server_odoo.services.cache_service:set:105 - Cache set: search_read|sale.order|[]|['id', 'name']|0|1|id desc (TTL: 300s)
2025-12-13 22:47:59 | INFO     | mcp_server_odoo.http_server:mcp_endpoint:900 - MCP request: tools/call (streaming: False)
2025-12-13 22:47:59 | INFO     | mcp_server_odoo.http_server:call_tool:408 - Tool called: search_records with arguments: {'model': 'account.move', 'domain': [['move_type', '=', 'out_invoice'], ['state', '!=', 'cancel']], 'fields': ['id', 'name'], 'limit': 1, 'order': 'id desc'}
2025-12-13 22:47:59 | INFO     | mcp_server_odoo.http_server:call_tool:500 - Searching records in account.move with domain: [['move_type', '=', 'out_invoice'], ['state', '!=', 'cancel']]
2025-12-13 22:47:59 | DEBUG    | mcp_server_odoo.services.cache_service:get:89 - Cache hit: model_list
2025-12-13 22:47:59 | DEBUG    | mcp_server_odoo.services.cache_service:get:89 - Cache hit: model_list
2025-12-13 22:47:59 | DEBUG    | mcp_server_odoo.services.cache_service:get:89 - Cache hit: fields_get|account.move|None|None
2025-12-13 22:47:59 | DEBUG    | mcp_server_odoo.services.cache_service:get:89 - Cache hit: model_list
2025-12-13 22:47:59 | DEBUG    | mcp_server_odoo.services.cache_service:get:89 - Cache hit: fields_get|account.move|None|None
2025-12-13 22:47:59 | DEBUG    | mcp_server_odoo.services.cache_service:get:81 - Cache miss: search_read|account.move|[['move_type', '=', 'out_invoice'], ['state', '!=', 'cancel']]|['id', 'name']|0|1|id desc
2025-12-13 22:47:59 | DEBUG    | mcp_server_odoo.services.odoo_service:execute:278 - Executing account.move.search_read with args=([['move_type', '=', 'out_invoice'], ['state', '!=', 'cancel']],), kwargs={'offset': 0, 'fields': ['id', 'name'], 'limit': 1, 'order': 'id desc'}
2025-12-13 22:47:59 | DEBUG    | mcp_server_odoo.services.odoo_service:execute:290 - Execution successful, result type: <class 'list'>
2025-12-13 22:47:59 | DEBUG    | mcp_server_odoo.services.cache_service:set:105 - Cache set: search_read|account.move|[['move_type', '=', 'out_invoice'], ['state', '!=', 'cancel']]|['id', 'name']|0|1|id desc (TTL: 300s)
2025-12-13 22:47:59 | INFO     | mcp_server_odoo.http_server:mcp_endpoint:900 - MCP request: tools/call (streaming: False)
2025-12-13 22:47:59 | INFO     | mcp_server_odoo.http_server:call_tool:408 - Tool called: generate_report with arguments: {'report_name': 'sale.report_saleorder', 'ids': [63]}
2025-12-13 22:47:59 | INFO     | mcp_server_odoo.http_server:call_tool:673 - Generating report sale.report_saleorder for IDs: [63]
2025-12-13 22:47:59 | DEBUG    | mcp_server_odoo.services.cache_service:get:89 - Cache hit: model_list
2025-12-13 22:47:59 | DEBUG    | mcp_server_odoo.services.cache_service:get:89 - Cache hit: model_list
2025-12-13 22:47:59 | DEBUG    | mcp_server_odoo.services.cache_service:get:89 - Cache hit: fields_get|ir.actions.report|None|None
2025-12-13 22:47:59 | DEBUG    | mcp_server_odoo.services.cache_service:get:89 - Cache hit: model_list
2025-12-13 22:47:59 | DEBUG    | mcp_server_odoo.services.cache_service:get:89 - Cache hit: fields_get|ir.actions.report|None|None
2025-12-13 22:47:59 | DEBUG    | mcp_server_odoo.services.cache_service:get:81 - Cache miss: search_read|ir.actions.report|[['report_type', '=', 'qweb-pdf']]|['id', 'name', 'report_name', 'model', 'report_type']|0|None|None
2025-12-13 22:47:59 | DEBUG    | mcp_server_odoo.services.odoo_service:execute:278 - Executing ir.actions.report.search_read with args=([['report_type', '=', 'qweb-pdf']],), kwargs={'offset': 0, 'fields': ['id', 'name', 'report_name', 'model', 'report_type']}
2025-12-13 22:47:59 | DEBUG    | mcp_server_odoo.services.odoo_service:execute:290 - Execution successful, result type: <class 'list'>
2025-12-13 22:47:59 | DEBUG    | mcp_server_odoo.services.cache_service:set:105 - Cache set: search_read|ir.actions.report|[['report_type', '=', 'qweb-pdf']]|['id', 'name', 'report_name', 'model', 'report_type']|0|None|None (TTL: 300s)
2025-12-13 22:47:59 | WARNING  | mcp_server_odoo.services.odoo_service:_execute_with_retry:307 - Retryable error (odoo_fault): <Fault 1: 'Traceback (most recent call last):\n  File "/home/mahmoud/odoo/samayainv/odoo/odoo/addons/base/controllers/rpc.py", line 165, in xmlrpc_2\n    response = self._xmlrpc(service)\n               ^^^^^^^^^^^^^^^^^^^^^\n  File "/home/mahmoud/odoo/samayainv/odoo/odoo/addons/base/controllers/rpc.py", line 139, in _xmlrpc\n    result = dispatch_rpc(service, method, params)\n             ^^^^^^^^^^^^^^^^^^^^^^^^^^^^^^^^^^^^^\n  File "/home/mahmoud/odoo/samayainv/odoo/odoo/http.py", line 411, in dispatch_rpc\n    dispatch = rpc_dispatchers[service_name]\n               ~~~~~~~~~~~~~~~^^^^^^^^^^^^^^\nKeyError: \'report\'\n'>. Retrying in 0.20s (attempt 1/3)
2025-12-13 22:47:59 | WARNING  | mcp_server_odoo.services.odoo_service:_execute_with_retry:307 - Retryable error (odoo_fault): <Fault 1: 'Traceback (most recent call last):\n  File "/home/mahmoud/odoo/samayainv/odoo/odoo/addons/base/controllers/rpc.py", line 165, in xmlrpc_2\n    response = self._xmlrpc(service)\n               ^^^^^^^^^^^^^^^^^^^^^\n  File "/home/mahmoud/odoo/samayainv/odoo/odoo/addons/base/controllers/rpc.py", line 139, in _xmlrpc\n    result = dispatch_rpc(service, method, params)\n             ^^^^^^^^^^^^^^^^^^^^^^^^^^^^^^^^^^^^^\n  File "/home/mahmoud/odoo/samayainv/odoo/odoo/http.py", line 411, in dispatch_rpc\n    dispatch = rpc_dispatchers[service_name]\n               ~~~~~~~~~~~~~~~^^^^^^^^^^^^^^\nKeyError: \'report\'\n'>. Retrying in 0.40s (attempt 2/3)
2025-12-13 22:47:59 | DEBUG    | mcp_server_odoo.services.odoo_service:execute:278 - Executing report.report.render_report with args=([63], 'sale.report_saleorder'), kwargs={}
2025-12-13 22:47:59 | ERROR    | mcp_server_odoo.services.odoo_service:execute:293 - Execution failed: <Fault 2: "Object report.report doesn't exist">
2025-12-13 22:47:59 | WARNING  | mcp_server_odoo.services.odoo_service:_execute_with_retry:307 - Retryable error (odoo_fault): <Fault 2: "Object report.report doesn't exist">. Retrying in 0.20s (attempt 1/3)
2025-12-13 22:48:00 | DEBUG    | mcp_server_odoo.services.odoo_service:execute:278 - Executing report.report.render_report with args=([63], 'sale.report_saleorder'), kwargs={}
2025-12-13 22:48:00 | ERROR    | mcp_server_odoo.services.odoo_service:execute:293 - Execution failed: <Fault 2: "Object report.report doesn't exist">
2025-12-13 22:48:00 | WARNING  | mcp_server_odoo.services.odoo_service:_execute_with_retry:307 - Retryable error (odoo_fault): <Fault 2: "Object report.report doesn't exist">. Retrying in 0.40s (attempt 2/3)
2025-12-13 22:48:00 | DEBUG    | mcp_server_odoo.services.odoo_service:execute:278 - Executing report.report.render_report with args=([63], 'sale.report_saleorder'), kwargs={}
2025-12-13 22:48:00 | ERROR    | mcp_server_odoo.services.odoo_service:execute:293 - Execution failed: <Fault 2: "Object report.report doesn't exist">
2025-12-13 22:48:00 | DEBUG    | mcp_server_odoo.services.odoo_service:execute:278 - Executing report.report.get_pdf with args=([63], 'sale.report_saleorder'), kwargs={}
2025-12-13 22:48:00 | ERROR    | mcp_server_odoo.services.odoo_service:execute:293 - Execution failed: <Fault 2: "Object report.report doesn't exist">
2025-12-13 22:48:00 | WARNING  | mcp_server_odoo.services.odoo_service:_execute_with_retry:307 - Retryable error (odoo_fault): <Fault 2: "Object report.report doesn't exist">. Retrying in 0.20s (attempt 1/3)
2025-12-13 22:48:00 | DEBUG    | mcp_server_odoo.services.odoo_service:execute:278 - Executing report.report.get_pdf with args=([63], 'sale.report_saleorder'), kwargs={}
2025-12-13 22:48:00 | ERROR    | mcp_server_odoo.services.odoo_service:execute:293 - Execution failed: <Fault 2: "Object report.report doesn't exist">
2025-12-13 22:48:00 | WARNING  | mcp_server_odoo.services.odoo_service:_execute_with_retry:307 - Retryable error (odoo_fault): <Fault 2: "Object report.report doesn't exist">. Retrying in 0.40s (attempt 2/3)
2025-12-13 22:48:01 | DEBUG    | mcp_server_odoo.services.odoo_service:execute:278 - Executing report.report.get_pdf with args=([63], 'sale.report_saleorder'), kwargs={}
2025-12-13 22:48:01 | ERROR    | mcp_server_odoo.services.odoo_service:execute:293 - Execution failed: <Fault 2: "Object report.report doesn't exist">
2025-12-13 22:48:01 | DEBUG    | mcp_server_odoo.services.odoo_service:execute:278 - Executing ir.actions.report.render_qweb_pdf with args=([831], [63]), kwargs={}
2025-12-13 22:48:01 | ERROR    | mcp_server_odoo.services.odoo_service:execute:293 - Execution failed: <Fault 1: 'Traceback (most recent call last):\n  File "/home/mahmoud/odoo/samayainv/odoo/odoo/addons/base/controllers/rpc.py", line 165, in xmlrpc_2\n    response = self._xmlrpc(service)\n               ^^^^^^^^^^^^^^^^^^^^^\n  File "/home/mahmoud/odoo/samayainv/odoo/odoo/addons/base/controllers/rpc.py", line 139, in _xmlrpc\n    result = dispatch_rpc(service, method, params)\n             ^^^^^^^^^^^^^^^^^^^^^^^^^^^^^^^^^^^^^\n  File "/home/mahmoud/odoo/samayainv/odoo/odoo/http.py", line 412, in dispatch_rpc\n    return dispatch(method, params)\n           ^^^^^^^^^^^^^^^^^^^^^^^^\n  File "/home/mahmoud/odoo/samayainv/odoo/odoo/service/model.py", line 58, in dispatch\n    res = execute_kw(db, uid, *params[3:])\n          ^^^^^^^^^^^^^^^^^^^^^^^^^^^^^^^^\n  File "/home/mahmoud/odoo/samayainv/odoo/odoo/service/model.py", line 81, in execute_kw\n    return execute(db, uid, obj, method, *args, **kw or {})\n           ^^^^^^^^^^^^^^^^^^^^^^^^^^^^^^^^^^^^^^^^^^^^^^^^\n  File "/home/mahmoud/odoo/samayainv/odoo/odoo/service/model.py", line 87, in execute\n    res = execute_cr(cr, uid, obj, method, *args, **kw)\n          ^^^^^^^^^^^^^^^^^^^^^^^^^^^^^^^^^^^^^^^^^^^^^\n  File "/home/mahmoud/odoo/samayainv/odoo/odoo/service/model.py", line 71, in execute_cr\n    get_public_method(recs, method)  # Don\'t use the result, call_kw will redo the getattr\n    ^^^^^^^^^^^^^^^^^^^^^^^^^^^^^^^\n  File "/home/mahmoud/odoo/samayainv/odoo/odoo/service/model.py", line 38, in get_public_method\n    raise AttributeError(f"The method \'{model._name}.{name}\' does not exist")  # noqa: TRY004\n    ^^^^^^^^^^^^^^^^^^^^^^^^^^^^^^^^^^^^^^^^^^^^^^^^^^^^^^^^^^^^^^^^^^^^^^^^^\nAttributeError: The method \'ir.actions.report.render_qweb_pdf\' does not exist\n'>
2025-12-13 22:48:01 | WARNING  | mcp_server_odoo.services.odoo_service:_execute_with_retry:307 - Retryable error (odoo_fault): <Fault 1: 'Traceback (most recent call last):\n  File "/home/mahmoud/odoo/samayainv/odoo/odoo/addons/base/controllers/rpc.py", line 165, in xmlrpc_2\n    response = self._xmlrpc(service)\n               ^^^^^^^^^^^^^^^^^^^^^\n  File "/home/mahmoud/odoo/samayainv/odoo/odoo/addons/base/controllers/rpc.py", line 139, in _xmlrpc\n    result = dispatch_rpc(service, method, params)\n             ^^^^^^^^^^^^^^^^^^^^^^^^^^^^^^^^^^^^^\n  File "/home/mahmoud/odoo/samayainv/odoo/odoo/http.py", line 412, in dispatch_rpc\n    return dispatch(method, params)\n           ^^^^^^^^^^^^^^^^^^^^^^^^\n  File "/home/mahmoud/odoo/samayainv/odoo/odoo/service/model.py", line 58, in dispatch\n    res = execute_kw(db, uid, *params[3:])\n          ^^^^^^^^^^^^^^^^^^^^^^^^^^^^^^^^\n  File "/home/mahmoud/odoo/samayainv/odoo/odoo/service/model.py", line 81, in execute_kw\n    return execute(db, uid, obj, method, *args, **kw or {})\n           ^^^^^^^^^^^^^^^^^^^^^^^^^^^^^^^^^^^^^^^^^^^^^^^^\n  File "/home/mahmoud/odoo/samayainv/odoo/odoo/service/model.py", line 87, in execute\n    res = execute_cr(cr, uid, obj, method, *args, **kw)\n          ^^^^^^^^^^^^^^^^^^^^^^^^^^^^^^^^^^^^^^^^^^^^^\n  File "/home/mahmoud/odoo/samayainv/odoo/odoo/service/model.py", line 71, in execute_cr\n    get_public_method(recs, method)  # Don\'t use the result, call_kw will redo the getattr\n    ^^^^^^^^^^^^^^^^^^^^^^^^^^^^^^^\n  File "/home/mahmoud/odoo/samayainv/odoo/odoo/service/model.py", line 38, in get_public_method\n    raise AttributeError(f"The method \'{model._name}.{name}\' does not exist")  # noqa: TRY004\n    ^^^^^^^^^^^^^^^^^^^^^^^^^^^^^^^^^^^^^^^^^^^^^^^^^^^^^^^^^^^^^^^^^^^^^^^^^\nAttributeError: The method \'ir.actions.report.render_qweb_pdf\' does not exist\n'>. Retrying in 0.20s (attempt 1/3)
2025-12-13 22:48:01 | DEBUG    | mcp_server_odoo.services.odoo_service:execute:278 - Executing ir.actions.report.render_qweb_pdf with args=([831], [63]), kwargs={}
2025-12-13 22:48:01 | ERROR    | mcp_server_odoo.services.odoo_service:execute:293 - Execution failed: <Fault 1: 'Traceback (most recent call last):\n  File "/home/mahmoud/odoo/samayainv/odoo/odoo/addons/base/controllers/rpc.py", line 165, in xmlrpc_2\n    response = self._xmlrpc(service)\n               ^^^^^^^^^^^^^^^^^^^^^\n  File "/home/mahmoud/odoo/samayainv/odoo/odoo/addons/base/controllers/rpc.py", line 139, in _xmlrpc\n    result = dispatch_rpc(service, method, params)\n             ^^^^^^^^^^^^^^^^^^^^^^^^^^^^^^^^^^^^^\n  File "/home/mahmoud/odoo/samayainv/odoo/odoo/http.py", line 412, in dispatch_rpc\n    return dispatch(method, params)\n           ^^^^^^^^^^^^^^^^^^^^^^^^\n  File "/home/mahmoud/odoo/samayainv/odoo/odoo/service/model.py", line 58, in dispatch\n    res = execute_kw(db, uid, *params[3:])\n          ^^^^^^^^^^^^^^^^^^^^^^^^^^^^^^^^\n  File "/home/mahmoud/odoo/samayainv/odoo/odoo/service/model.py", line 81, in execute_kw\n    return execute(db, uid, obj, method, *args, **kw or {})\n           ^^^^^^^^^^^^^^^^^^^^^^^^^^^^^^^^^^^^^^^^^^^^^^^^\n  File "/home/mahmoud/odoo/samayainv/odoo/odoo/service/model.py", line 87, in execute\n    res = execute_cr(cr, uid, obj, method, *args, **kw)\n          ^^^^^^^^^^^^^^^^^^^^^^^^^^^^^^^^^^^^^^^^^^^^^\n  File "/home/mahmoud/odoo/samayainv/odoo/odoo/service/model.py", line 71, in execute_cr\n    get_public_method(recs, method)  # Don\'t use the result, call_kw will redo the getattr\n    ^^^^^^^^^^^^^^^^^^^^^^^^^^^^^^^\n  File "/home/mahmoud/odoo/samayainv/odoo/odoo/service/model.py", line 38, in get_public_method\n    raise AttributeError(f"The method \'{model._name}.{name}\' does not exist")  # noqa: TRY004\n    ^^^^^^^^^^^^^^^^^^^^^^^^^^^^^^^^^^^^^^^^^^^^^^^^^^^^^^^^^^^^^^^^^^^^^^^^^\nAttributeError: The method \'ir.actions.report.render_qweb_pdf\' does not exist\n'>
2025-12-13 22:48:01 | WARNING  | mcp_server_odoo.services.odoo_service:_execute_with_retry:307 - Retryable error (odoo_fault): <Fault 1: 'Traceback (most recent call last):\n  File "/home/mahmoud/odoo/samayainv/odoo/odoo/addons/base/controllers/rpc.py", line 165, in xmlrpc_2\n    response = self._xmlrpc(service)\n               ^^^^^^^^^^^^^^^^^^^^^\n  File "/home/mahmoud/odoo/samayainv/odoo/odoo/addons/base/controllers/rpc.py", line 139, in _xmlrpc\n    result = dispatch_rpc(service, method, params)\n             ^^^^^^^^^^^^^^^^^^^^^^^^^^^^^^^^^^^^^\n  File "/home/mahmoud/odoo/samayainv/odoo/odoo/http.py", line 412, in dispatch_rpc\n    return dispatch(method, params)\n           ^^^^^^^^^^^^^^^^^^^^^^^^\n  File "/home/mahmoud/odoo/samayainv/odoo/odoo/service/model.py", line 58, in dispatch\n    res = execute_kw(db, uid, *params[3:])\n          ^^^^^^^^^^^^^^^^^^^^^^^^^^^^^^^^\n  File "/home/mahmoud/odoo/samayainv/odoo/odoo/service/model.py", line 81, in execute_kw\n    return execute(db, uid, obj, method, *args, **kw or {})\n           ^^^^^^^^^^^^^^^^^^^^^^^^^^^^^^^^^^^^^^^^^^^^^^^^\n  File "/home/mahmoud/odoo/samayainv/odoo/odoo/service/model.py", line 87, in execute\n    res = execute_cr(cr, uid, obj, method, *args, **kw)\n          ^^^^^^^^^^^^^^^^^^^^^^^^^^^^^^^^^^^^^^^^^^^^^\n  File "/home/mahmoud/odoo/samayainv/odoo/odoo/service/model.py", line 71, in execute_cr\n    get_public_method(recs, method)  # Don\'t use the result, call_kw will redo the getattr\n    ^^^^^^^^^^^^^^^^^^^^^^^^^^^^^^^\n  File "/home/mahmoud/odoo/samayainv/odoo/odoo/service/model.py", line 38, in get_public_method\n    raise AttributeError(f"The method \'{model._name}.{name}\' does not exist")  # noqa: TRY004\n    ^^^^^^^^^^^^^^^^^^^^^^^^^^^^^^^^^^^^^^^^^^^^^^^^^^^^^^^^^^^^^^^^^^^^^^^^^\nAttributeError: The method \'ir.actions.report.render_qweb_pdf\' does not exist\n'>. Retrying in 0.40s (attempt 2/3)
2025-12-13 22:48:01 | DEBUG    | mcp_server_odoo.services.odoo_service:execute:278 - Executing ir.actions.report.render_qweb_pdf with args=([831], [63]), kwargs={}
2025-12-13 22:48:01 | ERROR    | mcp_server_odoo.services.odoo_service:execute:293 - Execution failed: <Fault 1: 'Traceback (most recent call last):\n  File "/home/mahmoud/odoo/samayainv/odoo/odoo/addons/base/controllers/rpc.py", line 165, in xmlrpc_2\n    response = self._xmlrpc(service)\n               ^^^^^^^^^^^^^^^^^^^^^\n  File "/home/mahmoud/odoo/samayainv/odoo/odoo/addons/base/controllers/rpc.py", line 139, in _xmlrpc\n    result = dispatch_rpc(service, method, params)\n             ^^^^^^^^^^^^^^^^^^^^^^^^^^^^^^^^^^^^^\n  File "/home/mahmoud/odoo/samayainv/odoo/odoo/http.py", line 412, in dispatch_rpc\n    return dispatch(method, params)\n           ^^^^^^^^^^^^^^^^^^^^^^^^\n  File "/home/mahmoud/odoo/samayainv/odoo/odoo/service/model.py", line 58, in dispatch\n    res = execute_kw(db, uid, *params[3:])\n          ^^^^^^^^^^^^^^^^^^^^^^^^^^^^^^^^\n  File "/home/mahmoud/odoo/samayainv/odoo/odoo/service/model.py", line 81, in execute_kw\n    return execute(db, uid, obj, method, *args, **kw or {})\n           ^^^^^^^^^^^^^^^^^^^^^^^^^^^^^^^^^^^^^^^^^^^^^^^^\n  File "/home/mahmoud/odoo/samayainv/odoo/odoo/service/model.py", line 87, in execute\n    res = execute_cr(cr, uid, obj, method, *args, **kw)\n          ^^^^^^^^^^^^^^^^^^^^^^^^^^^^^^^^^^^^^^^^^^^^^\n  File "/home/mahmoud/odoo/samayainv/odoo/odoo/service/model.py", line 71, in execute_cr\n    get_public_method(recs, method)  # Don\'t use the result, call_kw will redo the getattr\n    ^^^^^^^^^^^^^^^^^^^^^^^^^^^^^^^\n  File "/home/mahmoud/odoo/samayainv/odoo/odoo/service/model.py", line 38, in get_public_method\n    raise AttributeError(f"The method \'{model._name}.{name}\' does not exist")  # noqa: TRY004\n    ^^^^^^^^^^^^^^^^^^^^^^^^^^^^^^^^^^^^^^^^^^^^^^^^^^^^^^^^^^^^^^^^^^^^^^^^^\nAttributeError: The method \'ir.actions.report.render_qweb_pdf\' does not exist\n'>
2025-12-13 22:48:01 | ERROR    | mcp_server_odoo.http_server:mcp_endpoint:991 - Error calling tool generate_report: Replacement index 0 out of range for positional args tuple
2025-12-13 22:48:01 | INFO     | mcp_server_odoo.http_server:mcp_endpoint:900 - MCP request: tools/call (streaming: False)
2025-12-13 22:48:01 | INFO     | mcp_server_odoo.http_server:call_tool:408 - Tool called: generate_report with arguments: {'report_name': 'account.report_invoice', 'ids': [3847]}
2025-12-13 22:48:01 | INFO     | mcp_server_odoo.http_server:call_tool:673 - Generating report account.report_invoice for IDs: [3847]
2025-12-13 22:48:01 | DEBUG    | mcp_server_odoo.services.cache_service:get:89 - Cache hit: model_list
2025-12-13 22:48:01 | DEBUG    | mcp_server_odoo.services.cache_service:get:89 - Cache hit: model_list
2025-12-13 22:48:01 | DEBUG    | mcp_server_odoo.services.cache_service:get:89 - Cache hit: fields_get|ir.actions.report|None|None
2025-12-13 22:48:01 | DEBUG    | mcp_server_odoo.services.cache_service:get:89 - Cache hit: model_list
2025-12-13 22:48:01 | DEBUG    | mcp_server_odoo.services.cache_service:get:89 - Cache hit: fields_get|ir.actions.report|None|None
2025-12-13 22:48:01 | DEBUG    | mcp_server_odoo.services.cache_service:get:89 - Cache hit: search_read|ir.actions.report|[['report_type', '=', 'qweb-pdf']]|['id', 'name', 'report_name', 'model', 'report_type']|0|None|None
2025-12-13 22:48:01 | WARNING  | mcp_server_odoo.services.odoo_service:_execute_with_retry:307 - Retryable error (odoo_fault): <Fault 1: 'Traceback (most recent call last):\n  File "/home/mahmoud/odoo/samayainv/odoo/odoo/addons/base/controllers/rpc.py", line 165, in xmlrpc_2\n    response = self._xmlrpc(service)\n               ^^^^^^^^^^^^^^^^^^^^^\n  File "/home/mahmoud/odoo/samayainv/odoo/odoo/addons/base/controllers/rpc.py", line 139, in _xmlrpc\n    result = dispatch_rpc(service, method, params)\n             ^^^^^^^^^^^^^^^^^^^^^^^^^^^^^^^^^^^^^\n  File "/home/mahmoud/odoo/samayainv/odoo/odoo/http.py", line 411, in dispatch_rpc\n    dispatch = rpc_dispatchers[service_name]\n               ~~~~~~~~~~~~~~~^^^^^^^^^^^^^^\nKeyError: \'report\'\n'>. Retrying in 0.20s (attempt 1/3)
2025-12-13 22:48:01 | WARNING  | mcp_server_odoo.services.odoo_service:_execute_with_retry:307 - Retryable error (odoo_fault): <Fault 1: 'Traceback (most recent call last):\n  File "/home/mahmoud/odoo/samayainv/odoo/odoo/addons/base/controllers/rpc.py", line 165, in xmlrpc_2\n    response = self._xmlrpc(service)\n               ^^^^^^^^^^^^^^^^^^^^^\n  File "/home/mahmoud/odoo/samayainv/odoo/odoo/addons/base/controllers/rpc.py", line 139, in _xmlrpc\n    result = dispatch_rpc(service, method, params)\n             ^^^^^^^^^^^^^^^^^^^^^^^^^^^^^^^^^^^^^\n  File "/home/mahmoud/odoo/samayainv/odoo/odoo/http.py", line 411, in dispatch_rpc\n    dispatch = rpc_dispatchers[service_name]\n               ~~~~~~~~~~~~~~~^^^^^^^^^^^^^^\nKeyError: \'report\'\n'>. Retrying in 0.40s (attempt 2/3)
2025-12-13 22:48:02 | DEBUG    | mcp_server_odoo.services.odoo_service:execute:278 - Executing report.report.render_report with args=([3847], 'account.report_invoice'), kwargs={}
2025-12-13 22:48:02 | ERROR    | mcp_server_odoo.services.odoo_service:execute:293 - Execution failed: <Fault 2: "Object report.report doesn't exist">
2025-12-13 22:48:02 | WARNING  | mcp_server_odoo.services.odoo_service:_execute_with_retry:307 - Retryable error (odoo_fault): <Fault 2: "Object report.report doesn't exist">. Retrying in 0.20s (attempt 1/3)
2025-12-13 22:48:02 | DEBUG    | mcp_server_odoo.services.odoo_service:execute:278 - Executing report.report.render_report with args=([3847], 'account.report_invoice'), kwargs={}
2025-12-13 22:48:02 | ERROR    | mcp_server_odoo.services.odoo_service:execute:293 - Execution failed: <Fault 2: "Object report.report doesn't exist">
2025-12-13 22:48:02 | WARNING  | mcp_server_odoo.services.odoo_service:_execute_with_retry:307 - Retryable error (odoo_fault): <Fault 2: "Object report.report doesn't exist">. Retrying in 0.40s (attempt 2/3)
2025-12-13 22:48:03 | DEBUG    | mcp_server_odoo.services.odoo_service:execute:278 - Executing report.report.render_report with args=([3847], 'account.report_invoice'), kwargs={}
2025-12-13 22:48:03 | ERROR    | mcp_server_odoo.services.odoo_service:execute:293 - Execution failed: <Fault 2: "Object report.report doesn't exist">
2025-12-13 22:48:03 | DEBUG    | mcp_server_odoo.services.odoo_service:execute:278 - Executing report.report.get_pdf with args=([3847], 'account.report_invoice'), kwargs={}
2025-12-13 22:48:03 | ERROR    | mcp_server_odoo.services.odoo_service:execute:293 - Execution failed: <Fault 2: "Object report.report doesn't exist">
2025-12-13 22:48:03 | WARNING  | mcp_server_odoo.services.odoo_service:_execute_with_retry:307 - Retryable error (odoo_fault): <Fault 2: "Object report.report doesn't exist">. Retrying in 0.20s (attempt 1/3)
2025-12-13 22:48:03 | DEBUG    | mcp_server_odoo.services.odoo_service:execute:278 - Executing report.report.get_pdf with args=([3847], 'account.report_invoice'), kwargs={}
2025-12-13 22:48:03 | ERROR    | mcp_server_odoo.services.odoo_service:execute:293 - Execution failed: <Fault 2: "Object report.report doesn't exist">
2025-12-13 22:48:03 | WARNING  | mcp_server_odoo.services.odoo_service:_execute_with_retry:307 - Retryable error (odoo_fault): <Fault 2: "Object report.report doesn't exist">. Retrying in 0.40s (attempt 2/3)
2025-12-13 22:48:03 | DEBUG    | mcp_server_odoo.services.odoo_service:execute:278 - Executing report.report.get_pdf with args=([3847], 'account.report_invoice'), kwargs={}
2025-12-13 22:48:03 | ERROR    | mcp_server_odoo.services.odoo_service:execute:293 - Execution failed: <Fault 2: "Object report.report doesn't exist">
2025-12-13 22:48:03 | DEBUG    | mcp_server_odoo.services.odoo_service:execute:278 - Executing ir.actions.report.render_qweb_pdf with args=([255], [3847]), kwargs={}
2025-12-13 22:48:03 | ERROR    | mcp_server_odoo.services.odoo_service:execute:293 - Execution failed: <Fault 1: 'Traceback (most recent call last):\n  File "/home/mahmoud/odoo/samayainv/odoo/odoo/addons/base/controllers/rpc.py", line 165, in xmlrpc_2\n    response = self._xmlrpc(service)\n               ^^^^^^^^^^^^^^^^^^^^^\n  File "/home/mahmoud/odoo/samayainv/odoo/odoo/addons/base/controllers/rpc.py", line 139, in _xmlrpc\n    result = dispatch_rpc(service, method, params)\n             ^^^^^^^^^^^^^^^^^^^^^^^^^^^^^^^^^^^^^\n  File "/home/mahmoud/odoo/samayainv/odoo/odoo/http.py", line 412, in dispatch_rpc\n    return dispatch(method, params)\n           ^^^^^^^^^^^^^^^^^^^^^^^^\n  File "/home/mahmoud/odoo/samayainv/odoo/odoo/service/model.py", line 58, in dispatch\n    res = execute_kw(db, uid, *params[3:])\n          ^^^^^^^^^^^^^^^^^^^^^^^^^^^^^^^^\n  File "/home/mahmoud/odoo/samayainv/odoo/odoo/service/model.py", line 81, in execute_kw\n    return execute(db, uid, obj, method, *args, **kw or {})\n           ^^^^^^^^^^^^^^^^^^^^^^^^^^^^^^^^^^^^^^^^^^^^^^^^\n  File "/home/mahmoud/odoo/samayainv/odoo/odoo/service/model.py", line 87, in execute\n    res = execute_cr(cr, uid, obj, method, *args, **kw)\n          ^^^^^^^^^^^^^^^^^^^^^^^^^^^^^^^^^^^^^^^^^^^^^\n  File "/home/mahmoud/odoo/samayainv/odoo/odoo/service/model.py", line 71, in execute_cr\n    get_public_method(recs, method)  # Don\'t use the result, call_kw will redo the getattr\n    ^^^^^^^^^^^^^^^^^^^^^^^^^^^^^^^\n  File "/home/mahmoud/odoo/samayainv/odoo/odoo/service/model.py", line 38, in get_public_method\n    raise AttributeError(f"The method \'{model._name}.{name}\' does not exist")  # noqa: TRY004\n    ^^^^^^^^^^^^^^^^^^^^^^^^^^^^^^^^^^^^^^^^^^^^^^^^^^^^^^^^^^^^^^^^^^^^^^^^^\nAttributeError: The method \'ir.actions.report.render_qweb_pdf\' does not exist\n'>
2025-12-13 22:48:03 | WARNING  | mcp_server_odoo.services.odoo_service:_execute_with_retry:307 - Retryable error (odoo_fault): <Fault 1: 'Traceback (most recent call last):\n  File "/home/mahmoud/odoo/samayainv/odoo/odoo/addons/base/controllers/rpc.py", line 165, in xmlrpc_2\n    response = self._xmlrpc(service)\n               ^^^^^^^^^^^^^^^^^^^^^\n  File "/home/mahmoud/odoo/samayainv/odoo/odoo/addons/base/controllers/rpc.py", line 139, in _xmlrpc\n    result = dispatch_rpc(service, method, params)\n             ^^^^^^^^^^^^^^^^^^^^^^^^^^^^^^^^^^^^^\n  File "/home/mahmoud/odoo/samayainv/odoo/odoo/http.py", line 412, in dispatch_rpc\n    return dispatch(method, params)\n           ^^^^^^^^^^^^^^^^^^^^^^^^\n  File "/home/mahmoud/odoo/samayainv/odoo/odoo/service/model.py", line 58, in dispatch\n    res = execute_kw(db, uid, *params[3:])\n          ^^^^^^^^^^^^^^^^^^^^^^^^^^^^^^^^\n  File "/home/mahmoud/odoo/samayainv/odoo/odoo/service/model.py", line 81, in execute_kw\n    return execute(db, uid, obj, method, *args, **kw or {})\n           ^^^^^^^^^^^^^^^^^^^^^^^^^^^^^^^^^^^^^^^^^^^^^^^^\n  File "/home/mahmoud/odoo/samayainv/odoo/odoo/service/model.py", line 87, in execute\n    res = execute_cr(cr, uid, obj, method, *args, **kw)\n          ^^^^^^^^^^^^^^^^^^^^^^^^^^^^^^^^^^^^^^^^^^^^^\n  File "/home/mahmoud/odoo/samayainv/odoo/odoo/service/model.py", line 71, in execute_cr\n    get_public_method(recs, method)  # Don\'t use the result, call_kw will redo the getattr\n    ^^^^^^^^^^^^^^^^^^^^^^^^^^^^^^^\n  File "/home/mahmoud/odoo/samayainv/odoo/odoo/service/model.py", line 38, in get_public_method\n    raise AttributeError(f"The method \'{model._name}.{name}\' does not exist")  # noqa: TRY004\n    ^^^^^^^^^^^^^^^^^^^^^^^^^^^^^^^^^^^^^^^^^^^^^^^^^^^^^^^^^^^^^^^^^^^^^^^^^\nAttributeError: The method \'ir.actions.report.render_qweb_pdf\' does not exist\n'>. Retrying in 0.20s (attempt 1/3)
2025-12-13 22:48:03 | DEBUG    | mcp_server_odoo.services.odoo_service:execute:278 - Executing ir.actions.report.render_qweb_pdf with args=([255], [3847]), kwargs={}
2025-12-13 22:48:03 | ERROR    | mcp_server_odoo.services.odoo_service:execute:293 - Execution failed: <Fault 1: 'Traceback (most recent call last):\n  File "/home/mahmoud/odoo/samayainv/odoo/odoo/addons/base/controllers/rpc.py", line 165, in xmlrpc_2\n    response = self._xmlrpc(service)\n               ^^^^^^^^^^^^^^^^^^^^^\n  File "/home/mahmoud/odoo/samayainv/odoo/odoo/addons/base/controllers/rpc.py", line 139, in _xmlrpc\n    result = dispatch_rpc(service, method, params)\n             ^^^^^^^^^^^^^^^^^^^^^^^^^^^^^^^^^^^^^\n  File "/home/mahmoud/odoo/samayainv/odoo/odoo/http.py", line 412, in dispatch_rpc\n    return dispatch(method, params)\n           ^^^^^^^^^^^^^^^^^^^^^^^^\n  File "/home/mahmoud/odoo/samayainv/odoo/odoo/service/model.py", line 58, in dispatch\n    res = execute_kw(db, uid, *params[3:])\n          ^^^^^^^^^^^^^^^^^^^^^^^^^^^^^^^^\n  File "/home/mahmoud/odoo/samayainv/odoo/odoo/service/model.py", line 81, in execute_kw\n    return execute(db, uid, obj, method, *args, **kw or {})\n           ^^^^^^^^^^^^^^^^^^^^^^^^^^^^^^^^^^^^^^^^^^^^^^^^\n  File "/home/mahmoud/odoo/samayainv/odoo/odoo/service/model.py", line 87, in execute\n    res = execute_cr(cr, uid, obj, method, *args, **kw)\n          ^^^^^^^^^^^^^^^^^^^^^^^^^^^^^^^^^^^^^^^^^^^^^\n  File "/home/mahmoud/odoo/samayainv/odoo/odoo/service/model.py", line 71, in execute_cr\n    get_public_method(recs, method)  # Don\'t use the result, call_kw will redo the getattr\n    ^^^^^^^^^^^^^^^^^^^^^^^^^^^^^^^\n  File "/home/mahmoud/odoo/samayainv/odoo/odoo/service/model.py", line 38, in get_public_method\n    raise AttributeError(f"The method \'{model._name}.{name}\' does not exist")  # noqa: TRY004\n    ^^^^^^^^^^^^^^^^^^^^^^^^^^^^^^^^^^^^^^^^^^^^^^^^^^^^^^^^^^^^^^^^^^^^^^^^^\nAttributeError: The method \'ir.actions.report.render_qweb_pdf\' does not exist\n'>
2025-12-13 22:48:03 | WARNING  | mcp_server_odoo.services.odoo_service:_execute_with_retry:307 - Retryable error (odoo_fault): <Fault 1: 'Traceback (most recent call last):\n  File "/home/mahmoud/odoo/samayainv/odoo/odoo/addons/base/controllers/rpc.py", line 165, in xmlrpc_2\n    response = self._xmlrpc(service)\n               ^^^^^^^^^^^^^^^^^^^^^\n  File "/home/mahmoud/odoo/samayainv/odoo/odoo/addons/base/controllers/rpc.py", line 139, in _xmlrpc\n    result = dispatch_rpc(service, method, params)\n             ^^^^^^^^^^^^^^^^^^^^^^^^^^^^^^^^^^^^^\n  File "/home/mahmoud/odoo/samayainv/odoo/odoo/http.py", line 412, in dispatch_rpc\n    return dispatch(method, params)\n           ^^^^^^^^^^^^^^^^^^^^^^^^\n  File "/home/mahmoud/odoo/samayainv/odoo/odoo/service/model.py", line 58, in dispatch\n    res = execute_kw(db, uid, *params[3:])\n          ^^^^^^^^^^^^^^^^^^^^^^^^^^^^^^^^\n  File "/home/mahmoud/odoo/samayainv/odoo/odoo/service/model.py", line 81, in execute_kw\n    return execute(db, uid, obj, method, *args, **kw or {})\n           ^^^^^^^^^^^^^^^^^^^^^^^^^^^^^^^^^^^^^^^^^^^^^^^^\n  File "/home/mahmoud/odoo/samayainv/odoo/odoo/service/model.py", line 87, in execute\n    res = execute_cr(cr, uid, obj, method, *args, **kw)\n          ^^^^^^^^^^^^^^^^^^^^^^^^^^^^^^^^^^^^^^^^^^^^^\n  File "/home/mahmoud/odoo/samayainv/odoo/odoo/service/model.py", line 71, in execute_cr\n    get_public_method(recs, method)  # Don\'t use the result, call_kw will redo the getattr\n    ^^^^^^^^^^^^^^^^^^^^^^^^^^^^^^^\n  File "/home/mahmoud/odoo/samayainv/odoo/odoo/service/model.py", line 38, in get_public_method\n    raise AttributeError(f"The method \'{model._name}.{name}\' does not exist")  # noqa: TRY004\n    ^^^^^^^^^^^^^^^^^^^^^^^^^^^^^^^^^^^^^^^^^^^^^^^^^^^^^^^^^^^^^^^^^^^^^^^^^\nAttributeError: The method \'ir.actions.report.render_qweb_pdf\' does not exist\n'>. Retrying in 0.40s (attempt 2/3)
2025-12-13 22:48:04 | DEBUG    | mcp_server_odoo.services.odoo_service:execute:278 - Executing ir.actions.report.render_qweb_pdf with args=([255], [3847]), kwargs={}
2025-12-13 22:48:04 | ERROR    | mcp_server_odoo.services.odoo_service:execute:293 - Execution failed: <Fault 1: 'Traceback (most recent call last):\n  File "/home/mahmoud/odoo/samayainv/odoo/odoo/addons/base/controllers/rpc.py", line 165, in xmlrpc_2\n    response = self._xmlrpc(service)\n               ^^^^^^^^^^^^^^^^^^^^^\n  File "/home/mahmoud/odoo/samayainv/odoo/odoo/addons/base/controllers/rpc.py", line 139, in _xmlrpc\n    result = dispatch_rpc(service, method, params)\n             ^^^^^^^^^^^^^^^^^^^^^^^^^^^^^^^^^^^^^\n  File "/home/mahmoud/odoo/samayainv/odoo/odoo/http.py", line 412, in dispatch_rpc\n    return dispatch(method, params)\n           ^^^^^^^^^^^^^^^^^^^^^^^^\n  File "/home/mahmoud/odoo/samayainv/odoo/odoo/service/model.py", line 58, in dispatch\n    res = execute_kw(db, uid, *params[3:])\n          ^^^^^^^^^^^^^^^^^^^^^^^^^^^^^^^^\n  File "/home/mahmoud/odoo/samayainv/odoo/odoo/service/model.py", line 81, in execute_kw\n    return execute(db, uid, obj, method, *args, **kw or {})\n           ^^^^^^^^^^^^^^^^^^^^^^^^^^^^^^^^^^^^^^^^^^^^^^^^\n  File "/home/mahmoud/odoo/samayainv/odoo/odoo/service/model.py", line 87, in execute\n    res = execute_cr(cr, uid, obj, method, *args, **kw)\n          ^^^^^^^^^^^^^^^^^^^^^^^^^^^^^^^^^^^^^^^^^^^^^\n  File "/home/mahmoud/odoo/samayainv/odoo/odoo/service/model.py", line 71, in execute_cr\n    get_public_method(recs, method)  # Don\'t use the result, call_kw will redo the getattr\n    ^^^^^^^^^^^^^^^^^^^^^^^^^^^^^^^\n  File "/home/mahmoud/odoo/samayainv/odoo/odoo/service/model.py", line 38, in get_public_method\n    raise AttributeError(f"The method \'{model._name}.{name}\' does not exist")  # noqa: TRY004\n    ^^^^^^^^^^^^^^^^^^^^^^^^^^^^^^^^^^^^^^^^^^^^^^^^^^^^^^^^^^^^^^^^^^^^^^^^^\nAttributeError: The method \'ir.actions.report.render_qweb_pdf\' does not exist\n'>
2025-12-13 22:48:04 | ERROR    | mcp_server_odoo.http_server:mcp_endpoint:991 - Error calling tool generate_report: Replacement index 0 out of range for positional args tuple
2025-12-13 22:50:20 | INFO     | mcp_server_odoo.http_server:lifespan:809 - Shutting down Odoo MCP HTTP Server...
2025-12-13 22:50:21 | INFO     | mcp_server_odoo.http_server:lifespan:798 - Starting Odoo MCP HTTP Server...
2025-12-13 22:50:21 | INFO     | mcp_server_odoo.services.cache_service:__init__:34 - Cache service initialized - enabled: True, TTL: 300s, max_size: 1000
2025-12-13 22:50:21 | INFO     | mcp_server_odoo.services.odoo_service:__init__:71 - Odoo service initialized for http://host.docker.internal:8069/samayainv (version=18.0, endpoint_mode=xmlrpc2)
2025-12-13 22:50:21 | DEBUG    | mcp_server_odoo.services.cache_service:get:81 - Cache miss: auth:admin:samayainv
2025-12-13 22:50:21 | INFO     | mcp_server_odoo.services.odoo_service:authenticate:244 - Authenticating with Odoo...
2025-12-13 22:50:21 | DEBUG    | mcp_server_odoo.services.cache_service:set:105 - Cache set: auth:admin:samayainv (TTL: 3600s)
2025-12-13 22:50:21 | INFO     | mcp_server_odoo.services.odoo_service:authenticate:265 - Authentication successful, user ID: 2
2025-12-13 22:50:21 | INFO     | mcp_server_odoo.http_server:lifespan:803 - Odoo connection test successful
2025-12-13 22:50:54 | INFO     | mcp_server_odoo.http_server:mcp_endpoint:900 - MCP request: tools/call (streaming: False)
2025-12-13 22:50:54 | INFO     | mcp_server_odoo.http_server:call_tool:408 - Tool called: search_records with arguments: {'model': 'sale.order', 'fields': ['id', 'name'], 'limit': 1, 'order': 'id desc'}
2025-12-13 22:50:54 | INFO     | mcp_server_odoo.http_server:call_tool:500 - Searching records in sale.order with domain: []
2025-12-13 22:50:54 | DEBUG    | mcp_server_odoo.services.cache_service:get:81 - Cache miss: model_list
2025-12-13 22:50:54 | DEBUG    | mcp_server_odoo.services.cache_service:get:81 - Cache miss: fields_get|ir.model|None|None
2025-12-13 22:50:54 | DEBUG    | mcp_server_odoo.services.odoo_service:execute:279 - Executing ir.model.fields_get with args=(), kwargs={}
2025-12-13 22:50:54 | DEBUG    | mcp_server_odoo.services.odoo_service:execute:291 - Execution successful, result type: <class 'dict'>
2025-12-13 22:50:54 | DEBUG    | mcp_server_odoo.services.cache_service:set:105 - Cache set: fields_get|ir.model|None|None (TTL: 3600s)
2025-12-13 22:50:54 | DEBUG    | mcp_server_odoo.services.cache_service:get:81 - Cache miss: search_read|ir.model|[]|['model', 'name', 'transient']|0|None|None
2025-12-13 22:50:54 | DEBUG    | mcp_server_odoo.services.odoo_service:execute:279 - Executing ir.model.search_read with args=([],), kwargs={'offset': 0, 'fields': ['model', 'name', 'transient']}
2025-12-13 22:50:54 | DEBUG    | mcp_server_odoo.services.odoo_service:execute:291 - Execution successful, result type: <class 'list'>
2025-12-13 22:50:54 | DEBUG    | mcp_server_odoo.services.cache_service:set:105 - Cache set: search_read|ir.model|[]|['model', 'name', 'transient']|0|None|None (TTL: 300s)
2025-12-13 22:50:54 | DEBUG    | mcp_server_odoo.services.cache_service:set:105 - Cache set: model_list (TTL: 3600s)
2025-12-13 22:50:54 | DEBUG    | mcp_server_odoo.services.cache_service:get:89 - Cache hit: model_list
2025-12-13 22:50:54 | DEBUG    | mcp_server_odoo.services.cache_service:get:81 - Cache miss: fields_get|sale.order|None|None
2025-12-13 22:50:54 | DEBUG    | mcp_server_odoo.services.odoo_service:execute:279 - Executing sale.order.fields_get with args=(), kwargs={}
2025-12-13 22:50:54 | DEBUG    | mcp_server_odoo.services.odoo_service:execute:291 - Execution successful, result type: <class 'dict'>
2025-12-13 22:50:54 | DEBUG    | mcp_server_odoo.services.cache_service:set:105 - Cache set: fields_get|sale.order|None|None (TTL: 3600s)
2025-12-13 22:50:54 | DEBUG    | mcp_server_odoo.services.cache_service:get:81 - Cache miss: search_read|sale.order|[]|['id', 'name']|0|1|id desc
2025-12-13 22:50:54 | DEBUG    | mcp_server_odoo.services.odoo_service:execute:279 - Executing sale.order.search_read with args=([],), kwargs={'offset': 0, 'fields': ['id', 'name'], 'limit': 1, 'order': 'id desc'}
2025-12-13 22:50:54 | DEBUG    | mcp_server_odoo.services.odoo_service:execute:291 - Execution successful, result type: <class 'list'>
2025-12-13 22:50:54 | DEBUG    | mcp_server_odoo.services.cache_service:set:105 - Cache set: search_read|sale.order|[]|['id', 'name']|0|1|id desc (TTL: 300s)
2025-12-13 22:50:54 | INFO     | mcp_server_odoo.http_server:mcp_endpoint:900 - MCP request: tools/call (streaming: False)
2025-12-13 22:50:54 | INFO     | mcp_server_odoo.http_server:call_tool:408 - Tool called: search_records with arguments: {'model': 'account.move', 'domain': [['move_type', '=', 'out_invoice'], ['state', '!=', 'cancel']], 'fields': ['id', 'name'], 'limit': 1, 'order': 'id desc'}
2025-12-13 22:50:54 | INFO     | mcp_server_odoo.http_server:call_tool:500 - Searching records in account.move with domain: [['move_type', '=', 'out_invoice'], ['state', '!=', 'cancel']]
2025-12-13 22:50:54 | DEBUG    | mcp_server_odoo.services.cache_service:get:89 - Cache hit: model_list
2025-12-13 22:50:54 | DEBUG    | mcp_server_odoo.services.cache_service:get:89 - Cache hit: model_list
2025-12-13 22:50:54 | DEBUG    | mcp_server_odoo.services.cache_service:get:81 - Cache miss: fields_get|account.move|None|None
2025-12-13 22:50:54 | DEBUG    | mcp_server_odoo.services.odoo_service:execute:279 - Executing account.move.fields_get with args=(), kwargs={}
2025-12-13 22:50:54 | DEBUG    | mcp_server_odoo.services.odoo_service:execute:291 - Execution successful, result type: <class 'dict'>
2025-12-13 22:50:54 | DEBUG    | mcp_server_odoo.services.cache_service:set:105 - Cache set: fields_get|account.move|None|None (TTL: 3600s)
2025-12-13 22:50:54 | DEBUG    | mcp_server_odoo.services.cache_service:get:89 - Cache hit: model_list
2025-12-13 22:50:54 | DEBUG    | mcp_server_odoo.services.cache_service:get:89 - Cache hit: fields_get|account.move|None|None
2025-12-13 22:50:54 | DEBUG    | mcp_server_odoo.services.cache_service:get:81 - Cache miss: search_read|account.move|[['move_type', '=', 'out_invoice'], ['state', '!=', 'cancel']]|['id', 'name']|0|1|id desc
2025-12-13 22:50:54 | DEBUG    | mcp_server_odoo.services.odoo_service:execute:279 - Executing account.move.search_read with args=([['move_type', '=', 'out_invoice'], ['state', '!=', 'cancel']],), kwargs={'offset': 0, 'fields': ['id', 'name'], 'limit': 1, 'order': 'id desc'}
2025-12-13 22:50:54 | DEBUG    | mcp_server_odoo.services.odoo_service:execute:291 - Execution successful, result type: <class 'list'>
2025-12-13 22:50:54 | DEBUG    | mcp_server_odoo.services.cache_service:set:105 - Cache set: search_read|account.move|[['move_type', '=', 'out_invoice'], ['state', '!=', 'cancel']]|['id', 'name']|0|1|id desc (TTL: 300s)
2025-12-13 22:50:54 | INFO     | mcp_server_odoo.http_server:mcp_endpoint:900 - MCP request: tools/call (streaming: False)
2025-12-13 22:50:54 | INFO     | mcp_server_odoo.http_server:call_tool:408 - Tool called: generate_report with arguments: {'report_name': 'sale.report_saleorder', 'ids': [63]}
2025-12-13 22:50:54 | INFO     | mcp_server_odoo.http_server:call_tool:673 - Generating report sale.report_saleorder for IDs: [63]
2025-12-13 22:50:54 | DEBUG    | mcp_server_odoo.services.cache_service:get:89 - Cache hit: model_list
2025-12-13 22:50:54 | DEBUG    | mcp_server_odoo.services.cache_service:get:89 - Cache hit: model_list
2025-12-13 22:50:54 | DEBUG    | mcp_server_odoo.services.cache_service:get:81 - Cache miss: fields_get|ir.actions.report|None|None
2025-12-13 22:50:54 | DEBUG    | mcp_server_odoo.services.odoo_service:execute:279 - Executing ir.actions.report.fields_get with args=(), kwargs={}
2025-12-13 22:50:54 | DEBUG    | mcp_server_odoo.services.odoo_service:execute:291 - Execution successful, result type: <class 'dict'>
2025-12-13 22:50:54 | DEBUG    | mcp_server_odoo.services.cache_service:set:105 - Cache set: fields_get|ir.actions.report|None|None (TTL: 3600s)
2025-12-13 22:50:54 | DEBUG    | mcp_server_odoo.services.cache_service:get:89 - Cache hit: model_list
2025-12-13 22:50:54 | DEBUG    | mcp_server_odoo.services.cache_service:get:89 - Cache hit: fields_get|ir.actions.report|None|None
2025-12-13 22:50:54 | DEBUG    | mcp_server_odoo.services.cache_service:get:81 - Cache miss: search_read|ir.actions.report|[['report_type', '=', 'qweb-pdf']]|['id', 'name', 'report_name', 'model', 'report_type']|0|None|None
2025-12-13 22:50:54 | DEBUG    | mcp_server_odoo.services.odoo_service:execute:279 - Executing ir.actions.report.search_read with args=([['report_type', '=', 'qweb-pdf']],), kwargs={'offset': 0, 'fields': ['id', 'name', 'report_name', 'model', 'report_type']}
2025-12-13 22:50:54 | DEBUG    | mcp_server_odoo.services.odoo_service:execute:291 - Execution successful, result type: <class 'list'>
2025-12-13 22:50:54 | DEBUG    | mcp_server_odoo.services.cache_service:set:105 - Cache set: search_read|ir.actions.report|[['report_type', '=', 'qweb-pdf']]|['id', 'name', 'report_name', 'model', 'report_type']|0|None|None (TTL: 300s)
2025-12-13 22:50:54 | WARNING  | mcp_server_odoo.services.odoo_service:_execute_with_retry:308 - Retryable error (odoo_fault): <Fault 1: 'Traceback (most recent call last):\n  File "/home/mahmoud/odoo/samayainv/odoo/odoo/addons/base/controllers/rpc.py", line 165, in xmlrpc_2\n    response = self._xmlrpc(service)\n               ^^^^^^^^^^^^^^^^^^^^^\n  File "/home/mahmoud/odoo/samayainv/odoo/odoo/addons/base/controllers/rpc.py", line 139, in _xmlrpc\n    result = dispatch_rpc(service, method, params)\n             ^^^^^^^^^^^^^^^^^^^^^^^^^^^^^^^^^^^^^\n  File "/home/mahmoud/odoo/samayainv/odoo/odoo/http.py", line 411, in dispatch_rpc\n    dispatch = rpc_dispatchers[service_name]\n               ~~~~~~~~~~~~~~~^^^^^^^^^^^^^^\nKeyError: \'report\'\n'>. Retrying in 0.20s (attempt 1/3)
2025-12-13 22:50:54 | WARNING  | mcp_server_odoo.services.odoo_service:_execute_with_retry:308 - Retryable error (odoo_fault): <Fault 1: 'Traceback (most recent call last):\n  File "/home/mahmoud/odoo/samayainv/odoo/odoo/addons/base/controllers/rpc.py", line 165, in xmlrpc_2\n    response = self._xmlrpc(service)\n               ^^^^^^^^^^^^^^^^^^^^^\n  File "/home/mahmoud/odoo/samayainv/odoo/odoo/addons/base/controllers/rpc.py", line 139, in _xmlrpc\n    result = dispatch_rpc(service, method, params)\n             ^^^^^^^^^^^^^^^^^^^^^^^^^^^^^^^^^^^^^\n  File "/home/mahmoud/odoo/samayainv/odoo/odoo/http.py", line 411, in dispatch_rpc\n    dispatch = rpc_dispatchers[service_name]\n               ~~~~~~~~~~~~~~~^^^^^^^^^^^^^^\nKeyError: \'report\'\n'>. Retrying in 0.40s (attempt 2/3)
2025-12-13 22:50:54 | DEBUG    | mcp_server_odoo.services.odoo_service:execute:279 - Executing report.report.render_report with args=([63], 'sale.report_saleorder'), kwargs={}
2025-12-13 22:50:54 | ERROR    | mcp_server_odoo.services.odoo_service:execute:294 - Execution failed: <Fault 2: "Object report.report doesn't exist">
2025-12-13 22:50:54 | WARNING  | mcp_server_odoo.services.odoo_service:_execute_with_retry:308 - Retryable error (odoo_fault): <Fault 2: "Object report.report doesn't exist">. Retrying in 0.20s (attempt 1/3)
2025-12-13 22:50:55 | DEBUG    | mcp_server_odoo.services.odoo_service:execute:279 - Executing report.report.render_report with args=([63], 'sale.report_saleorder'), kwargs={}
2025-12-13 22:50:55 | ERROR    | mcp_server_odoo.services.odoo_service:execute:294 - Execution failed: <Fault 2: "Object report.report doesn't exist">
2025-12-13 22:50:55 | WARNING  | mcp_server_odoo.services.odoo_service:_execute_with_retry:308 - Retryable error (odoo_fault): <Fault 2: "Object report.report doesn't exist">. Retrying in 0.40s (attempt 2/3)
2025-12-13 22:50:55 | DEBUG    | mcp_server_odoo.services.odoo_service:execute:279 - Executing report.report.render_report with args=([63], 'sale.report_saleorder'), kwargs={}
2025-12-13 22:50:55 | ERROR    | mcp_server_odoo.services.odoo_service:execute:294 - Execution failed: <Fault 2: "Object report.report doesn't exist">
2025-12-13 22:50:55 | DEBUG    | mcp_server_odoo.services.odoo_service:execute:279 - Executing report.report.get_pdf with args=([63], 'sale.report_saleorder'), kwargs={}
2025-12-13 22:50:55 | ERROR    | mcp_server_odoo.services.odoo_service:execute:294 - Execution failed: <Fault 2: "Object report.report doesn't exist">
2025-12-13 22:50:55 | WARNING  | mcp_server_odoo.services.odoo_service:_execute_with_retry:308 - Retryable error (odoo_fault): <Fault 2: "Object report.report doesn't exist">. Retrying in 0.20s (attempt 1/3)
2025-12-13 22:50:55 | DEBUG    | mcp_server_odoo.services.odoo_service:execute:279 - Executing report.report.get_pdf with args=([63], 'sale.report_saleorder'), kwargs={}
2025-12-13 22:50:55 | ERROR    | mcp_server_odoo.services.odoo_service:execute:294 - Execution failed: <Fault 2: "Object report.report doesn't exist">
2025-12-13 22:50:55 | WARNING  | mcp_server_odoo.services.odoo_service:_execute_with_retry:308 - Retryable error (odoo_fault): <Fault 2: "Object report.report doesn't exist">. Retrying in 0.40s (attempt 2/3)
2025-12-13 22:50:56 | DEBUG    | mcp_server_odoo.services.odoo_service:execute:279 - Executing report.report.get_pdf with args=([63], 'sale.report_saleorder'), kwargs={}
2025-12-13 22:50:56 | ERROR    | mcp_server_odoo.services.odoo_service:execute:294 - Execution failed: <Fault 2: "Object report.report doesn't exist">
2025-12-13 22:50:56 | ERROR    | mcp_server_odoo.http_server:mcp_endpoint:991 - Error calling tool generate_report: "'jsonrpc'"
2025-12-13 22:50:56 | INFO     | mcp_server_odoo.http_server:mcp_endpoint:900 - MCP request: tools/call (streaming: False)
2025-12-13 22:50:56 | INFO     | mcp_server_odoo.http_server:call_tool:408 - Tool called: generate_report with arguments: {'report_name': 'account.report_invoice', 'ids': [3847]}
2025-12-13 22:50:56 | INFO     | mcp_server_odoo.http_server:call_tool:673 - Generating report account.report_invoice for IDs: [3847]
2025-12-13 22:50:56 | DEBUG    | mcp_server_odoo.services.cache_service:get:89 - Cache hit: model_list
2025-12-13 22:50:56 | DEBUG    | mcp_server_odoo.services.cache_service:get:89 - Cache hit: model_list
2025-12-13 22:50:56 | DEBUG    | mcp_server_odoo.services.cache_service:get:89 - Cache hit: fields_get|ir.actions.report|None|None
2025-12-13 22:50:56 | DEBUG    | mcp_server_odoo.services.cache_service:get:89 - Cache hit: model_list
2025-12-13 22:50:56 | DEBUG    | mcp_server_odoo.services.cache_service:get:89 - Cache hit: fields_get|ir.actions.report|None|None
2025-12-13 22:50:56 | DEBUG    | mcp_server_odoo.services.cache_service:get:89 - Cache hit: search_read|ir.actions.report|[['report_type', '=', 'qweb-pdf']]|['id', 'name', 'report_name', 'model', 'report_type']|0|None|None
2025-12-13 22:50:56 | WARNING  | mcp_server_odoo.services.odoo_service:_execute_with_retry:308 - Retryable error (odoo_fault): <Fault 1: 'Traceback (most recent call last):\n  File "/home/mahmoud/odoo/samayainv/odoo/odoo/addons/base/controllers/rpc.py", line 165, in xmlrpc_2\n    response = self._xmlrpc(service)\n               ^^^^^^^^^^^^^^^^^^^^^\n  File "/home/mahmoud/odoo/samayainv/odoo/odoo/addons/base/controllers/rpc.py", line 139, in _xmlrpc\n    result = dispatch_rpc(service, method, params)\n             ^^^^^^^^^^^^^^^^^^^^^^^^^^^^^^^^^^^^^\n  File "/home/mahmoud/odoo/samayainv/odoo/odoo/http.py", line 411, in dispatch_rpc\n    dispatch = rpc_dispatchers[service_name]\n               ~~~~~~~~~~~~~~~^^^^^^^^^^^^^^\nKeyError: \'report\'\n'>. Retrying in 0.20s (attempt 1/3)
2025-12-13 22:50:56 | WARNING  | mcp_server_odoo.services.odoo_service:_execute_with_retry:308 - Retryable error (odoo_fault): <Fault 1: 'Traceback (most recent call last):\n  File "/home/mahmoud/odoo/samayainv/odoo/odoo/addons/base/controllers/rpc.py", line 165, in xmlrpc_2\n    response = self._xmlrpc(service)\n               ^^^^^^^^^^^^^^^^^^^^^\n  File "/home/mahmoud/odoo/samayainv/odoo/odoo/addons/base/controllers/rpc.py", line 139, in _xmlrpc\n    result = dispatch_rpc(service, method, params)\n             ^^^^^^^^^^^^^^^^^^^^^^^^^^^^^^^^^^^^^\n  File "/home/mahmoud/odoo/samayainv/odoo/odoo/http.py", line 411, in dispatch_rpc\n    dispatch = rpc_dispatchers[service_name]\n               ~~~~~~~~~~~~~~~^^^^^^^^^^^^^^\nKeyError: \'report\'\n'>. Retrying in 0.40s (attempt 2/3)
2025-12-13 22:50:57 | DEBUG    | mcp_server_odoo.services.odoo_service:execute:279 - Executing report.report.render_report with args=([3847], 'account.report_invoice'), kwargs={}
2025-12-13 22:50:57 | ERROR    | mcp_server_odoo.services.odoo_service:execute:294 - Execution failed: <Fault 2: "Object report.report doesn't exist">
2025-12-13 22:50:57 | WARNING  | mcp_server_odoo.services.odoo_service:_execute_with_retry:308 - Retryable error (odoo_fault): <Fault 2: "Object report.report doesn't exist">. Retrying in 0.20s (attempt 1/3)
2025-12-13 22:50:57 | DEBUG    | mcp_server_odoo.services.odoo_service:execute:279 - Executing report.report.render_report with args=([3847], 'account.report_invoice'), kwargs={}
2025-12-13 22:50:57 | ERROR    | mcp_server_odoo.services.odoo_service:execute:294 - Execution failed: <Fault 2: "Object report.report doesn't exist">
2025-12-13 22:50:57 | WARNING  | mcp_server_odoo.services.odoo_service:_execute_with_retry:308 - Retryable error (odoo_fault): <Fault 2: "Object report.report doesn't exist">. Retrying in 0.40s (attempt 2/3)
2025-12-13 22:50:58 | DEBUG    | mcp_server_odoo.services.odoo_service:execute:279 - Executing report.report.render_report with args=([3847], 'account.report_invoice'), kwargs={}
2025-12-13 22:50:58 | ERROR    | mcp_server_odoo.services.odoo_service:execute:294 - Execution failed: <Fault 2: "Object report.report doesn't exist">
2025-12-13 22:50:58 | DEBUG    | mcp_server_odoo.services.odoo_service:execute:279 - Executing report.report.get_pdf with args=([3847], 'account.report_invoice'), kwargs={}
2025-12-13 22:50:58 | ERROR    | mcp_server_odoo.services.odoo_service:execute:294 - Execution failed: <Fault 2: "Object report.report doesn't exist">
2025-12-13 22:50:58 | WARNING  | mcp_server_odoo.services.odoo_service:_execute_with_retry:308 - Retryable error (odoo_fault): <Fault 2: "Object report.report doesn't exist">. Retrying in 0.20s (attempt 1/3)
2025-12-13 22:50:58 | DEBUG    | mcp_server_odoo.services.odoo_service:execute:279 - Executing report.report.get_pdf with args=([3847], 'account.report_invoice'), kwargs={}
2025-12-13 22:50:58 | ERROR    | mcp_server_odoo.services.odoo_service:execute:294 - Execution failed: <Fault 2: "Object report.report doesn't exist">
2025-12-13 22:50:58 | WARNING  | mcp_server_odoo.services.odoo_service:_execute_with_retry:308 - Retryable error (odoo_fault): <Fault 2: "Object report.report doesn't exist">. Retrying in 0.40s (attempt 2/3)
2025-12-13 22:50:58 | DEBUG    | mcp_server_odoo.services.odoo_service:execute:279 - Executing report.report.get_pdf with args=([3847], 'account.report_invoice'), kwargs={}
2025-12-13 22:50:58 | ERROR    | mcp_server_odoo.services.odoo_service:execute:294 - Execution failed: <Fault 2: "Object report.report doesn't exist">
2025-12-13 22:50:59 | ERROR    | mcp_server_odoo.http_server:mcp_endpoint:991 - Error calling tool generate_report: "'jsonrpc'"
2025-12-13 22:54:33 | INFO     | mcp_server_odoo.http_server:mcp_endpoint:900 - MCP request: tools/call (streaming: False)
2025-12-13 22:54:33 | INFO     | mcp_server_odoo.http_server:call_tool:408 - Tool called: search_records with arguments: {'model': 'sale.order', 'fields': ['id', 'name'], 'limit': 1, 'order': 'id desc'}
2025-12-13 22:54:33 | INFO     | mcp_server_odoo.http_server:call_tool:500 - Searching records in sale.order with domain: []
2025-12-13 22:54:33 | DEBUG    | mcp_server_odoo.services.cache_service:get:89 - Cache hit: model_list
2025-12-13 22:54:33 | DEBUG    | mcp_server_odoo.services.cache_service:get:89 - Cache hit: model_list
2025-12-13 22:54:33 | DEBUG    | mcp_server_odoo.services.cache_service:get:89 - Cache hit: fields_get|sale.order|None|None
2025-12-13 22:54:33 | DEBUG    | mcp_server_odoo.services.cache_service:get:89 - Cache hit: search_read|sale.order|[]|['id', 'name']|0|1|id desc
2025-12-13 22:54:43 | INFO     | mcp_server_odoo.http_server:mcp_endpoint:900 - MCP request: tools/call (streaming: False)
2025-12-13 22:54:43 | INFO     | mcp_server_odoo.http_server:call_tool:408 - Tool called: search_records with arguments: {'model': 'account.move', 'domain': [['move_type', '=', 'out_invoice'], ['state', '!=', 'cancel']], 'fields': ['id', 'name'], 'limit': 1, 'order': 'id desc'}
2025-12-13 22:54:43 | INFO     | mcp_server_odoo.http_server:call_tool:500 - Searching records in account.move with domain: [['move_type', '=', 'out_invoice'], ['state', '!=', 'cancel']]
2025-12-13 22:54:43 | DEBUG    | mcp_server_odoo.services.cache_service:get:89 - Cache hit: model_list
2025-12-13 22:54:43 | DEBUG    | mcp_server_odoo.services.cache_service:get:89 - Cache hit: model_list
2025-12-13 22:54:43 | DEBUG    | mcp_server_odoo.services.cache_service:get:89 - Cache hit: fields_get|account.move|None|None
2025-12-13 22:54:43 | DEBUG    | mcp_server_odoo.services.cache_service:get:89 - Cache hit: model_list
2025-12-13 22:54:43 | DEBUG    | mcp_server_odoo.services.cache_service:get:89 - Cache hit: fields_get|account.move|None|None
2025-12-13 22:54:43 | DEBUG    | mcp_server_odoo.services.cache_service:get:89 - Cache hit: search_read|account.move|[['move_type', '=', 'out_invoice'], ['state', '!=', 'cancel']]|['id', 'name']|0|1|id desc
2025-12-13 22:54:51 | INFO     | mcp_server_odoo.http_server:mcp_endpoint:900 - MCP request: tools/call (streaming: False)
2025-12-13 22:54:51 | INFO     | mcp_server_odoo.http_server:call_tool:408 - Tool called: generate_report with arguments: {'report_name': 'sale.report_saleorder', 'ids': [63]}
2025-12-13 22:54:51 | INFO     | mcp_server_odoo.http_server:call_tool:673 - Generating report sale.report_saleorder for IDs: [63]
2025-12-13 22:54:51 | DEBUG    | mcp_server_odoo.services.cache_service:get:89 - Cache hit: model_list
2025-12-13 22:54:51 | DEBUG    | mcp_server_odoo.services.cache_service:get:89 - Cache hit: model_list
2025-12-13 22:54:51 | DEBUG    | mcp_server_odoo.services.cache_service:get:89 - Cache hit: fields_get|ir.actions.report|None|None
2025-12-13 22:54:51 | DEBUG    | mcp_server_odoo.services.cache_service:get:89 - Cache hit: model_list
2025-12-13 22:54:51 | DEBUG    | mcp_server_odoo.services.cache_service:get:89 - Cache hit: fields_get|ir.actions.report|None|None
2025-12-13 22:54:51 | DEBUG    | mcp_server_odoo.services.cache_service:get:89 - Cache hit: search_read|ir.actions.report|[['report_type', '=', 'qweb-pdf']]|['id', 'name', 'report_name', 'model', 'report_type']|0|None|None
2025-12-13 22:54:51 | WARNING  | mcp_server_odoo.services.odoo_service:_execute_with_retry:308 - Retryable error (odoo_fault): <Fault 1: 'Traceback (most recent call last):\n  File "/home/mahmoud/odoo/samayainv/odoo/odoo/addons/base/controllers/rpc.py", line 165, in xmlrpc_2\n    response = self._xmlrpc(service)\n               ^^^^^^^^^^^^^^^^^^^^^\n  File "/home/mahmoud/odoo/samayainv/odoo/odoo/addons/base/controllers/rpc.py", line 139, in _xmlrpc\n    result = dispatch_rpc(service, method, params)\n             ^^^^^^^^^^^^^^^^^^^^^^^^^^^^^^^^^^^^^\n  File "/home/mahmoud/odoo/samayainv/odoo/odoo/http.py", line 411, in dispatch_rpc\n    dispatch = rpc_dispatchers[service_name]\n               ~~~~~~~~~~~~~~~^^^^^^^^^^^^^^\nKeyError: \'report\'\n'>. Retrying in 0.20s (attempt 1/3)
2025-12-13 22:54:52 | WARNING  | mcp_server_odoo.services.odoo_service:_execute_with_retry:308 - Retryable error (odoo_fault): <Fault 1: 'Traceback (most recent call last):\n  File "/home/mahmoud/odoo/samayainv/odoo/odoo/addons/base/controllers/rpc.py", line 165, in xmlrpc_2\n    response = self._xmlrpc(service)\n               ^^^^^^^^^^^^^^^^^^^^^\n  File "/home/mahmoud/odoo/samayainv/odoo/odoo/addons/base/controllers/rpc.py", line 139, in _xmlrpc\n    result = dispatch_rpc(service, method, params)\n             ^^^^^^^^^^^^^^^^^^^^^^^^^^^^^^^^^^^^^\n  File "/home/mahmoud/odoo/samayainv/odoo/odoo/http.py", line 411, in dispatch_rpc\n    dispatch = rpc_dispatchers[service_name]\n               ~~~~~~~~~~~~~~~^^^^^^^^^^^^^^\nKeyError: \'report\'\n'>. Retrying in 0.40s (attempt 2/3)
2025-12-13 22:54:52 | DEBUG    | mcp_server_odoo.services.odoo_service:execute:279 - Executing report.report.render_report with args=([63], 'sale.report_saleorder'), kwargs={}
2025-12-13 22:54:52 | ERROR    | mcp_server_odoo.services.odoo_service:execute:294 - Execution failed: <Fault 2: "Object report.report doesn't exist">
2025-12-13 22:54:52 | WARNING  | mcp_server_odoo.services.odoo_service:_execute_with_retry:308 - Retryable error (odoo_fault): <Fault 2: "Object report.report doesn't exist">. Retrying in 0.20s (attempt 1/3)
2025-12-13 22:54:52 | DEBUG    | mcp_server_odoo.services.odoo_service:execute:279 - Executing report.report.render_report with args=([63], 'sale.report_saleorder'), kwargs={}
2025-12-13 22:54:52 | ERROR    | mcp_server_odoo.services.odoo_service:execute:294 - Execution failed: <Fault 2: "Object report.report doesn't exist">
2025-12-13 22:54:52 | WARNING  | mcp_server_odoo.services.odoo_service:_execute_with_retry:308 - Retryable error (odoo_fault): <Fault 2: "Object report.report doesn't exist">. Retrying in 0.40s (attempt 2/3)
2025-12-13 22:54:53 | DEBUG    | mcp_server_odoo.services.odoo_service:execute:279 - Executing report.report.render_report with args=([63], 'sale.report_saleorder'), kwargs={}
2025-12-13 22:54:53 | ERROR    | mcp_server_odoo.services.odoo_service:execute:294 - Execution failed: <Fault 2: "Object report.report doesn't exist">
2025-12-13 22:54:53 | DEBUG    | mcp_server_odoo.services.odoo_service:execute:279 - Executing report.report.get_pdf with args=([63], 'sale.report_saleorder'), kwargs={}
2025-12-13 22:54:53 | ERROR    | mcp_server_odoo.services.odoo_service:execute:294 - Execution failed: <Fault 2: "Object report.report doesn't exist">
2025-12-13 22:54:53 | WARNING  | mcp_server_odoo.services.odoo_service:_execute_with_retry:308 - Retryable error (odoo_fault): <Fault 2: "Object report.report doesn't exist">. Retrying in 0.20s (attempt 1/3)
2025-12-13 22:54:53 | DEBUG    | mcp_server_odoo.services.odoo_service:execute:279 - Executing report.report.get_pdf with args=([63], 'sale.report_saleorder'), kwargs={}
2025-12-13 22:54:53 | ERROR    | mcp_server_odoo.services.odoo_service:execute:294 - Execution failed: <Fault 2: "Object report.report doesn't exist">
2025-12-13 22:54:53 | WARNING  | mcp_server_odoo.services.odoo_service:_execute_with_retry:308 - Retryable error (odoo_fault): <Fault 2: "Object report.report doesn't exist">. Retrying in 0.40s (attempt 2/3)
2025-12-13 22:54:53 | DEBUG    | mcp_server_odoo.services.odoo_service:execute:279 - Executing report.report.get_pdf with args=([63], 'sale.report_saleorder'), kwargs={}
2025-12-13 22:54:53 | ERROR    | mcp_server_odoo.services.odoo_service:execute:294 - Execution failed: <Fault 2: "Object report.report doesn't exist">
2025-12-13 22:54:54 | ERROR    | mcp_server_odoo.http_server:mcp_endpoint:991 - Error calling tool generate_report: "'jsonrpc'"
2025-12-13 22:55:01 | INFO     | mcp_server_odoo.http_server:mcp_endpoint:900 - MCP request: tools/call (streaming: False)
2025-12-13 22:55:01 | INFO     | mcp_server_odoo.http_server:call_tool:408 - Tool called: generate_report with arguments: {'report_name': 'account.report_invoice', 'ids': [3847]}
2025-12-13 22:55:01 | INFO     | mcp_server_odoo.http_server:call_tool:673 - Generating report account.report_invoice for IDs: [3847]
2025-12-13 22:55:01 | DEBUG    | mcp_server_odoo.services.cache_service:get:89 - Cache hit: model_list
2025-12-13 22:55:01 | DEBUG    | mcp_server_odoo.services.cache_service:get:89 - Cache hit: model_list
2025-12-13 22:55:01 | DEBUG    | mcp_server_odoo.services.cache_service:get:89 - Cache hit: fields_get|ir.actions.report|None|None
2025-12-13 22:55:01 | DEBUG    | mcp_server_odoo.services.cache_service:get:89 - Cache hit: model_list
2025-12-13 22:55:01 | DEBUG    | mcp_server_odoo.services.cache_service:get:89 - Cache hit: fields_get|ir.actions.report|None|None
2025-12-13 22:55:01 | DEBUG    | mcp_server_odoo.services.cache_service:get:89 - Cache hit: search_read|ir.actions.report|[['report_type', '=', 'qweb-pdf']]|['id', 'name', 'report_name', 'model', 'report_type']|0|None|None
2025-12-13 22:55:01 | WARNING  | mcp_server_odoo.services.odoo_service:_execute_with_retry:308 - Retryable error (odoo_fault): <Fault 1: 'Traceback (most recent call last):\n  File "/home/mahmoud/odoo/samayainv/odoo/odoo/addons/base/controllers/rpc.py", line 165, in xmlrpc_2\n    response = self._xmlrpc(service)\n               ^^^^^^^^^^^^^^^^^^^^^\n  File "/home/mahmoud/odoo/samayainv/odoo/odoo/addons/base/controllers/rpc.py", line 139, in _xmlrpc\n    result = dispatch_rpc(service, method, params)\n             ^^^^^^^^^^^^^^^^^^^^^^^^^^^^^^^^^^^^^\n  File "/home/mahmoud/odoo/samayainv/odoo/odoo/http.py", line 411, in dispatch_rpc\n    dispatch = rpc_dispatchers[service_name]\n               ~~~~~~~~~~~~~~~^^^^^^^^^^^^^^\nKeyError: \'report\'\n'>. Retrying in 0.20s (attempt 1/3)
2025-12-13 22:55:02 | WARNING  | mcp_server_odoo.services.odoo_service:_execute_with_retry:308 - Retryable error (odoo_fault): <Fault 1: 'Traceback (most recent call last):\n  File "/home/mahmoud/odoo/samayainv/odoo/odoo/addons/base/controllers/rpc.py", line 165, in xmlrpc_2\n    response = self._xmlrpc(service)\n               ^^^^^^^^^^^^^^^^^^^^^\n  File "/home/mahmoud/odoo/samayainv/odoo/odoo/addons/base/controllers/rpc.py", line 139, in _xmlrpc\n    result = dispatch_rpc(service, method, params)\n             ^^^^^^^^^^^^^^^^^^^^^^^^^^^^^^^^^^^^^\n  File "/home/mahmoud/odoo/samayainv/odoo/odoo/http.py", line 411, in dispatch_rpc\n    dispatch = rpc_dispatchers[service_name]\n               ~~~~~~~~~~~~~~~^^^^^^^^^^^^^^\nKeyError: \'report\'\n'>. Retrying in 0.40s (attempt 2/3)
2025-12-13 22:55:02 | DEBUG    | mcp_server_odoo.services.odoo_service:execute:279 - Executing report.report.render_report with args=([3847], 'account.report_invoice'), kwargs={}
2025-12-13 22:55:02 | ERROR    | mcp_server_odoo.services.odoo_service:execute:294 - Execution failed: <Fault 2: "Object report.report doesn't exist">
2025-12-13 22:55:02 | WARNING  | mcp_server_odoo.services.odoo_service:_execute_with_retry:308 - Retryable error (odoo_fault): <Fault 2: "Object report.report doesn't exist">. Retrying in 0.20s (attempt 1/3)
2025-12-13 22:55:02 | DEBUG    | mcp_server_odoo.services.odoo_service:execute:279 - Executing report.report.render_report with args=([3847], 'account.report_invoice'), kwargs={}
2025-12-13 22:55:02 | ERROR    | mcp_server_odoo.services.odoo_service:execute:294 - Execution failed: <Fault 2: "Object report.report doesn't exist">
2025-12-13 22:55:02 | WARNING  | mcp_server_odoo.services.odoo_service:_execute_with_retry:308 - Retryable error (odoo_fault): <Fault 2: "Object report.report doesn't exist">. Retrying in 0.40s (attempt 2/3)
2025-12-13 22:55:03 | DEBUG    | mcp_server_odoo.services.odoo_service:execute:279 - Executing report.report.render_report with args=([3847], 'account.report_invoice'), kwargs={}
2025-12-13 22:55:03 | ERROR    | mcp_server_odoo.services.odoo_service:execute:294 - Execution failed: <Fault 2: "Object report.report doesn't exist">
2025-12-13 22:55:03 | DEBUG    | mcp_server_odoo.services.odoo_service:execute:279 - Executing report.report.get_pdf with args=([3847], 'account.report_invoice'), kwargs={}
2025-12-13 22:55:03 | ERROR    | mcp_server_odoo.services.odoo_service:execute:294 - Execution failed: <Fault 2: "Object report.report doesn't exist">
2025-12-13 22:55:03 | WARNING  | mcp_server_odoo.services.odoo_service:_execute_with_retry:308 - Retryable error (odoo_fault): <Fault 2: "Object report.report doesn't exist">. Retrying in 0.20s (attempt 1/3)
2025-12-13 22:55:03 | DEBUG    | mcp_server_odoo.services.odoo_service:execute:279 - Executing report.report.get_pdf with args=([3847], 'account.report_invoice'), kwargs={}
2025-12-13 22:55:03 | ERROR    | mcp_server_odoo.services.odoo_service:execute:294 - Execution failed: <Fault 2: "Object report.report doesn't exist">
2025-12-13 22:55:03 | WARNING  | mcp_server_odoo.services.odoo_service:_execute_with_retry:308 - Retryable error (odoo_fault): <Fault 2: "Object report.report doesn't exist">. Retrying in 0.40s (attempt 2/3)
2025-12-13 22:55:03 | DEBUG    | mcp_server_odoo.services.odoo_service:execute:279 - Executing report.report.get_pdf with args=([3847], 'account.report_invoice'), kwargs={}
2025-12-13 22:55:03 | ERROR    | mcp_server_odoo.services.odoo_service:execute:294 - Execution failed: <Fault 2: "Object report.report doesn't exist">
2025-12-13 22:55:04 | ERROR    | mcp_server_odoo.http_server:mcp_endpoint:991 - Error calling tool generate_report: "'jsonrpc'"
2025-12-13 22:56:35 | INFO     | mcp_server_odoo.http_server:lifespan:809 - Shutting down Odoo MCP HTTP Server...
